1,532,1
1,1807,1
2,1629,1
2,1734,1
3,4,1
3,19,1
4,3,1
4,566,1
5,322,1
5,1882,1
6,1019,1
6,1884,1
7,1646,1
7,1994,1
8,171,1
8,945,1
9,1062,1
9,1461,1
10,16,1
10,1713,1
11,262,1
11,633,1
12,118,1
12,1199,1
13,347,1
13,1305,1
14,522,1
14,1127,1
15,957,1
15,1952,1
16,10,1
16,695,1
17,18,1
17,1822,1
18,17,1
18,432,1
19,3,1
19,20,1
20,19,1
20,375,1
21,22,1
21,1596,1
22,21,1
22,1084,1
23,1372,1
23,1936,1
24,288,1
24,1668,1
25,329,1
25,1163,1
26,87,1
26,664,1
27,243,1
27,1913,1
28,771,1
28,1829,1
29,1200,1
29,1955,1
30,635,1
30,1114,1
31,1588,1
31,1930,1
32,612,1
32,1700,1
33,654,1
33,1219,1
34,207,1
34,1077,1
35,36,1
35,1760,1
36,35,1
36,1166,1
37,1240,1
37,1899,1
38,444,1
38,1990,1
39,121,1
39,952,1
40,829,1
40,1981,1
41,42,1
41,1902,1
42,41,1
42,96,1
43,93,1
43,1433,1
44,435,1
44,1526,1
45,174,1
45,1993,1
46,121,1
46,852,1
47,216,1
47,1245,1
48,1693,1
48,1964,1
49,1306,1
49,1423,1
50,215,1
50,1220,1
51,1518,1
51,1596,1
52,909,1
52,1685,1
53,331,1
53,471,1
54,1086,1
54,1601,1
55,683,1
55,1995,1
56,1396,1
56,1434,1
57,848,1
57,926,1
58,1740,1
58,1802,1
59,1765,1
59,1837,1
60,1135,1
60,1803,1
61,1804,1
61,1922,1
62,1938,1
62,1973,1
63,1432,1
63,1863,1
64,1529,1
64,1579,1
65,1404,1
65,1962,1
66,141,1
66,698,1
67,842,1
67,1800,1
68,514,1
68,1910,1
69,70,1
69,1776,1
70,69,1
70,580,1
71,1033,1
71,1584,1
72,443,1
72,1946,1
73,779,1
73,951,1
74,1464,1
74,1820,1
75,611,1
75,1823,1
76,817,1
76,1265,1
77,744,1
77,1860,1
78,1594,1
78,1983,1
79,213,1
79,1546,1
80,851,1
80,1604,1
81,1181,1
81,1631,1
82,1233,1
82,1953,1
83,467,1
83,712,1
84,113,1
84,375,1
85,1859,1
85,1989,1
86,931,1
86,1359,1
87,26,1
87,940,1
88,90,1
88,331,1
89,497,1
89,1604,1
90,88,1
90,1885,1
91,182,1
91,1313,1
92,1522,1
92,1987,1
93,43,1
93,142,1
94,440,1
94,787,1
95,994,1
95,1278,1
96,42,1
96,1956,1
97,98,1
97,1501,1
98,97,1
98,1457,1
99,1060,1
99,1136,1
100,1463,1
100,1468,1
101,980,1
101,1857,1
102,1184,1
102,1969,1
103,226,1
103,1974,1
104,406,1
104,1799,1
105,711,1
105,1741,1
106,541,1
106,1155,1
107,481,1
107,1775,1
108,246,1
108,838,1
109,225,1
109,1730,1
110,1955,1
110,1978,1
111,402,1
111,824,1
112,1183,1
112,1878,1
113,84,1
113,1096,1
114,115,1
114,1905,1
115,114,1
115,1572,1
116,181,1
116,920,1
117,398,1
117,1446,1
118,12,1
118,1341,1
119,294,1
119,1473,1
120,719,1
120,874,1
121,39,1
121,46,1
122,123,1
122,1556,1
123,122,1
123,143,1
124,1173,1
124,1431,1
125,1334,1
125,1554,1
126,1635,1
126,1967,1
127,154,1
127,333,1
128,1412,1
128,1688,1
129,1891,1
129,1994,1
130,131,1
130,1482,1
131,130,1
131,1953,1
132,1268,1
132,1869,1
133,778,1
133,1946,1
134,135,1
134,1073,1
135,134,1
135,1979,1
136,1736,1
136,1809,1
137,789,1
137,1903,1
138,1644,1
138,1794,1
139,659,1
139,1984,1
140,1473,1
140,1881,1
141,66,1
141,1564,1
142,93,1
142,1505,1
143,123,1
143,1854,1
144,1478,1
144,1921,1
145,1116,1
145,1847,1
146,900,1
146,963,1
147,1460,1
147,1736,1
148,1057,1
148,1622,1
149,212,1
149,250,1
150,254,1
150,1814,1
151,1872,1
151,1917,1
152,1298,1
152,1794,1
153,465,1
153,1010,1
154,127,1
154,472,1
155,1264,1
155,1884,1
156,596,1
156,1368,1
157,571,1
157,1153,1
158,1603,1
158,1670,1
159,160,1
159,406,1
160,159,1
160,1583,1
161,1880,1
161,1971,1
162,168,1
162,1977,1
163,175,1
163,1574,1
164,727,1
164,1968,1
165,662,1
165,926,1
166,663,1
166,1969,1
167,1866,1
167,1942,1
168,162,1
168,1595,1
169,1449,1
169,1998,1
170,1993,1
170,1995,1
171,8,1
171,459,1
172,1189,1
172,1927,1
173,174,1
173,974,1
174,45,1
174,173,1
175,163,1
175,1876,1
176,445,1
176,1695,1
177,1680,1
177,1824,1
178,1837,1
178,1941,1
179,1345,1
179,1768,1
180,1549,1
180,1709,1
181,116,1
181,458,1
182,91,1
182,1589,1
183,1420,1
183,1716,1
184,1050,1
184,1087,1
185,372,1
185,1513,1
186,1347,1
186,1979,1
187,1003,1
187,1734,1
188,1501,1
188,1923,1
189,792,1
189,1497,1
190,704,1
190,1869,1
191,774,1
191,1302,1
192,328,1
192,1773,1
193,1841,1
193,1892,1
194,199,1
194,721,1
195,1792,1
195,1933,1
196,1474,1
196,1997,1
197,767,1
197,1662,1
198,392,1
198,1375,1
199,194,1
199,1933,1
200,438,1
200,482,1
201,373,1
201,1835,1
202,698,1
202,1976,1
203,204,1
203,1962,1
204,203,1
204,1138,1
205,1535,1
205,1877,1
206,273,1
206,1392,1
207,34,1
207,1544,1
208,513,1
208,1790,1
209,221,1
209,1101,1
210,1009,1
210,1996,1
211,836,1
211,1806,1
212,149,1
212,760,1
213,79,1
213,226,1
214,1386,1
214,1939,1
215,50,1
215,815,1
216,47,1
216,1057,1
217,892,1
217,997,1
218,673,1
218,796,1
219,220,1
219,800,1
220,219,1
220,1705,1
221,209,1
221,1810,1
222,1466,1
222,1977,1
223,764,1
223,1886,1
224,281,1
224,1671,1
225,109,1
225,529,1
226,103,1
226,213,1
227,1445,1
227,1979,1
228,236,1
228,1907,1
229,1491,1
229,1555,1
230,1059,1
230,1688,1
231,572,1
231,1753,1
232,615,1
232,924,1
233,1791,1
233,1943,1
234,1714,1
234,1889,1
235,604,1
235,1640,1
236,228,1
236,1482,1
237,1314,1
237,1971,1
238,1305,1
238,1929,1
239,797,1
239,1239,1
240,754,1
240,1499,1
241,1215,1
241,1540,1
242,327,1
242,1915,1
243,27,1
243,1465,1
244,1965,1
244,1968,1
245,279,1
245,1732,1
246,108,1
246,646,1
247,263,1
247,1493,1
248,1142,1
248,1388,1
249,357,1
249,1591,1
250,149,1
250,317,1
251,293,1
251,1912,1
252,469,1
252,1472,1
253,784,1
253,1627,1
254,150,1
254,1998,1
255,280,1
255,1797,1
256,742,1
256,1283,1
257,419,1
257,1542,1
258,1208,1
258,1408,1
259,1467,1
259,1913,1
260,1287,1
260,1681,1
261,1509,1
261,1586,1
262,11,1
262,1045,1
263,247,1
263,1965,1
264,567,1
264,1627,1
265,1732,1
265,1960,1
266,328,1
266,1464,1
267,275,1
267,860,1
268,1857,1
268,1909,1
269,340,1
269,1170,1
270,334,1
270,1500,1
271,850,1
271,1868,1
272,883,1
272,1188,1
273,206,1
273,1371,1
274,801,1
274,1996,1
275,267,1
275,557,1
276,341,1
276,518,1
277,747,1
277,1682,1
278,279,1
278,1959,1
279,245,1
279,278,1
280,255,1
280,713,1
281,224,1
281,1887,1
282,1682,1
282,1886,1
283,984,1
283,1887,1
284,460,1
284,896,1
285,1272,1
285,1981,1
286,371,1
286,1795,1
287,472,1
287,1291,1
288,24,1
288,1248,1
289,665,1
289,1484,1
290,1128,1
290,1413,1
291,637,1
291,1739,1
292,650,1
292,1846,1
293,251,1
293,1229,1
294,119,1
294,1374,1
295,998,1
295,1873,1
296,1119,1
296,1168,1
297,1726,1
297,1986,1
298,1263,1
298,1471,1
299,968,1
299,1717,1
300,1554,1
300,1873,1
301,302,1
301,1721,1
302,301,1
302,1727,1
303,503,1
303,1292,1
304,1058,1
304,1984,1
305,1569,1
305,1754,1
306,1926,1
306,1998,1
307,952,1
307,1703,1
308,419,1
308,1071,1
309,1426,1
309,1987,1
310,513,1
310,1748,1
311,1921,1
311,1962,1
312,1767,1
312,1890,1
313,864,1
313,1436,1
314,1358,1
314,1720,1
315,1067,1
315,1643,1
316,1356,1
316,1843,1
317,250,1
317,1711,1
318,1699,1
318,1747,1
319,768,1
319,1986,1
320,606,1
320,1804,1
321,1195,1
321,1970,1
322,5,1
322,975,1
323,1512,1
323,1978,1
324,628,1
324,901,1
325,1782,1
325,1956,1
326,934,1
326,1140,1
327,242,1
327,1615,1
328,192,1
328,266,1
329,25,1
329,1378,1
330,1407,1
330,1756,1
331,53,1
331,88,1
332,1918,1
332,1928,1
333,127,1
333,709,1
334,270,1
334,1034,1
335,396,1
335,1876,1
336,1710,1
336,1814,1
337,1774,1
337,1907,1
338,736,1
338,1883,1
339,340,1
339,370,1
340,269,1
340,339,1
341,276,1
341,1214,1
342,1658,1
342,1963,1
343,383,1
343,924,1
344,969,1
344,1221,1
345,1160,1
345,1592,1
346,403,1
346,908,1
347,13,1
347,1884,1
348,902,1
348,1054,1
349,663,1
349,1309,1
350,1971,1
350,1993,1
351,352,1
351,1406,1
352,351,1
352,1636,1
353,1077,1
353,1718,1
354,664,1
354,707,1
355,1196,1
355,1991,1
356,361,1
356,1727,1
357,249,1
357,1995,1
358,1082,1
358,1349,1
359,1584,1
359,1933,1
360,713,1
360,1608,1
361,356,1
361,1546,1
362,496,1
362,911,1
363,700,1
363,1354,1
364,936,1
364,1905,1
365,687,1
365,1844,1
366,1605,1
366,1902,1
367,1501,1
367,1901,1
368,1182,1
368,1237,1
369,746,1
369,763,1
370,339,1
370,1674,1
371,286,1
371,1521,1
372,185,1
372,1716,1
373,201,1
373,1520,1
374,578,1
374,1780,1
375,20,1
375,84,1
376,377,1
376,1427,1
377,376,1
377,1239,1
378,873,1
378,1410,1
379,1145,1
379,1192,1
380,1773,1
380,1900,1
381,1434,1
381,1840,1
382,897,1
382,1489,1
383,343,1
383,1765,1
384,1274,1
384,1308,1
385,1934,1
385,1951,1
386,1331,1
386,1691,1
387,1110,1
387,1999,1
388,538,1
388,607,1
389,689,1
389,1977,1
390,1304,1
390,1390,1
391,1953,1
391,1984,1
392,198,1
392,560,1
393,1718,1
393,1991,1
394,913,1
394,1964,1
395,1868,1
395,1898,1
396,335,1
396,397,1
397,396,1
397,655,1
398,117,1
398,679,1
399,580,1
399,1455,1
400,688,1
400,1688,1
401,704,1
401,1902,1
402,111,1
402,1510,1
403,346,1
403,714,1
404,1115,1
404,1914,1
405,1635,1
405,1975,1
406,104,1
406,159,1
407,868,1
407,1917,1
408,1376,1
408,1485,1
409,849,1
409,932,1
410,1896,1
410,1999,1
411,618,1
411,1821,1
412,816,1
412,1819,1
413,1194,1
413,1714,1
414,1425,1
414,1452,1
415,1102,1
415,1965,1
416,1844,1
416,1985,1
417,729,1
417,922,1
418,825,1
418,1600,1
419,257,1
419,308,1
420,1938,1
420,1993,1
421,1692,1
421,1788,1
422,800,1
422,1964,1
423,450,1
423,1293,1
424,1124,1
424,1739,1
425,1245,1
425,1284,1
426,762,1
426,1632,1
427,1174,1
427,1991,1
428,983,1
428,1680,1
429,1487,1
429,1729,1
430,1123,1
430,1588,1
431,537,1
431,1387,1
432,18,1
432,1737,1
433,1858,1
433,1947,1
434,1475,1
434,1670,1
435,44,1
435,1500,1
436,437,1
436,1353,1
437,436,1
437,1701,1
438,200,1
438,1600,1
439,872,1
439,1279,1
440,94,1
440,451,1
441,1441,1
441,1633,1
442,536,1
442,809,1
443,72,1
443,1599,1
444,38,1
444,1392,1
445,176,1
445,651,1
446,1662,1
446,1973,1
447,595,1
447,1970,1
448,494,1
448,1061,1
449,1295,1
449,1975,1
450,423,1
450,1088,1
451,440,1
451,1661,1
452,1811,1
452,1971,1
453,1892,1
453,1993,1
454,1259,1
454,1903,1
455,1541,1
455,1586,1
456,650,1
456,1950,1
457,1169,1
457,1819,1
458,181,1
458,1296,1
459,171,1
459,1922,1
460,284,1
460,1968,1
461,1964,1
461,1999,1
462,998,1
462,1050,1
463,1721,1
463,1834,1
464,1868,1
464,1870,1
465,153,1
465,1449,1
466,1196,1
466,1497,1
467,83,1
467,1279,1
468,740,1
468,825,1
469,252,1
469,1267,1
470,1373,1
470,1885,1
471,53,1
471,735,1
472,154,1
472,287,1
473,882,1
473,1836,1
474,730,1
474,1994,1
475,1048,1
475,1733,1
476,501,1
476,1906,1
477,480,1
477,1456,1
478,488,1
478,1552,1
479,1415,1
479,1553,1
480,477,1
480,1774,1
481,107,1
481,1947,1
482,200,1
482,1191,1
483,1107,1
483,1121,1
484,1453,1
484,1811,1
485,1074,1
485,1505,1
486,1930,1
486,1938,1
487,988,1
487,1664,1
488,478,1
488,1390,1
489,502,1
489,1490,1
490,990,1
490,1622,1
491,510,1
491,1927,1
492,1705,1
492,2000,1
493,1476,1
493,1973,1
494,448,1
494,1992,1
495,1948,1
495,1979,1
496,362,1
496,1624,1
497,89,1
497,1917,1
498,1489,1
498,1984,1
499,1381,1
499,1451,1
500,1426,1
500,1579,1
501,476,1
501,1892,1
502,489,1
502,1675,1
503,303,1
503,671,1
504,1340,1
504,1598,1
505,1205,1
505,1849,1
506,1190,1
506,1740,1
507,626,1
507,1109,1
508,795,1
508,1563,1
509,1543,1
509,1753,1
510,491,1
510,1051,1
511,1350,1
511,1750,1
512,1202,1
512,1504,1
513,208,1
513,310,1
514,68,1
514,1762,1
515,1294,1
515,1731,1
516,623,1
516,1237,1
517,658,1
517,1839,1
518,276,1
518,1979,1
519,925,1
519,1988,1
520,1553,1
520,1990,1
521,1053,1
521,1993,1
522,14,1
522,1834,1
523,989,1
523,1270,1
524,1768,1
524,1835,1
525,1785,1
525,1977,1
526,1559,1
526,1966,1
527,551,1
527,632,1
528,1711,1
528,1864,1
529,225,1
529,1435,1
530,708,1
530,1532,1
531,1744,1
531,1791,1
532,1,1
532,1567,1
533,1571,1
533,1931,1
534,1154,1
534,1653,1
535,537,1
535,1929,1
536,442,1
536,1068,1
537,431,1
537,535,1
538,388,1
538,539,1
539,538,1
539,1472,1
540,1394,1
540,1571,1
541,106,1
541,1599,1
542,927,1
542,1918,1
543,914,1
543,1200,1
544,791,1
544,1724,1
545,1408,1
545,1835,1
546,806,1
546,1414,1
547,651,1
547,1276,1
548,750,1
548,1910,1
549,1684,1
549,1984,1
550,551,1
550,742,1
551,527,1
551,550,1
552,672,1
552,1939,1
553,557,1
553,775,1
554,1024,1
554,1766,1
555,1602,1
555,1968,1
556,1507,1
556,1922,1
557,275,1
557,553,1
558,1423,1
558,1684,1
559,1875,1
559,1998,1
560,392,1
560,1275,1
561,1521,1
561,1962,1
562,1825,1
562,1871,1
563,866,1
563,1555,1
564,1527,1
564,1618,1
565,855,1
565,1753,1
566,4,1
566,1677,1
567,264,1
567,692,1
568,1021,1
568,1548,1
569,1073,1
569,1782,1
570,961,1
570,1429,1
571,157,1
571,1483,1
572,231,1
572,1890,1
573,721,1
573,1150,1
574,621,1
574,1893,1
575,858,1
575,1805,1
576,1063,1
576,1693,1
577,1326,1
577,1937,1
578,374,1
578,1172,1
579,1425,1
579,1572,1
580,70,1
580,399,1
581,715,1
581,1661,1
582,788,1
582,1034,1
583,703,1
583,1950,1
584,1733,1
584,1844,1
585,1126,1
585,1792,1
586,1800,1
586,1817,1
587,1297,1
587,1690,1
588,643,1
588,677,1
589,590,1
589,1177,1
590,589,1
590,1618,1
591,1151,1
591,1467,1
592,1403,1
592,1851,1
593,1556,1
593,1558,1
594,805,1
594,1586,1
595,447,1
595,656,1
596,156,1
596,1698,1
597,756,1
597,1658,1
598,604,1
598,1879,1
599,843,1
599,1443,1
600,1370,1
600,1775,1
601,641,1
601,1559,1
602,1165,1
602,1768,1
603,1727,1
603,1833,1
604,235,1
604,598,1
605,1580,1
605,1900,1
606,320,1
606,1201,1
607,388,1
607,1731,1
608,1781,1
608,1858,1
609,1363,1
609,1801,1
610,611,1
610,1147,1
611,75,1
611,610,1
612,32,1
612,1244,1
613,786,1
613,1545,1
614,835,1
614,1926,1
615,232,1
615,1668,1
616,948,1
616,1937,1
617,894,1
617,1410,1
618,411,1
618,1867,1
619,1280,1
619,1621,1
620,621,1
620,1998,1
621,574,1
621,620,1
622,1028,1
622,1741,1
623,516,1
623,1151,1
624,1367,1
624,1865,1
625,701,1
625,1909,1
626,507,1
626,703,1
627,1102,1
627,1882,1
628,324,1
628,1254,1
629,883,1
629,1559,1
630,639,1
630,1206,1
631,1503,1
631,1899,1
632,527,1
632,1715,1
633,11,1
633,1573,1
634,1498,1
634,1602,1
635,30,1
635,1726,1
636,1129,1
636,1255,1
637,291,1
637,1958,1
638,1397,1
638,1719,1
639,630,1
639,986,1
640,1344,1
640,1859,1
641,601,1
641,1515,1
642,810,1
642,1996,1
643,588,1
643,1773,1
644,1232,1
644,1777,1
645,646,1
645,1240,1
646,246,1
646,645,1
647,1251,1
647,1276,1
648,1164,1
648,1961,1
649,882,1
649,1941,1
650,292,1
650,456,1
651,445,1
651,547,1
652,669,1
652,1243,1
653,767,1
653,1957,1
654,33,1
654,1757,1
655,397,1
655,1932,1
656,595,1
656,1742,1
657,1810,1
657,1842,1
658,517,1
658,1500,1
659,139,1
659,1680,1
660,1961,1
660,1988,1
661,715,1
661,907,1
662,165,1
662,1698,1
663,166,1
663,349,1
664,26,1
664,354,1
665,289,1
665,1996,1
666,1839,1
666,1985,1
667,1492,1
667,1595,1
668,1561,1
668,1758,1
669,652,1
669,1826,1
670,919,1
670,1088,1
671,503,1
671,1207,1
672,552,1
672,1316,1
673,218,1
673,1158,1
674,1853,1
674,1899,1
675,1852,1
675,1868,1
676,1667,1
676,1944,1
677,588,1
677,1989,1
678,1096,1
678,1597,1
679,398,1
679,1401,1
680,809,1
680,1444,1
681,739,1
681,1252,1
682,1738,1
682,1999,1
683,55,1
683,1985,1
684,1235,1
684,1607,1
685,1380,1
685,1485,1
686,737,1
686,1930,1
687,365,1
687,1471,1
688,400,1
688,1072,1
689,389,1
689,1894,1
690,1000,1
690,1988,1
691,1142,1
691,1687,1
692,567,1
692,1533,1
693,1914,1
693,1941,1
694,1693,1
694,1951,1
695,16,1
695,1976,1
696,1920,1
696,1990,1
697,817,1
697,1266,1
698,66,1
698,202,1
699,867,1
699,1897,1
700,363,1
700,1545,1
701,625,1
701,1536,1
702,1130,1
702,1919,1
703,583,1
703,626,1
704,190,1
704,401,1
705,1816,1
705,1829,1
706,1789,1
706,1974,1
707,354,1
707,1614,1
708,530,1
708,1984,1
709,333,1
709,1573,1
710,819,1
710,1182,1
711,105,1
711,921,1
712,83,1
712,1822,1
713,280,1
713,360,1
714,403,1
714,1840,1
715,581,1
715,661,1
716,1531,1
716,1991,1
717,1138,1
717,1614,1
718,1631,1
718,1961,1
719,120,1
719,1313,1
720,1044,1
720,1978,1
721,194,1
721,573,1
722,992,1
722,1428,1
723,1281,1
723,1585,1
724,1660,1
724,1731,1
725,990,1
725,1736,1
726,1199,1
726,1938,1
727,164,1
727,1829,1
728,851,1
728,1876,1
729,417,1
729,1903,1
730,474,1
730,823,1
731,732,1
731,1288,1
732,731,1
732,1149,1
733,993,1
733,1157,1
734,1654,1
734,1997,1
735,471,1
735,1067,1
736,338,1
736,1397,1
737,686,1
737,1009,1
738,944,1
738,1659,1
739,681,1
739,1628,1
740,468,1
740,1928,1
741,837,1
741,1832,1
742,256,1
742,550,1
743,1752,1
743,1952,1
744,77,1
744,1930,1
745,1489,1
745,1749,1
746,369,1
746,1963,1
747,277,1
747,1580,1
748,810,1
748,1547,1
749,750,1
749,828,1
750,548,1
750,749,1
751,1272,1
751,1626,1
752,943,1
752,1703,1
753,1222,1
753,1786,1
754,240,1
754,850,1
755,1729,1
755,1906,1
756,597,1
756,804,1
757,1454,1
757,1954,1
758,1422,1
758,1808,1
759,1540,1
759,1926,1
760,212,1
760,1818,1
761,1664,1
761,1987,1
762,426,1
762,1971,1
763,369,1
763,821,1
764,223,1
764,895,1
765,799,1
765,1929,1
766,1662,1
766,1905,1
767,197,1
767,653,1
768,319,1
768,1395,1
769,1687,1
769,1863,1
770,1723,1
770,1955,1
771,28,1
771,1329,1
772,1178,1
772,1571,1
773,1260,1
773,1937,1
774,191,1
774,1219,1
775,553,1
775,1287,1
776,1333,1
776,1685,1
777,778,1
777,1915,1
778,133,1
778,777,1
779,73,1
779,1004,1
780,1410,1
780,1729,1
781,1983,1
781,1998,1
782,785,1
782,1988,1
783,915,1
783,1771,1
784,253,1
784,1980,1
785,782,1
785,786,1
786,613,1
786,785,1
787,94,1
787,1112,1
788,582,1
788,996,1
789,137,1
789,997,1
790,1331,1
790,1568,1
791,544,1
791,1650,1
792,189,1
792,1823,1
793,1910,1
793,1992,1
794,1263,1
794,1808,1
795,508,1
795,1660,1
796,218,1
796,1734,1
797,239,1
797,1975,1
798,1433,1
798,1992,1
799,765,1
799,966,1
800,219,1
800,422,1
801,274,1
801,1763,1
802,1908,1
802,2000,1
803,1011,1
803,2000,1
804,756,1
804,1879,1
805,594,1
805,1978,1
806,546,1
806,980,1
807,896,1
807,1771,1
808,1238,1
808,1947,1
809,442,1
809,680,1
810,642,1
810,748,1
811,1852,1
811,1992,1
812,1146,1
812,1725,1
813,1831,1
813,1908,1
814,1277,1
814,1982,1
815,215,1
815,1629,1
816,412,1
816,1897,1
817,76,1
817,697,1
818,1181,1
818,1933,1
819,710,1
819,1514,1
820,1856,1
820,1927,1
821,763,1
821,1341,1
822,943,1
822,1737,1
823,730,1
823,913,1
824,111,1
824,1583,1
825,418,1
825,468,1
826,1348,1
826,1558,1
827,1066,1
827,1550,1
828,749,1
828,1376,1
829,40,1
829,1640,1
830,862,1
830,1124,1
831,832,1
831,1338,1
832,831,1
832,1139,1
833,1027,1
833,1965,1
834,1453,1
834,1703,1
835,614,1
835,1431,1
836,211,1
836,1728,1
837,741,1
837,1144,1
838,108,1
838,1951,1
839,1071,1
839,1423,1
840,1893,1
840,1923,1
841,885,1
841,1839,1
842,67,1
842,871,1
843,599,1
843,1755,1
844,1761,1
844,1923,1
845,1645,1
845,1758,1
846,1133,1
846,1821,1
847,1336,1
847,1686,1
848,57,1
848,1420,1
849,409,1
849,1224,1
850,271,1
850,754,1
851,80,1
851,728,1
852,46,1
852,1149,1
853,1582,1
853,1784,1
854,890,1
854,1229,1
855,565,1
855,1222,1
856,914,1
856,988,1
857,1327,1
857,1950,1
858,575,1
858,1393,1
859,1179,1
859,1617,1
860,267,1
860,1974,1
861,1405,1
861,1949,1
862,830,1
862,1997,1
863,1366,1
863,1977,1
864,313,1
864,1931,1
865,1397,1
865,1861,1
866,563,1
866,1588,1
867,699,1
867,1827,1
868,407,1
868,1689,1
869,1544,1
869,1732,1
870,1414,1
870,1947,1
871,842,1
871,1433,1
872,439,1
872,1344,1
873,378,1
873,1987,1
874,120,1
874,1496,1
875,971,1
875,1875,1
876,1533,1
876,1743,1
877,1062,1
877,1767,1
878,1672,1
878,1998,1
879,1284,1
879,1381,1
880,1383,1
880,1932,1
881,1884,1
881,1950,1
882,473,1
882,649,1
883,272,1
883,629,1
884,899,1
884,1486,1
885,841,1
885,1999,1
886,965,1
886,1959,1
887,1017,1
887,1059,1
888,1380,1
888,1982,1
889,1619,1
889,1896,1
890,854,1
890,1751,1
891,1492,1
891,1905,1
892,217,1
892,1180,1
893,971,1
893,1058,1
894,617,1
894,1351,1
895,764,1
895,1984,1
896,284,1
896,807,1
897,382,1
897,1511,1
898,1329,1
898,1957,1
899,884,1
899,1269,1
900,146,1
900,1036,1
901,324,1
901,1848,1
902,348,1
902,1439,1
903,1657,1
903,1669,1
904,1508,1
904,1847,1
905,1159,1
905,1440,1
906,1212,1
906,1961,1
907,661,1
907,1522,1
908,346,1
908,967,1
909,52,1
909,921,1
910,970,1
910,1201,1
911,362,1
911,1161,1
912,1378,1
912,1985,1
913,394,1
913,823,1
914,543,1
914,856,1
915,783,1
915,1104,1
916,1488,1
916,1990,1
917,1387,1
917,1769,1
918,1425,1
918,1977,1
919,670,1
919,1738,1
920,116,1
920,1249,1
921,711,1
921,909,1
922,417,1
922,2000,1
923,1866,1
923,1936,1
924,232,1
924,343,1
925,519,1
925,1928,1
926,57,1
926,165,1
927,542,1
927,1699,1
928,1375,1
928,1802,1
929,1935,1
929,1996,1
930,1316,1
930,1364,1
931,86,1
931,1133,1
932,409,1
932,1930,1
933,1566,1
933,1942,1
934,326,1
934,1679,1
935,1575,1
935,1704,1
936,364,1
936,937,1
937,936,1
937,1656,1
938,1080,1
938,1506,1
939,969,1
939,1390,1
940,87,1
940,1326,1
941,1664,1
941,1720,1
942,1812,1
942,1987,1
943,752,1
943,822,1
944,738,1
944,1988,1
945,8,1
945,1944,1
946,1852,1
946,1978,1
947,1562,1
947,1602,1
948,616,1
948,1746,1
949,960,1
949,1430,1
950,951,1
950,1948,1
951,73,1
951,950,1
952,39,1
952,307,1
953,1474,1
953,1890,1
954,955,1
954,1210,1
955,954,1
955,1678,1
956,1418,1
956,1694,1
957,15,1
957,1424,1
958,1928,1
958,1998,1
959,1377,1
959,1625,1
960,949,1
960,1775,1
961,570,1
961,1876,1
962,1582,1
962,1804,1
963,146,1
963,1465,1
964,1047,1
964,1872,1
965,886,1
965,1770,1
966,799,1
966,2000,1
967,908,1
967,1585,1
968,299,1
968,1959,1
969,344,1
969,939,1
970,910,1
970,1725,1
971,875,1
971,893,1
972,1704,1
972,1756,1
973,1523,1
973,1620,1
974,173,1
974,1085,1
975,322,1
975,1723,1
976,1028,1
976,1935,1
977,1012,1
977,1097,1
978,979,1
978,1091,1
979,978,1
979,1108,1
980,101,1
980,806,1
981,1713,1
981,1971,1
982,1442,1
982,1958,1
983,428,1
983,1343,1
984,283,1
984,1131,1
985,1506,1
985,1990,1
986,639,1
986,1600,1
987,1265,1
987,1669,1
988,487,1
988,856,1
989,523,1
989,1739,1
990,490,1
990,725,1
991,1849,1
991,1945,1
992,722,1
992,1479,1
993,733,1
993,1649,1
994,95,1
994,1973,1
995,1349,1
995,1876,1
996,788,1
996,1845,1
997,217,1
997,789,1
998,295,1
998,462,1
999,1093,1
999,1125,1
1000,690,1
1000,1934,1
1001,1826,1
1001,1973,1
1002,1810,1
1002,2000,1
1003,187,1
1003,1684,1
1004,779,1
1004,1547,1
1005,1546,1
1005,1854,1
1006,1508,1
1006,1757,1
1007,1231,1
1007,1429,1
1008,1733,1
1008,1945,1
1009,210,1
1009,737,1
1010,153,1
1010,1011,1
1011,803,1
1011,1010,1
1012,977,1
1012,1358,1
1013,1379,1
1013,1819,1
1014,1496,1
1014,1999,1
1015,1224,1
1015,1267,1
1016,1084,1
1016,1322,1
1017,887,1
1017,1401,1
1018,1739,1
1018,1981,1
1019,6,1
1019,1610,1
1020,1888,1
1020,1953,1
1021,568,1
1021,1439,1
1022,1163,1
1022,1828,1
1023,1307,1
1023,1697,1
1024,554,1
1024,1898,1
1025,1111,1
1025,1724,1
1026,1405,1
1026,1456,1
1027,833,1
1027,1990,1
1028,622,1
1028,976,1
1029,1897,1
1029,1929,1
1030,1565,1
1030,1827,1
1031,1414,1
1031,1561,1
1032,1291,1
1032,1621,1
1033,71,1
1033,1051,1
1034,334,1
1034,582,1
1035,1412,1
1035,1424,1
1036,900,1
1036,1867,1
1037,1519,1
1037,1891,1
1038,1039,1
1038,1813,1
1039,1038,1
1039,1427,1
1040,1325,1
1040,1855,1
1041,1361,1
1041,1518,1
1042,1593,1
1042,1878,1
1043,1205,1
1043,1996,1
1044,720,1
1044,1217,1
1045,262,1
1045,1212,1
1046,1307,1
1046,1998,1
1047,964,1
1047,1816,1
1048,475,1
1048,1596,1
1049,1064,1
1049,1557,1
1050,184,1
1050,462,1
1051,510,1
1051,1033,1
1052,1738,1
1052,1871,1
1053,521,1
1053,1981,1
1054,348,1
1054,1729,1
1055,1758,1
1055,1952,1
1056,1581,1
1056,1959,1
1057,148,1
1057,216,1
1058,304,1
1058,893,1
1059,230,1
1059,887,1
1060,99,1
1060,1516,1
1061,448,1
1061,1488,1
1062,9,1
1062,877,1
1063,576,1
1063,1917,1
1064,1049,1
1064,1297,1
1065,1518,1
1065,1807,1
1066,827,1
1066,1760,1
1067,315,1
1067,735,1
1068,536,1
1068,1846,1
1069,1502,1
1069,1901,1
1070,1150,1
1070,1415,1
1071,308,1
1071,839,1
1072,688,1
1072,1620,1
1073,134,1
1073,569,1
1074,485,1
1074,1989,1
1075,1365,1
1075,1736,1
1076,1302,1
1076,1861,1
1077,34,1
1077,353,1
1078,1927,1
1078,1994,1
1079,1826,1
1079,1999,1
1080,938,1
1080,1577,1
1081,1525,1
1081,1702,1
1082,358,1
1082,1652,1
1083,1310,1
1083,1740,1
1084,22,1
1084,1016,1
1085,974,1
1085,1244,1
1086,54,1
1086,1087,1
1087,184,1
1087,1086,1
1088,450,1
1088,670,1
1089,1889,1
1089,1997,1
1090,1911,1
1090,1979,1
1091,978,1
1091,1954,1
1092,1166,1
1092,1730,1
1093,999,1
1093,1565,1
1094,1095,1
1094,1862,1
1095,1094,1
1095,1937,1
1096,113,1
1096,678,1
1097,977,1
1097,1243,1
1098,1253,1
1098,1998,1
1099,1932,1
1099,1982,1
1100,1398,1
1100,2000,1
1101,209,1
1101,1945,1
1102,415,1
1102,627,1
1103,1851,1
1103,1871,1
1104,915,1
1104,1141,1
1105,1605,1
1105,1834,1
1106,1931,1
1106,1992,1
1107,483,1
1107,1655,1
1108,979,1
1108,1556,1
1109,507,1
1109,1907,1
1110,387,1
1110,1847,1
1111,1025,1
1111,1296,1
1112,787,1
1112,1311,1
1113,1509,1
1113,1808,1
1114,30,1
1114,1220,1
1115,404,1
1115,1853,1
1116,145,1
1116,1190,1
1117,1352,1
1117,1419,1
1118,1536,1
1118,1683,1
1119,296,1
1119,1708,1
1120,1971,1
1120,1972,1
1121,483,1
1121,1594,1
1122,1161,1
1122,1917,1
1123,430,1
1123,1303,1
1124,424,1
1124,830,1
1125,999,1
1125,1225,1
1126,585,1
1126,1880,1
1127,14,1
1127,1884,1
1128,290,1
1128,1299,1
1129,636,1
1129,1911,1
1130,702,1
1130,1879,1
1131,984,1
1131,1702,1
1132,1236,1
1132,1954,1
1133,846,1
1133,931,1
1134,1227,1
1134,1690,1
1135,60,1
1135,1172,1
1136,99,1
1136,1648,1
1137,1611,1
1137,1707,1
1138,204,1
1138,717,1
1139,832,1
1139,1921,1
1140,326,1
1140,1689,1
1141,1104,1
1141,1494,1
1142,248,1
1142,691,1
1143,1360,1
1143,1493,1
1144,837,1
1144,1686,1
1145,379,1
1145,1980,1
1146,812,1
1146,1211,1
1147,610,1
1147,1259,1
1148,1567,1
1148,1778,1
1149,732,1
1149,852,1
1150,573,1
1150,1070,1
1151,591,1
1151,623,1
1152,1536,1
1152,1620,1
1153,157,1
1153,1530,1
1154,534,1
1154,1848,1
1155,106,1
1155,1857,1
1156,1783,1
1156,2000,1
1157,733,1
1157,1309,1
1158,673,1
1158,1396,1
1159,905,1
1159,1993,1
1160,345,1
1160,1499,1
1161,911,1
1161,1122,1
1162,1478,1
1162,1863,1
1163,25,1
1163,1022,1
1164,648,1
1164,1828,1
1165,602,1
1165,1290,1
1166,36,1
1166,1092,1
1167,1851,1
1167,1867,1
1168,296,1
1168,1502,1
1169,457,1
1169,1964,1
1170,269,1
1170,1655,1
1171,1948,1
1171,1981,1
1172,578,1
1172,1135,1
1173,124,1
1173,1517,1
1174,427,1
1174,1728,1
1175,1625,1
1175,1987,1
1176,1421,1
1176,1791,1
1177,589,1
1177,1534,1
1178,772,1
1178,1986,1
1179,859,1
1179,1947,1
1180,892,1
1180,1562,1
1181,81,1
1181,818,1
1182,368,1
1182,710,1
1183,112,1
1183,1772,1
1184,102,1
1184,1434,1
1185,1768,1
1185,1954,1
1186,1373,1
1186,1838,1
1187,1648,1
1187,1966,1
1188,272,1
1188,1902,1
1189,172,1
1189,1610,1
1190,506,1
1190,1116,1
1191,482,1
1191,1740,1
1192,379,1
1192,1749,1
1193,1735,1
1193,1845,1
1194,413,1
1194,1383,1
1195,321,1
1195,1363,1
1196,355,1
1196,466,1
1197,1198,1
1197,1919,1
1198,1197,1
1198,1314,1
1199,12,1
1199,726,1
1200,29,1
1200,543,1
1201,606,1
1201,910,1
1202,512,1
1202,1348,1
1203,1204,1
1203,1833,1
1204,1203,1
1204,1257,1
1205,505,1
1205,1043,1
1206,630,1
1206,1789,1
1207,671,1
1207,1748,1
1208,258,1
1208,1930,1
1209,1526,1
1209,1943,1
1210,954,1
1210,1320,1
1211,1146,1
1211,1255,1
1212,906,1
1212,1045,1
1213,1340,1
1213,1609,1
1214,341,1
1214,1594,1
1215,241,1
1215,1976,1
1216,1606,1
1216,1751,1
1217,1044,1
1217,1813,1
1218,1591,1
1218,1942,1
1219,33,1
1219,774,1
1220,50,1
1220,1114,1
1221,344,1
1221,1918,1
1222,753,1
1222,855,1
1223,1227,1
1223,1881,1
1224,849,1
1224,1015,1
1225,1125,1
1225,1899,1
1226,1606,1
1226,1957,1
1227,1134,1
1227,1223,1
1228,1570,1
1228,1974,1
1229,293,1
1229,854,1
1230,1545,1
1230,1949,1
1231,1007,1
1231,1911,1
1232,644,1
1232,1386,1
1233,82,1
1233,1888,1
1234,1944,1
1234,1954,1
1235,684,1
1235,1466,1
1236,1132,1
1236,1781,1
1237,368,1
1237,516,1
1238,808,1
1238,1762,1
1239,239,1
1239,377,1
1240,37,1
1240,645,1
1241,1247,1
1241,1399,1
1242,1887,1
1242,1976,1
1243,652,1
1243,1097,1
1244,612,1
1244,1085,1
1245,47,1
1245,425,1
1246,1880,1
1246,1982,1
1247,1241,1
1247,1957,1
1248,288,1
1248,1783,1
1249,920,1
1249,1470,1
1250,1510,1
1250,1898,1
1251,647,1
1251,1391,1
1252,681,1
1252,1981,1
1253,1098,1
1253,1834,1
1254,628,1
1254,1863,1
1255,636,1
1255,1211,1
1256,1621,1
1256,1974,1
1257,1204,1
1257,1696,1
1258,1416,1
1258,1961,1
1259,454,1
1259,1147,1
1260,773,1
1260,1641,1
1261,1764,1
1261,1936,1
1262,1339,1
1262,1845,1
1263,298,1
1263,794,1
1264,155,1
1264,1851,1
1265,76,1
1265,987,1
1266,697,1
1266,1859,1
1267,469,1
1267,1015,1
1268,132,1
1268,1271,1
1269,899,1
1269,1463,1
1270,523,1
1270,1541,1
1271,1268,1
1271,1488,1
1272,285,1
1272,751,1
1273,1388,1
1273,1914,1
1274,384,1
1274,1972,1
1275,560,1
1275,1417,1
1276,547,1
1276,647,1
1277,814,1
1277,1999,1
1278,95,1
1278,1899,1
1279,439,1
1279,467,1
1280,619,1
1280,1978,1
1281,723,1
1281,1697,1
1282,1651,1
1282,1781,1
1283,256,1
1283,1574,1
1284,425,1
1284,879,1
1285,1738,1
1285,1878,1
1286,1716,1
1286,1988,1
1287,260,1
1287,775,1
1288,731,1
1288,1570,1
1289,1746,1
1289,1990,1
1290,1165,1
1290,1550,1
1291,287,1
1291,1032,1
1292,303,1
1292,1442,1
1293,423,1
1293,1969,1
1294,515,1
1294,1566,1
1295,449,1
1295,1934,1
1296,458,1
1296,1111,1
1297,587,1
1297,1064,1
1298,152,1
1298,1503,1
1299,1128,1
1299,1883,1
1300,1786,1
1300,1787,1
1301,1379,1
1301,1980,1
1302,191,1
1302,1076,1
1303,1123,1
1303,1865,1
1304,390,1
1304,1779,1
1305,13,1
1305,238,1
1306,49,1
1306,1522,1
1307,1023,1
1307,1046,1
1308,384,1
1308,1934,1
1309,349,1
1309,1157,1
1310,1083,1
1310,1623,1
1311,1112,1
1311,1578,1
1312,1613,1
1312,1975,1
1313,91,1
1313,719,1
1314,237,1
1314,1198,1
1315,1368,1
1315,1641,1
1316,672,1
1316,930,1
1317,1552,1
1317,1677,1
1318,1337,1
1318,1911,1
1319,1683,1
1319,1807,1
1320,1210,1
1320,1515,1
1321,1437,1
1321,1822,1
1322,1016,1
1322,1809,1
1323,1652,1
1323,1934,1
1324,1539,1
1324,1560,1
1325,1040,1
1325,1835,1
1326,577,1
1326,940,1
1327,857,1
1327,1481,1
1328,1532,1
1328,1970,1
1329,771,1
1329,898,1
1330,1444,1
1330,1881,1
1331,386,1
1331,790,1
1332,1728,1
1332,2000,1
1333,776,1
1333,1839,1
1334,125,1
1334,1945,1
1335,1860,1
1335,1963,1
1336,847,1
1336,1697,1
1337,1318,1
1337,1902,1
1338,831,1
1338,1956,1
1339,1262,1
1339,1366,1
1340,504,1
1340,1213,1
1341,118,1
1341,821,1
1342,1343,1
1342,1920,1
1343,983,1
1343,1342,1
1344,640,1
1344,872,1
1345,179,1
1345,1514,1
1346,1756,1
1346,1869,1
1347,186,1
1347,1995,1
1348,826,1
1348,1202,1
1349,358,1
1349,995,1
1350,511,1
1350,1592,1
1351,894,1
1351,1975,1
1352,1117,1
1352,1970,1
1353,436,1
1353,1972,1
1354,363,1
1354,1909,1
1355,1637,1
1355,1798,1
1356,316,1
1356,1612,1
1357,1641,1
1357,1995,1
1358,314,1
1358,1012,1
1359,86,1
1359,1964,1
1360,1143,1
1360,1995,1
1361,1041,1
1361,1747,1
1362,1812,1
1362,1854,1
1363,609,1
1363,1195,1
1364,930,1
1364,1612,1
1365,1075,1
1365,1850,1
1366,863,1
1366,1339,1
1367,624,1
1367,1459,1
1368,156,1
1368,1315,1
1369,1789,1
1369,1984,1
1370,600,1
1370,1833,1
1371,273,1
1371,1674,1
1372,23,1
1372,1374,1
1372,1996,1
1373,470,1
1373,1186,1
1373,1962,1
1374,294,1
1374,1372,1
1374,1554,1
1375,198,1
1375,928,1
1375,1645,1
1376,408,1
1376,828,1
1376,1537,1
1377,959,1
1377,1576,1
1377,1826,1
1378,329,1
1378,912,1
1378,1528,1
1379,1013,1
1379,1301,1
1379,1925,1
1380,685,1
1380,888,1
1380,1969,1
1381,499,1
1381,879,1
1381,1701,1
1382,1530,1
1382,1946,1
1382,1997,1
1383,880,1
1383,1194,1
1383,1869,1
1384,1426,1
1384,1781,1
1384,1900,1
1385,1437,1
1385,1438,1
1385,1682,1
1386,214,1
1386,1232,1
1386,1791,1
1387,431,1
1387,917,1
1387,1885,1
1388,248,1
1388,1273,1
1388,1478,1
1389,1563,1
1389,1830,1
1389,1982,1
1390,390,1
1390,488,1
1390,939,1
1391,1251,1
1391,1657,1
1391,1938,1
1392,206,1
1392,444,1
1392,1494,1
1393,858,1
1393,1503,1
1393,1944,1
1394,540,1
1394,1395,1
1394,1734,1
1395,768,1
1395,1394,1
1395,1568,1
1396,56,1
1396,1158,1
1396,1931,1
1397,638,1
1397,736,1
1397,865,1
1398,1100,1
1398,1805,1
1398,1860,1
1399,1241,1
1399,1402,1
1399,1712,1
1400,1528,1
1400,1656,1
1400,1943,1
1401,679,1
1401,1017,1
1401,1922,1
1402,1399,1
1402,1593,1
1402,1935,1
1403,592,1
1403,1406,1
1403,1454,1
1404,65,1
1404,1409,1
1404,1991,1
1405,861,1
1405,1026,1
1405,1548,1
1406,351,1
1406,1403,1
1406,1853,1
1407,330,1
1407,1692,1
1407,1882,1
1408,258,1
1408,545,1
1408,1874,1
1409,1404,1
1409,1456,1
1409,1980,1
1410,378,1
1410,617,1
1410,780,1
1411,1537,1
1411,1760,1
1411,1933,1
1412,128,1
1412,1035,1
1412,1840,1
1413,290,1
1413,1757,1
1413,1801,1
1414,546,1
1414,870,1
1414,1031,1
1415,479,1
1415,1070,1
1415,1614,1
1416,1258,1
1416,1417,1
1416,1939,1
1417,1275,1
1417,1416,1
1417,1718,1
1418,956,1
1418,1812,1
1418,1958,1
1419,1117,1
1419,1458,1
1419,1914,1
1420,183,1
1420,848,1
1420,1421,1
1421,1176,1
1421,1420,1
1421,1925,1
1422,758,1
1422,1515,1
1422,1956,1
1423,49,1
1423,558,1
1423,839,1
1424,957,1
1424,1035,1
1424,1709,1
1425,414,1
1425,579,1
1425,918,1
1426,309,1
1426,500,1
1426,1384,1
1427,376,1
1427,1039,1
1427,1925,1
1428,722,1
1428,1474,1
1428,1691,1
1429,570,1
1429,1007,1
1429,1955,1
1430,949,1
1430,1722,1
1430,1971,1
1431,124,1
1431,835,1
1431,1798,1
1432,63,1
1432,1549,1
1432,1724,1
1433,43,1
1433,798,1
1433,871,1
1434,56,1
1434,381,1
1434,1184,1
1435,529,1
1435,1704,1
1435,1759,1
1436,313,1
1436,1923,1
1436,1993,1
1437,1321,1
1437,1385,1
1437,1957,1
1438,1385,1
1438,1576,1
1438,1731,1
1439,902,1
1439,1021,1
1439,1741,1
1440,905,1
1440,1525,1
1440,1636,1
1441,441,1
1441,1807,1
1441,1920,1
1442,982,1
1442,1292,1
1442,1980,1
1443,599,1
1443,1444,1
1443,1673,1
1444,680,1
1444,1330,1
1444,1443,1
1445,227,1
1445,1608,1
1445,1856,1
1446,117,1
1446,1630,1
1446,1880,1
1447,1481,1
1447,1806,1
1447,1836,1
1448,1449,1
1448,1708,1
1448,1790,1
1449,169,1
1449,465,1
1449,1448,1
1450,1562,1
1450,1819,1
1450,1913,1
1451,499,1
1451,1452,1
1451,1465,1
1452,414,1
1452,1451,1
1452,1832,1
1453,484,1
1453,834,1
1453,1603,1
1454,757,1
1454,1403,1
1454,1561,1
1455,399,1
1455,1721,1
1455,1900,1
1456,477,1
1456,1026,1
1456,1409,1
1457,98,1
1457,1587,1
1457,1661,1
1458,1419,1
1458,1544,1
1458,1873,1
1459,1367,1
1459,1504,1
1459,1647,1
1460,147,1
1460,1822,1
1460,1998,1
1461,9,1
1461,1598,1
1461,1940,1
1462,1615,1
1462,1948,1
1462,1998,1
1463,100,1
1463,1269,1
1463,1590,1
1464,74,1
1464,266,1
1464,1504,1
1465,243,1
1465,963,1
1465,1451,1
1466,222,1
1466,1235,1
1466,1467,1
1467,259,1
1467,591,1
1467,1466,1
1468,100,1
1468,1533,1
1468,1730,1
1469,1728,1
1469,1963,1
1469,1970,1
1470,1249,1
1470,1919,1
1470,1977,1
1471,298,1
1471,687,1
1471,1916,1
1472,252,1
1472,539,1
1472,1920,1
1473,119,1
1473,140,1
1473,1637,1
1474,196,1
1474,953,1
1474,1428,1
1475,434,1
1475,1725,1
1475,1797,1
1476,493,1
1476,1604,1
1476,1988,1
1477,1755,1
1477,1772,1
1477,1845,1
1478,144,1
1478,1162,1
1478,1388,1
1479,992,1
1479,1816,1
1479,1989,1
1480,1574,1
1480,1814,1
1480,1987,1
1481,1327,1
1481,1447,1
1481,1619,1
1482,130,1
1482,236,1
1482,1801,1
1483,571,1
1483,1484,1
1483,1970,1
1484,289,1
1484,1483,1
1484,1496,1
1485,408,1
1485,685,1
1485,1879,1
1486,884,1
1486,1521,1
1486,1872,1
1487,429,1
1487,1531,1
1487,1966,1
1488,916,1
1488,1061,1
1488,1271,1
1489,382,1
1489,498,1
1489,745,1
1490,489,1
1490,1548,1
1490,1774,1
1491,229,1
1491,1979,1
1491,1991,1
1492,667,1
1492,891,1
1492,1961,1
1493,247,1
1493,1143,1
1493,1746,1
1494,1141,1
1494,1392,1
1494,1836,1
1495,1659,1
1495,1811,1
1495,1916,1
1496,874,1
1496,1014,1
1496,1484,1
1497,189,1
1497,466,1
1497,1787,1
1498,634,1
1498,1749,1
1498,1779,1
1499,240,1
1499,1160,1
1499,1986,1
1500,270,1
1500,435,1
1500,658,1
1501,97,1
1501,188,1
1501,367,1
1502,1069,1
1502,1168,1
1502,1992,1
1503,631,1
1503,1298,1
1503,1393,1
1504,512,1
1504,1459,1
1504,1464,1
1505,142,1
1505,485,1
1505,1837,1
1506,938,1
1506,985,1
1506,1547,1
1507,556,1
1507,1583,1
1507,1613,1
1508,904,1
1508,1006,1
1508,1883,1
1509,261,1
1509,1113,1
1509,1982,1
1510,402,1
1510,1250,1
1510,1928,1
1511,897,1
1511,1514,1
1511,1654,1
1512,323,1
1512,1520,1
1512,1543,1
1513,185,1
1513,1790,1
1513,1824,1
1514,819,1
1514,1345,1
1514,1511,1
1515,641,1
1515,1320,1
1515,1422,1
1516,1060,1
1516,1796,1
1516,1935,1
1517,1173,1
1517,1723,1
1517,1752,1
1518,51,1
1518,1041,1
1518,1065,1
1519,1037,1
1519,1526,1
1519,1569,1
1520,373,1
1520,1512,1
1520,1803,1
1521,371,1
1521,561,1
1521,1486,1
1522,92,1
1522,907,1
1522,1306,1
1523,973,1
1523,1951,1
1523,1965,1
1524,1864,1
1524,1983,1
1524,1985,1
1525,1081,1
1525,1440,1
1525,1758,1
1526,44,1
1526,1209,1
1526,1519,1
1527,564,1
1527,1855,1
1527,2000,1
1528,1378,1
1528,1400,1
1528,1908,1
1529,64,1
1529,1755,1
1529,1759,1
1530,1153,1
1530,1382,1
1530,1531,1
1531,716,1
1531,1487,1
1531,1530,1
1532,530,1
1532,1328,1
1532,1535,1
1533,692,1
1533,876,1
1533,1468,1
1534,1177,1
1534,1713,1
1534,1957,1
1535,205,1
1535,1532,1
1535,1769,1
1536,701,1
1536,1118,1
1536,1152,1
1537,1376,1
1537,1411,1
1537,1538,1
1538,1537,1
1538,1901,1
1538,1982,1
1539,1324,1
1539,1695,1
1539,2000,1
1540,241,1
1540,759,1
1540,1915,1
1541,455,1
1541,1270,1
1541,1896,1
1542,257,1
1542,1752,1
1542,1783,1
1543,509,1
1543,1512,1
1543,1587,1
1544,207,1
1544,869,1
1544,1458,1
1545,613,1
1545,700,1
1545,1230,1
1546,79,1
1546,361,1
1546,1005,1
1547,748,1
1547,1004,1
1547,1506,1
1548,568,1
1548,1405,1
1548,1490,1
1549,180,1
1549,1432,1
1549,1925,1
1550,827,1
1550,1290,1
1550,1817,1
1551,1764,1
1551,1936,1
1551,1994,1
1552,478,1
1552,1317,1
1552,1592,1
1553,479,1
1553,520,1
1553,1603,1
1554,125,1
1554,300,1
1554,1374,1
1555,229,1
1555,563,1
1555,1635,1
1556,122,1
1556,593,1
1556,1108,1
1557,1049,1
1557,1639,1
1557,1681,1
1558,593,1
1558,826,1
1558,1624,1
1559,526,1
1559,601,1
1559,629,1
1560,1324,1
1560,1676,1
1560,1988,1
1561,668,1
1561,1031,1
1561,1454,1
1562,947,1
1562,1180,1
1562,1450,1
1563,508,1
1563,1389,1
1563,1998,1
1564,141,1
1564,1924,1
1564,1946,1
1565,1030,1
1565,1093,1
1565,1778,1
1566,933,1
1566,1294,1
1566,1610,1
1567,532,1
1567,1148,1
1567,1653,1
1568,790,1
1568,1395,1
1568,1582,1
1569,305,1
1569,1519,1
1569,1696,1
1570,1228,1
1570,1288,1
1570,1854,1
1571,533,1
1571,540,1
1571,772,1
1572,115,1
1572,579,1
1572,1793,1
1573,633,1
1573,709,1
1573,1779,1
1574,163,1
1574,1283,1
1574,1480,1
1575,935,1
1575,1653,1
1575,1913,1
1576,1377,1
1576,1438,1
1576,1810,1
1577,1080,1
1577,1669,1
1577,1992,1
1578,1311,1
1578,1772,1
1578,1999,1
1579,64,1
1579,500,1
1579,1656,1
1580,605,1
1580,747,1
1580,1870,1
1581,1056,1
1581,1584,1
1581,1921,1
1582,853,1
1582,962,1
1582,1568,1
1583,160,1
1583,824,1
1583,1507,1
1584,71,1
1584,359,1
1584,1581,1
1585,723,1
1585,967,1
1585,1886,1
1586,261,1
1586,455,1
1586,594,1
1587,1457,1
1587,1543,1
1587,1871,1
1588,31,1
1588,430,1
1588,866,1
1589,182,1
1589,1696,1
1589,1978,1
1590,1463,1
1590,1609,1
1590,1673,1
1591,249,1
1591,1218,1
1591,1870,1
1592,345,1
1592,1350,1
1592,1552,1
1593,1042,1
1593,1402,1
1593,1771,1
1594,78,1
1594,1121,1
1594,1214,1
1595,168,1
1595,667,1
1595,1993,1
1596,21,1
1596,51,1
1596,1048,1
1597,678,1
1597,1841,1
1597,1875,1
1598,504,1
1598,1461,1
1598,1706,1
1599,443,1
1599,541,1
1599,1765,1
1600,418,1
1600,438,1
1600,986,1
1601,54,1
1601,1856,1
1601,1997,1
1602,555,1
1602,634,1
1602,947,1
1603,158,1
1603,1453,1
1603,1553,1
1604,80,1
1604,89,1
1604,1476,1
1605,366,1
1605,1105,1
1605,1877,1
1606,1216,1
1606,1226,1
1606,1967,1
1607,684,1
1607,1969,1
1607,1985,1
1608,360,1
1608,1445,1
1608,1990,1
1609,1213,1
1609,1590,1
1609,1666,1
1610,1019,1
1610,1189,1
1610,1566,1
1611,1137,1
1611,1625,1
1611,1890,1
1612,1356,1
1612,1364,1
1612,1648,1
1613,1312,1
1613,1507,1
1613,1900,1
1614,707,1
1614,717,1
1614,1415,1
1615,327,1
1615,1462,1
1615,1995,1
1616,1748,1
1616,1874,1
1616,1914,1
1617,859,1
1617,1630,1
1617,1784,1
1618,564,1
1618,590,1
1618,1996,1
1619,889,1
1619,1481,1
1619,1995,1
1620,973,1
1620,1072,1
1620,1152,1
1621,619,1
1621,1032,1
1621,1256,1
1622,148,1
1622,490,1
1622,1626,1
1623,1310,1
1623,1642,1
1623,1665,1
1624,496,1
1624,1558,1
1624,1942,1
1625,959,1
1625,1175,1
1625,1611,1
1626,751,1
1626,1622,1
1626,1967,1
1627,253,1
1627,264,1
1627,1824,1
1628,739,1
1628,1631,1
1628,1864,1
1629,2,1
1629,815,1
1629,1989,1
1630,1446,1
1630,1617,1
1630,1944,1
1631,81,1
1631,718,1
1631,1628,1
1632,426,1
1632,1907,1
1632,1927,1
1633,441,1
1633,1634,1
1633,1894,1
1634,1633,1
1634,1766,1
1634,1961,1
1635,126,1
1635,405,1
1635,1555,1
1636,352,1
1636,1440,1
1636,1981,1
1637,1355,1
1637,1473,1
1637,1963,1
1638,1785,1
1638,1955,1
1638,1972,1
1639,1557,1
1639,1785,1
1639,1872,1
1640,235,1
1640,829,1
1640,1828,1
1641,1260,1
1641,1315,1
1641,1357,1
1642,1623,1
1642,1643,1
1642,1783,1
1643,315,1
1643,1642,1
1643,1649,1
1644,138,1
1644,1673,1
1644,1830,1
1645,845,1
1645,1375,1
1645,1997,1
1646,7,1
1646,1715,1
1646,1840,1
1647,1459,1
1647,1711,1
1647,1878,1
1648,1136,1
1648,1187,1
1648,1612,1
1649,993,1
1649,1643,1
1649,1951,1
1650,791,1
1650,1952,1
1650,1996,1
1651,1282,1
1651,1772,1
1651,1853,1
1652,1082,1
1652,1323,1
1652,1895,1
1653,534,1
1653,1567,1
1653,1575,1
1654,734,1
1654,1511,1
1654,1886,1
1655,1107,1
1655,1170,1
1655,1904,1
1656,937,1
1656,1400,1
1656,1579,1
1657,903,1
1657,1391,1
1657,1725,1
1658,342,1
1658,597,1
1658,1749,1
1659,738,1
1659,1495,1
1659,1997,1
1660,724,1
1660,795,1
1660,1856,1
1661,451,1
1661,581,1
1661,1457,1
1662,197,1
1662,446,1
1662,766,1
1663,1795,1
1663,1821,1
1663,1999,1
1664,487,1
1664,761,1
1664,941,1
1665,1623,1
1665,1671,1
1665,1750,1
1666,1609,1
1666,1679,1
1666,1962,1
1667,676,1
1667,1671,1
1667,1765,1
1668,24,1
1668,615,1
1668,1798,1
1669,903,1
1669,987,1
1669,1577,1
1670,158,1
1670,434,1
1670,1983,1
1671,224,1
1671,1665,1
1671,1667,1
1672,878,1
1672,1750,1
1672,1828,1
1673,1443,1
1673,1590,1
1673,1644,1
1674,370,1
1674,1371,1
1674,1968,1
1675,502,1
1675,1683,1
1675,1983,1
1676,1560,1
1676,1732,1
1676,1793,1
1677,566,1
1677,1317,1
1677,1723,1
1678,955,1
1678,1769,1
1678,1838,1
1679,934,1
1679,1666,1
1679,1974,1
1680,177,1
1680,428,1
1680,659,1
1681,260,1
1681,1557,1
1681,1974,1
1682,277,1
1682,282,1
1682,1385,1
1683,1118,1
1683,1319,1
1683,1675,1
1684,549,1
1684,558,1
1684,1003,1
1685,52,1
1685,776,1
1685,1686,1
1686,847,1
1686,1144,1
1686,1685,1
1687,691,1
1687,769,1
1687,2000,1
1688,128,1
1688,230,1
1688,400,1
1689,868,1
1689,1140,1
1689,1986,1
1690,587,1
1690,1134,1
1690,1691,1
1691,386,1
1691,1428,1
1691,1690,1
1692,421,1
1692,1407,1
1692,1956,1
1693,48,1
1693,576,1
1693,694,1
1694,956,1
1694,1889,1
1694,2000,1
1695,176,1
1695,1539,1
1695,1833,1
1696,1257,1
1696,1569,1
1696,1589,1
1697,1023,1
1697,1281,1
1697,1336,1
1698,596,1
1698,662,1
1698,1997,1
1699,318,1
1699,927,1
1699,1912,1
1700,32,1
1700,1943,1
1700,1989,1
1701,437,1
1701,1381,1
1701,1838,1
1702,1081,1
1702,1131,1
1702,1994,1
1703,307,1
1703,752,1
1703,834,1
1704,935,1
1704,972,1
1704,1435,1
1705,220,1
1705,492,1
1705,1789,1
1706,1598,1
1706,1815,1
1706,1893,1
1707,1137,1
1707,1770,1
1707,1891,1
1708,1119,1
1708,1448,1
1708,1921,1
1709,180,1
1709,1424,1
1709,1710,1
1710,336,1
1710,1709,1
1710,1757,1
1711,317,1
1711,528,1
1711,1647,1
1712,1399,1
1712,1774,1
1712,1897,1
1713,10,1
1713,981,1
1713,1534,1
1714,234,1
1714,413,1
1714,1983,1
1715,632,1
1715,1646,1
1715,1906,1
1716,183,1
1716,372,1
1716,1286,1
1717,299,1
1717,1742,1
1717,1747,1
1718,353,1
1718,393,1
1718,1417,1
1719,638,1
1719,1780,1
1719,1940,1
1720,314,1
1720,941,1
1720,1887,1
1721,301,1
1721,463,1
1721,1455,1
1721,1966,1
1722,1430,1
1722,1825,1
1722,1850,1
1722,1995,1
1723,770,1
1723,975,1
1723,1517,1
1723,1677,1
1724,544,1
1724,1025,1
1724,1432,1
1724,1977,1
1725,812,1
1725,970,1
1725,1475,1
1725,1657,1
1726,297,1
1726,635,1
1726,1965,1
1726,1987,1
1727,302,1
1727,356,1
1727,603,1
1727,1800,1
1728,836,1
1728,1174,1
1728,1332,1
1728,1469,1
1729,429,1
1729,755,1
1729,780,1
1729,1054,1
1730,109,1
1730,1092,1
1730,1468,1
1730,1860,1
1731,515,1
1731,607,1
1731,724,1
1731,1438,1
1732,245,1
1732,265,1
1732,869,1
1732,1676,1
1733,475,1
1733,584,1
1733,1008,1
1733,1860,1
1734,2,1
1734,187,1
1734,796,1
1734,1394,1
1735,1193,1
1735,1898,1
1735,1904,1
1735,1999,1
1736,136,1
1736,147,1
1736,725,1
1736,1075,1
1737,432,1
1737,822,1
1737,1778,1
1737,1846,1
1738,682,1
1738,919,1
1738,1052,1
1738,1285,1
1739,291,1
1739,424,1
1739,989,1
1739,1018,1
1740,58,1
1740,506,1
1740,1083,1
1740,1191,1
1741,105,1
1741,622,1
1741,1439,1
1741,1952,1
1742,656,1
1742,1717,1
1742,1842,1
1742,1849,1
1743,876,1
1743,1744,1
1743,1825,1
1743,1886,1
1744,531,1
1744,1743,1
1744,1745,1
1744,1777,1
1745,1744,1
1745,1801,1
1745,1888,1
1745,1940,1
1746,948,1
1746,1289,1
1746,1493,1
1746,1748,1
1747,318,1
1747,1361,1
1747,1717,1
1747,1989,1
1748,310,1
1748,1207,1
1748,1616,1
1748,1746,1
1749,745,1
1749,1192,1
1749,1498,1
1749,1658,1
1750,511,1
1750,1665,1
1750,1672,1
1750,1751,1
1751,890,1
1751,1216,1
1751,1750,1
1751,1928,1
1752,743,1
1752,1517,1
1752,1542,1
1752,1754,1
1753,231,1
1753,509,1
1753,565,1
1753,1952,1
1754,305,1
1754,1752,1
1754,1959,1
1754,1989,1
1755,843,1
1755,1477,1
1755,1529,1
1755,1794,1
1756,330,1
1756,972,1
1756,1346,1
1756,1767,1
1757,654,1
1757,1006,1
1757,1413,1
1757,1710,1
1758,668,1
1758,845,1
1758,1055,1
1758,1525,1
1759,1435,1
1759,1529,1
1759,1784,1
1759,1926,1
1760,35,1
1760,1066,1
1760,1411,1
1760,1904,1
1761,844,1
1761,1809,1
1761,1924,1
1761,2000,1
1762,514,1
1762,1238,1
1762,1866,1
1762,1932,1
1763,801,1
1763,1773,1
1763,1855,1
1763,1975,1
1764,1261,1
1764,1551,1
1764,1766,1
1764,1782,1
1765,59,1
1765,383,1
1765,1599,1
1765,1667,1
1766,554,1
1766,1634,1
1766,1764,1
1766,1996,1
1767,312,1
1767,877,1
1767,1756,1
1767,1903,1
1768,179,1
1768,524,1
1768,602,1
1768,1185,1
1769,917,1
1769,1535,1
1769,1678,1
1769,1838,1
1770,965,1
1770,1707,1
1770,1831,1
1770,1883,1
1771,783,1
1771,807,1
1771,1593,1
1771,1955,1
1772,1183,1
1772,1477,1
1772,1578,1
1772,1651,1
1773,192,1
1773,380,1
1773,643,1
1773,1763,1
1774,337,1
1774,480,1
1774,1490,1
1774,1712,1
1775,107,1
1775,600,1
1775,960,1
1775,1968,1
1776,69,1
1776,1885,1
1776,1960,1
1776,1980,1
1777,644,1
1777,1744,1
1777,1841,1
1777,1863,1
1778,1148,1
1778,1565,1
1778,1737,1
1778,1843,1
1779,1304,1
1779,1498,1
1779,1573,1
1779,1958,1
1780,374,1
1780,1719,1
1780,1797,1
1780,1907,1
1781,608,1
1781,1236,1
1781,1282,1
1781,1384,1
1782,325,1
1782,569,1
1782,1764,1
1782,1939,1
1783,1156,1
1783,1248,1
1783,1542,1
1783,1642,1
1784,853,1
1784,1617,1
1784,1759,1
1784,1891,1
1785,525,1
1785,1638,1
1785,1639,1
1785,1991,1
1786,753,1
1786,1300,1
1786,1790,1
1786,1811,1
1787,1300,1
1787,1497,1
1787,1795,1
1787,1870,1
1788,421,1
1788,1793,1
1788,1992,1
1788,1999,1
1789,706,1
1789,1206,1
1789,1369,1
1789,1705,1
1790,208,1
1790,1448,1
1790,1513,1
1790,1786,1
1791,233,1
1791,531,1
1791,1176,1
1791,1386,1
1792,195,1
1792,585,1
1792,1882,1
1792,1923,1
1793,1572,1
1793,1676,1
1793,1788,1
1793,1830,1
1794,138,1
1794,152,1
1794,1755,1
1794,1813,1
1795,286,1
1795,1663,1
1795,1787,1
1795,1796,1
1796,1516,1
1796,1795,1
1796,1827,1
1796,1983,1
1797,255,1
1797,1475,1
1797,1780,1
1797,1910,1
1798,1355,1
1798,1431,1
1798,1668,1
1798,1799,1
1799,104,1
1799,1798,1
1799,1881,1
1799,2000,1
1800,67,1
1800,586,1
1800,1727,1
1800,1982,1
1801,609,1
1801,1413,1
1801,1482,1
1801,1745,1
1802,58,1
1802,928,1
1802,1837,1
1802,1948,1
1803,60,1
1803,1520,1
1803,1804,1
1803,1944,1
1804,61,1
1804,320,1
1804,962,1
1804,1803,1
1805,575,1
1805,1398,1
1805,1862,1
1805,1919,1
1806,211,1
1806,1447,1
1806,1950,1
1806,1967,1
1807,1,1
1807,1065,1
1807,1319,1
1807,1441,1
1808,758,1
1808,794,1
1808,1113,1
1808,1949,1
1809,136,1
1809,1322,1
1809,1761,1
1809,2000,1
1810,221,1
1810,657,1
1810,1002,1
1810,1576,1
1811,452,1
1811,484,1
1811,1495,1
1811,1786,1
1812,942,1
1812,1362,1
1812,1418,1
1812,1857,1
1813,1038,1
1813,1217,1
1813,1794,1
1813,1814,1
1814,150,1
1814,336,1
1814,1480,1
1814,1813,1
1815,1706,1
1815,1865,1
1815,1952,1
1815,1994,1
1816,705,1
1816,1047,1
1816,1479,1
1816,1988,1
1817,586,1
1817,1550,1
1817,1958,1
1817,1992,1
1818,760,1
1818,1877,1
1818,1912,1
1818,1916,1
1819,412,1
1819,457,1
1819,1013,1
1819,1450,1
1820,74,1
1820,1894,1
1820,1990,1
1820,1996,1
1821,411,1
1821,846,1
1821,1663,1
1821,1836,1
1822,17,1
1822,712,1
1822,1321,1
1822,1460,1
1823,75,1
1823,792,1
1823,1997,1
1823,1999,1
1824,177,1
1824,1513,1
1824,1627,1
1824,1972,1
1825,562,1
1825,1722,1
1825,1743,1
1825,1986,1
1826,669,1
1826,1001,1
1826,1079,1
1826,1377,1
1827,867,1
1827,1030,1
1827,1796,1
1827,1829,1
1828,1022,1
1828,1164,1
1828,1640,1
1828,1672,1
1829,28,1
1829,705,1
1829,727,1
1829,1827,1
1830,1389,1
1830,1644,1
1830,1793,1
1830,1832,1
1831,813,1
1831,1770,1
1831,1919,1
1831,1949,1
1832,741,1
1832,1452,1
1832,1830,1
1832,1946,1
1833,603,1
1833,1203,1
1833,1370,1
1833,1695,1
1834,463,1
1834,522,1
1834,1105,1
1834,1253,1
1835,201,1
1835,524,1
1835,545,1
1835,1325,1
1836,473,1
1836,1447,1
1836,1494,1
1836,1821,1
1837,59,1
1837,178,1
1837,1505,1
1837,1802,1
1838,1186,1
1838,1678,1
1838,1701,1
1838,1769,1
1839,517,1
1839,666,1
1839,841,1
1839,1333,1
1840,381,1
1840,714,1
1840,1412,1
1840,1646,1
1841,193,1
1841,1597,1
1841,1777,1
1841,1935,1
1842,657,1
1842,1742,1
1842,1890,1
1842,1892,1
1843,316,1
1843,1778,1
1843,1844,1
1843,1988,1
1844,365,1
1844,416,1
1844,584,1
1844,1843,1
1845,996,1
1845,1193,1
1845,1262,1
1845,1477,1
1846,292,1
1846,1068,1
1846,1737,1
1846,1847,1
1847,145,1
1847,904,1
1847,1110,1
1847,1846,1
1848,901,1
1848,1154,1
1848,1936,1
1848,1960,1
1849,505,1
1849,991,1
1849,1742,1
1849,1894,1
1850,1365,1
1850,1722,1
1850,1861,1
1850,1896,1
1851,592,1
1851,1103,1
1851,1167,1
1851,1264,1
1852,675,1
1852,811,1
1852,946,1
1852,1949,1
1853,674,1
1853,1115,1
1853,1406,1
1853,1651,1
1854,143,1
1854,1005,1
1854,1362,1
1854,1570,1
1855,1040,1
1855,1527,1
1855,1763,1
1855,1937,1
1856,820,1
1856,1445,1
1856,1601,1
1856,1660,1
1857,101,1
1857,268,1
1857,1155,1
1857,1812,1
1858,433,1
1858,608,1
1858,1953,1
1858,1994,1
1859,85,1
1859,640,1
1859,1266,1
1859,1916,1
1859,1981,1
1860,77,1
1860,1335,1
1860,1398,1
1860,1730,1
1860,1733,1
1861,865,1
1861,1076,1
1861,1850,1
1861,1913,1
1861,1975,1
1862,1094,1
1862,1805,1
1862,1864,1
1862,1936,1
1862,1990,1
1863,63,1
1863,769,1
1863,1162,1
1863,1254,1
1863,1777,1
1864,528,1
1864,1524,1
1864,1628,1
1864,1862,1
1864,1973,1
1865,624,1
1865,1303,1
1865,1815,1
1865,1904,1
1865,1934,1
1866,167,1
1866,923,1
1866,1762,1
1866,1931,1
1866,1972,1
1867,618,1
1867,1036,1
1867,1167,1
1867,1883,1
1867,1897,1
1868,271,1
1868,395,1
1868,464,1
1868,675,1
1868,1872,1
1869,132,1
1869,190,1
1869,1346,1
1869,1383,1
1869,1871,1
1870,464,1
1870,1580,1
1870,1591,1
1870,1787,1
1870,2000,1
1871,562,1
1871,1052,1
1871,1103,1
1871,1587,1
1871,1869,1
1872,151,1
1872,964,1
1872,1486,1
1872,1639,1
1872,1868,1
1873,295,1
1873,300,1
1873,1458,1
1873,1889,1
1873,1940,1
1874,1408,1
1874,1616,1
1874,1924,1
1874,1967,1
1874,1993,1
1875,559,1
1875,875,1
1875,1597,1
1875,1878,1
1875,1948,1
1876,175,1
1876,335,1
1876,728,1
1876,961,1
1876,995,1
1877,205,1
1877,1605,1
1877,1818,1
1877,1924,1
1877,1972,1
1878,112,1
1878,1042,1
1878,1285,1
1878,1647,1
1878,1875,1
1879,598,1
1879,804,1
1879,1130,1
1879,1485,1
1879,1885,1
1880,161,1
1880,1126,1
1880,1246,1
1880,1446,1
1880,1888,1
1881,140,1
1881,1223,1
1881,1330,1
1881,1799,1
1881,1920,1
1882,5,1
1882,627,1
1882,1407,1
1882,1792,1
1882,1999,1
1883,338,1
1883,1299,1
1883,1508,1
1883,1770,1
1883,1867,1
1884,6,1
1884,155,1
1884,347,1
1884,881,1
1884,1127,1
1885,90,1
1885,470,1
1885,1387,1
1885,1776,1
1885,1879,1
1886,223,1
1886,282,1
1886,1585,1
1886,1654,1
1886,1743,1
1887,281,1
1887,283,1
1887,1242,1
1887,1720,1
1887,1958,1
1888,1020,1
1888,1233,1
1888,1745,1
1888,1880,1
1888,1925,1
1889,234,1
1889,1089,1
1889,1694,1
1889,1873,1
1889,1935,1
1890,312,1
1890,572,1
1890,953,1
1890,1611,1
1890,1842,1
1891,129,1
1891,1037,1
1891,1707,1
1891,1784,1
1891,1976,1
1892,193,1
1892,453,1
1892,501,1
1892,1842,1
1892,1895,1
1893,574,1
1893,840,1
1893,1706,1
1893,1894,1
1893,1895,1
1894,689,1
1894,1633,1
1894,1820,1
1894,1849,1
1894,1893,1
1895,1652,1
1895,1892,1
1895,1893,1
1895,1929,1
1895,1932,1
1896,410,1
1896,889,1
1896,1541,1
1896,1850,1
1896,1906,1
1897,699,1
1897,816,1
1897,1029,1
1897,1712,1
1897,1867,1
1898,395,1
1898,1024,1
1898,1250,1
1898,1735,1
1898,1959,1
1899,37,1
1899,631,1
1899,674,1
1899,1225,1
1899,1278,1
1900,380,1
1900,605,1
1900,1384,1
1900,1455,1
1900,1613,1
1901,367,1
1901,1069,1
1901,1538,1
1901,1974,1
1901,1982,1
1902,41,1
1902,366,1
1902,401,1
1902,1188,1
1902,1337,1
1903,137,1
1903,454,1
1903,729,1
1903,1767,1
1903,1923,1
1904,1655,1
1904,1735,1
1904,1760,1
1904,1865,1
1904,1999,1
1905,114,1
1905,364,1
1905,766,1
1905,891,1
1905,1996,1
1906,476,1
1906,755,1
1906,1715,1
1906,1896,1
1906,1992,1
1907,228,1
1907,337,1
1907,1109,1
1907,1632,1
1907,1780,1
1908,802,1
1908,813,1
1908,1528,1
1908,1960,1
1908,1962,1
1909,268,1
1909,625,1
1909,1354,1
1909,1912,1
1909,1973,1
1910,68,1
1910,548,1
1910,793,1
1910,1797,1
1910,1918,1
1911,1090,1
1911,1129,1
1911,1231,1
1911,1318,1
1911,1956,1
1912,251,1
1912,1699,1
1912,1818,1
1912,1909,1
1912,1972,1
1913,27,1
1913,259,1
1913,1450,1
1913,1575,1
1913,1861,1
1914,404,1
1914,693,1
1914,1273,1
1914,1419,1
1914,1616,1
1915,242,1
1915,777,1
1915,1540,1
1915,1960,1
1915,1989,1
1916,1471,1
1916,1495,1
1916,1818,1
1916,1859,1
1916,1918,1
1917,151,1
1917,407,1
1917,497,1
1917,1063,1
1917,1122,1
1918,332,1
1918,542,1
1918,1221,1
1918,1910,1
1918,1916,1
1919,702,1
1919,1197,1
1919,1470,1
1919,1805,1
1919,1831,1
1919,1986,1
1920,696,1
1920,1342,1
1920,1441,1
1920,1472,1
1920,1881,1
1920,1922,1
1921,144,1
1921,311,1
1921,1139,1
1921,1581,1
1921,1708,1
1921,1945,1
1922,61,1
1922,459,1
1922,556,1
1922,1401,1
1922,1920,1
1922,1979,1
1923,188,1
1923,840,1
1923,844,1
1923,1436,1
1923,1792,1
1923,1903,1
1924,1564,1
1924,1761,1
1924,1874,1
1924,1877,1
1924,1925,1
1924,1926,1
1925,1379,1
1925,1421,1
1925,1427,1
1925,1549,1
1925,1888,1
1925,1924,1
1926,306,1
1926,614,1
1926,759,1
1926,1759,1
1926,1924,1
1926,1976,1
1927,172,1
1927,491,1
1927,820,1
1927,1078,1
1927,1632,1
1927,1950,1
1928,332,1
1928,740,1
1928,925,1
1928,958,1
1928,1510,1
1928,1751,1
1929,238,1
1929,535,1
1929,765,1
1929,1029,1
1929,1895,1
1929,1932,1
1930,31,1
1930,486,1
1930,686,1
1930,744,1
1930,932,1
1930,1208,1
1931,533,1
1931,864,1
1931,1106,1
1931,1396,1
1931,1866,1
1931,1937,1
1932,655,1
1932,880,1
1932,1099,1
1932,1762,1
1932,1895,1
1932,1929,1
1933,195,1
1933,199,1
1933,359,1
1933,818,1
1933,1411,1
1933,1966,1
1934,385,1
1934,1000,1
1934,1295,1
1934,1308,1
1934,1323,1
1934,1865,1
1935,929,1
1935,976,1
1935,1402,1
1935,1516,1
1935,1841,1
1935,1889,1
1936,23,1
1936,923,1
1936,1261,1
1936,1551,1
1936,1848,1
1936,1862,1
1937,577,1
1937,616,1
1937,773,1
1937,1095,1
1937,1855,1
1937,1931,1
1938,62,1
1938,420,1
1938,486,1
1938,726,1
1938,1391,1
1938,1970,1
1939,214,1
1939,552,1
1939,1416,1
1939,1782,1
1939,1969,1
1939,1970,1
1940,1461,1
1940,1719,1
1940,1745,1
1940,1873,1
1940,1941,1
1940,1991,1
1941,178,1
1941,649,1
1941,693,1
1941,1940,1
1941,1942,1
1941,1943,1
1942,167,1
1942,933,1
1942,1218,1
1942,1624,1
1942,1941,1
1942,1984,1
1943,233,1
1943,1209,1
1943,1400,1
1943,1700,1
1943,1941,1
1943,1953,1
1944,676,1
1944,945,1
1944,1234,1
1944,1393,1
1944,1630,1
1944,1803,1
1945,991,1
1945,1008,1
1945,1101,1
1945,1334,1
1945,1921,1
1945,1997,1
1946,72,1
1946,133,1
1946,1382,1
1946,1564,1
1946,1832,1
1946,1993,1
1947,433,1
1947,481,1
1947,808,1
1947,870,1
1947,1179,1
1947,1957,1
1948,495,1
1948,950,1
1948,1171,1
1948,1462,1
1948,1802,1
1948,1875,1
1949,861,1
1949,1230,1
1949,1808,1
1949,1831,1
1949,1852,1
1949,1985,1
1950,456,1
1950,583,1
1950,857,1
1950,881,1
1950,1806,1
1950,1927,1
1951,385,1
1951,694,1
1951,838,1
1951,1523,1
1951,1649,1
1951,1998,1
1952,15,1
1952,743,1
1952,1055,1
1952,1650,1
1952,1741,1
1952,1753,1
1952,1815,1
1953,82,1
1953,131,1
1953,391,1
1953,1020,1
1953,1858,1
1953,1943,1
1953,1999,1
1954,757,1
1954,1091,1
1954,1132,1
1954,1185,1
1954,1234,1
1954,1976,1
1954,1999,1
1955,29,1
1955,110,1
1955,770,1
1955,1429,1
1955,1638,1
1955,1771,1
1955,1994,1
1956,96,1
1956,325,1
1956,1338,1
1956,1422,1
1956,1692,1
1956,1911,1
1956,1960,1
1957,653,1
1957,898,1
1957,1226,1
1957,1247,1
1957,1437,1
1957,1534,1
1957,1947,1
1958,637,1
1958,982,1
1958,1418,1
1958,1779,1
1958,1817,1
1958,1887,1
1958,1963,1
1959,278,1
1959,886,1
1959,968,1
1959,1056,1
1959,1754,1
1959,1898,1
1959,1963,1
1960,265,1
1960,1776,1
1960,1848,1
1960,1908,1
1960,1915,1
1960,1956,1
1960,1965,1
1961,648,1
1961,660,1
1961,718,1
1961,906,1
1961,1258,1
1961,1492,1
1961,1634,1
1962,65,1
1962,203,1
1962,311,1
1962,561,1
1962,1373,1
1962,1666,1
1962,1908,1
1963,342,1
1963,746,1
1963,1335,1
1963,1469,1
1963,1637,1
1963,1958,1
1963,1959,1
1964,48,1
1964,394,1
1964,422,1
1964,461,1
1964,1169,1
1964,1359,1
1964,1966,1
1965,244,1
1965,263,1
1965,415,1
1965,833,1
1965,1523,1
1965,1726,1
1965,1960,1
1966,526,1
1966,1187,1
1966,1487,1
1966,1721,1
1966,1933,1
1966,1964,1
1966,1991,1
1967,126,1
1967,1606,1
1967,1626,1
1967,1806,1
1967,1874,1
1967,1973,1
1967,1983,1
1968,164,1
1968,244,1
1968,460,1
1968,555,1
1968,1674,1
1968,1775,1
1968,1987,1
1969,102,1
1969,166,1
1969,1293,1
1969,1380,1
1969,1607,1
1969,1939,1
1969,1983,1
1970,321,1
1970,447,1
1970,1328,1
1970,1352,1
1970,1469,1
1970,1483,1
1970,1938,1
1970,1939,1
1971,161,1
1971,237,1
1971,350,1
1971,452,1
1971,762,1
1971,981,1
1971,1120,1
1971,1430,1
1972,1120,1
1972,1274,1
1972,1353,1
1972,1638,1
1972,1824,1
1972,1866,1
1972,1877,1
1972,1912,1
1973,62,1
1973,446,1
1973,493,1
1973,994,1
1973,1001,1
1973,1864,1
1973,1909,1
1973,1967,1
1974,103,1
1974,706,1
1974,860,1
1974,1228,1
1974,1256,1
1974,1679,1
1974,1681,1
1974,1901,1
1975,405,1
1975,449,1
1975,797,1
1975,1312,1
1975,1351,1
1975,1763,1
1975,1861,1
1975,1994,1
1976,202,1
1976,695,1
1976,1215,1
1976,1242,1
1976,1891,1
1976,1926,1
1976,1954,1
1976,1978,1
1977,162,1
1977,222,1
1977,389,1
1977,525,1
1977,863,1
1977,918,1
1977,1470,1
1977,1724,1
1978,110,1
1978,323,1
1978,720,1
1978,805,1
1978,946,1
1978,1280,1
1978,1589,1
1978,1976,1
1979,135,1
1979,186,1
1979,227,1
1979,495,1
1979,518,1
1979,1090,1
1979,1491,1
1979,1922,1
1980,784,1
1980,1145,1
1980,1301,1
1980,1409,1
1980,1442,1
1980,1776,1
1980,1981,1
1980,1986,1
1981,40,1
1981,285,1
1981,1018,1
1981,1053,1
1981,1171,1
1981,1252,1
1981,1636,1
1981,1859,1
1981,1980,1
1982,814,1
1982,888,1
1982,1099,1
1982,1246,1
1982,1389,1
1982,1509,1
1982,1538,1
1982,1800,1
1982,1901,1
1983,78,1
1983,781,1
1983,1524,1
1983,1670,1
1983,1675,1
1983,1714,1
1983,1796,1
1983,1967,1
1983,1969,1
1984,139,1
1984,304,1
1984,391,1
1984,498,1
1984,549,1
1984,708,1
1984,895,1
1984,1369,1
1984,1942,1
1985,416,1
1985,666,1
1985,683,1
1985,912,1
1985,1524,1
1985,1607,1
1985,1949,1
1985,1991,1
1985,1998,1
1986,297,1
1986,319,1
1986,1178,1
1986,1499,1
1986,1689,1
1986,1825,1
1986,1919,1
1986,1980,1
1986,1991,1
1987,92,1
1987,309,1
1987,761,1
1987,873,1
1987,942,1
1987,1175,1
1987,1480,1
1987,1726,1
1987,1968,1
1988,519,1
1988,660,1
1988,690,1
1988,782,1
1988,944,1
1988,1286,1
1988,1476,1
1988,1560,1
1988,1816,1
1988,1843,1
1989,85,1
1989,677,1
1989,1074,1
1989,1479,1
1989,1629,1
1989,1700,1
1989,1747,1
1989,1754,1
1989,1915,1
1989,1992,1
1989,2000,1
1990,38,1
1990,520,1
1990,696,1
1990,916,1
1990,985,1
1990,1027,1
1990,1289,1
1990,1608,1
1990,1820,1
1990,1862,1
1990,1996,1
1991,355,1
1991,393,1
1991,427,1
1991,716,1
1991,1404,1
1991,1491,1
1991,1785,1
1991,1940,1
1991,1966,1
1991,1985,1
1991,1986,1
1992,494,1
1992,793,1
1992,798,1
1992,811,1
1992,1106,1
1992,1502,1
1992,1577,1
1992,1788,1
1992,1817,1
1992,1906,1
1992,1989,1
1992,1998,1
1993,45,1
1993,170,1
1993,350,1
1993,420,1
1993,453,1
1993,521,1
1993,1159,1
1993,1436,1
1993,1595,1
1993,1874,1
1993,1946,1
1993,1995,1
1994,7,1
1994,129,1
1994,474,1
1994,1078,1
1994,1551,1
1994,1702,1
1994,1815,1
1994,1858,1
1994,1955,1
1994,1975,1
1994,1995,1
1994,1997,1
1995,55,1
1995,170,1
1995,357,1
1995,1347,1
1995,1357,1
1995,1360,1
1995,1615,1
1995,1619,1
1995,1722,1
1995,1993,1
1995,1994,1
1995,1997,1
1995,1999,1
1996,210,1
1996,274,1
1996,642,1
1996,665,1
1996,929,1
1996,1043,1
1996,1372,1
1996,1618,1
1996,1650,1
1996,1766,1
1996,1820,1
1996,1905,1
1996,1990,1
1997,196,1
1997,734,1
1997,862,1
1997,1089,1
1997,1382,1
1997,1601,1
1997,1645,1
1997,1659,1
1997,1698,1
1997,1823,1
1997,1945,1
1997,1994,1
1997,1995,1
1997,2000,1
1998,169,1
1998,254,1
1998,306,1
1998,559,1
1998,620,1
1998,781,1
1998,878,1
1998,958,1
1998,1046,1
1998,1098,1
1998,1460,1
1998,1462,1
1998,1563,1
1998,1951,1
1998,1985,1
1998,1992,1
1998,1999,1
1998,2000,1
1999,387,1
1999,410,1
1999,461,1
1999,682,1
1999,885,1
1999,1014,1
1999,1079,1
1999,1277,1
1999,1578,1
1999,1663,1
1999,1735,1
1999,1788,1
1999,1823,1
1999,1882,1
1999,1904,1
1999,1953,1
1999,1954,1
1999,1995,1
1999,1998,1
1999,2000,1
2000,492,1
2000,802,1
2000,803,1
2000,922,1
2000,966,1
2000,1002,1
2000,1100,1
2000,1156,1
2000,1332,1
2000,1527,1
2000,1539,1
2000,1687,1
2000,1694,1
2000,1761,1
2000,1799,1
2000,1809,1
2000,1870,1
2000,1989,1
2000,1997,1
2000,1998,1
2000,1999,1
1,2,2
1,58,2
2,1,2
3,4,2
4,3,2
4,26,2
5,6,2
5,32,2
6,5,2
6,1019,2
7,8,2
7,68,2
8,7,2
8,75,2
9,10,2
9,53,2
10,9,2
10,38,2
11,12,2
11,57,2
12,11,2
12,103,2
13,14,2
13,79,2
14,13,2
14,164,2
15,16,2
15,23,2
16,15,2
16,81,2
17,18,2
17,1822,2
18,17,2
18,20,2
19,20,2
19,280,2
20,18,2
20,19,2
21,22,2
21,150,2
22,21,2
23,15,2
23,24,2
24,23,2
24,111,2
25,26,2
25,56,2
26,4,2
26,25,2
27,28,2
27,243,2
28,27,2
28,88,2
29,30,2
29,33,2
30,29,2
30,635,2
31,32,2
31,1588,2
32,5,2
32,31,2
33,29,2
33,34,2
34,33,2
34,50,2
35,36,2
35,178,2
36,35,2
36,67,2
37,38,2
37,105,2
38,10,2
38,37,2
39,40,2
39,1370,2
40,39,2
40,223,2
41,42,2
41,59,2
42,41,2
42,96,2
43,44,2
43,49,2
44,43,2
44,360,2
45,46,2
45,1993,2
46,45,2
46,98,2
47,48,2
47,101,2
48,47,2
48,1964,2
49,43,2
49,51,2
50,34,2
50,1220,2
51,49,2
51,333,2
52,53,2
52,76,2
53,9,2
53,52,2
54,56,2
54,208,2
55,1740,2
55,1995,2
56,25,2
56,54,2
57,11,2
57,926,2
58,1,2
58,1740,2
59,41,2
59,60,2
60,59,2
60,156,2
61,62,2
61,1922,2
62,61,2
62,1973,2
63,64,2
63,69,2
64,63,2
64,73,2
65,66,2
65,115,2
66,65,2
66,141,2
67,36,2
67,68,2
68,7,2
68,67,2
69,63,2
69,70,2
70,69,2
70,580,2
71,72,2
71,97,2
72,71,2
72,110,2
73,64,2
73,74,2
74,73,2
74,80,2
75,8,2
75,76,2
76,52,2
76,75,2
77,78,2
77,90,2
78,77,2
78,127,2
79,13,2
79,81,2
80,74,2
80,851,2
81,16,2
81,79,2
82,83,2
82,89,2
83,82,2
83,219,2
84,113,2
84,1859,2
85,86,2
85,1859,2
86,85,2
86,87,2
87,86,2
87,106,2
88,28,2
88,89,2
89,82,2
89,88,2
90,77,2
90,91,2
91,90,2
91,172,2
92,93,2
92,428,2
93,92,2
93,121,2
94,95,2
94,787,2
95,94,2
95,107,2
96,42,2
96,97,2
97,71,2
97,96,2
98,46,2
98,100,2
99,1910,2
99,1912,2
100,98,2
100,513,2
101,47,2
101,980,2
102,103,2
102,189,2
103,12,2
103,102,2
104,105,2
104,1799,2
105,37,2
105,104,2
106,87,2
106,107,2
107,95,2
107,106,2
108,109,2
108,184,2
109,108,2
109,279,2
110,72,2
110,1955,2
111,24,2
111,112,2
112,111,2
112,155,2
113,84,2
113,114,2
114,113,2
114,126,2
115,65,2
115,116,2
116,115,2
116,117,2
117,116,2
117,118,2
118,117,2
118,166,2
119,120,2
119,212,2
120,119,2
120,719,2
121,93,2
121,122,2
122,121,2
122,134,2
123,124,2
123,143,2
124,123,2
124,129,2
125,126,2
125,139,2
126,114,2
126,125,2
127,78,2
127,1688,2
128,144,2
128,1688,2
129,124,2
129,1891,2
130,131,2
130,263,2
131,130,2
131,159,2
132,133,2
132,709,2
133,132,2
133,145,2
134,122,2
134,135,2
135,134,2
135,227,2
136,137,2
136,209,2
137,136,2
137,173,2
138,139,2
138,154,2
139,125,2
139,138,2
140,181,2
140,1473,2
141,66,2
141,142,2
142,141,2
142,193,2
143,123,2
143,1847,2
144,128,2
144,146,2
145,133,2
145,1847,2
146,144,2
146,269,2
147,148,2
147,1736,2
148,147,2
148,157,2
149,150,2
149,250,2
150,21,2
150,149,2
151,1130,2
151,1917,2
152,153,2
152,1298,2
153,152,2
153,188,2
154,138,2
154,1884,2
155,112,2
155,1884,2
156,60,2
156,157,2
157,148,2
157,156,2
158,159,2
158,183,2
159,131,2
159,158,2
160,161,2
160,1583,2
161,160,2
161,174,2
162,163,2
162,273,2
163,162,2
163,191,2
164,14,2
164,165,2
165,164,2
165,272,2
166,118,2
166,663,2
167,168,2
167,417,2
168,167,2
168,206,2
169,170,2
169,1998,2
170,169,2
170,614,2
171,172,2
171,213,2
172,91,2
172,171,2
173,137,2
173,974,2
174,161,2
174,175,2
175,174,2
175,192,2
176,177,2
176,445,2
177,176,2
177,1824,2
178,35,2
178,179,2
179,178,2
179,271,2
180,181,2
180,341,2
181,140,2
181,180,2
182,183,2
182,187,2
183,158,2
183,182,2
184,108,2
184,185,2
185,184,2
185,291,2
186,1347,2
186,1734,2
187,182,2
187,1734,2
188,153,2
188,189,2
189,102,2
189,188,2
190,192,2
190,202,2
191,163,2
191,193,2
192,175,2
192,190,2
193,142,2
193,191,2
194,195,2
194,238,2
195,194,2
195,1792,2
196,248,2
196,1662,2
197,244,2
197,1662,2
198,199,2
198,267,2
199,198,2
199,264,2
200,201,2
200,258,2
201,200,2
201,346,2
202,190,2
202,204,2
203,205,2
203,1962,2
204,202,2
204,281,2
205,203,2
205,1535,2
206,168,2
206,207,2
207,206,2
207,266,2
208,54,2
208,209,2
209,136,2
209,208,2
210,239,2
210,1806,2
211,249,2
211,1806,2
212,119,2
212,213,2
213,171,2
213,212,2
214,216,2
214,1386,2
215,217,2
215,345,2
216,214,2
216,217,2
217,215,2
217,216,2
218,219,2
218,355,2
219,83,2
219,218,2
220,295,2
220,1810,2
221,232,2
221,1810,2
222,223,2
222,1466,2
223,40,2
223,222,2
224,1384,2
224,1475,2
225,226,2
225,245,2
226,225,2
226,228,2
227,135,2
227,228,2
228,226,2
228,227,2
229,230,2
229,247,2
230,229,2
230,1688,2
231,232,2
231,274,2
232,221,2
232,231,2
233,234,2
233,253,2
234,233,2
234,1714,2
235,604,2
235,1640,2
236,237,2
236,261,2
237,236,2
237,317,2
238,194,2
238,239,2
239,210,2
239,238,2
240,241,2
240,332,2
241,240,2
241,394,2
242,243,2
242,1915,2
243,27,2
243,242,2
244,197,2
244,245,2
245,225,2
245,244,2
246,247,2
246,270,2
247,229,2
247,246,2
248,196,2
248,249,2
249,211,2
249,248,2
250,149,2
250,251,2
251,250,2
251,366,2
252,253,2
252,1472,2
253,233,2
253,252,2
254,280,2
254,325,2
255,280,2
255,303,2
256,257,2
256,1283,2
257,256,2
257,262,2
258,200,2
258,259,2
259,258,2
259,343,2
260,261,2
260,294,2
261,236,2
261,260,2
262,257,2
262,1045,2
263,130,2
263,1732,2
264,199,2
264,567,2
265,597,2
265,1732,2
266,207,2
266,1857,2
267,198,2
267,860,2
268,1857,2
268,1909,2
269,146,2
269,1170,2
270,246,2
270,271,2
271,179,2
271,270,2
272,165,2
272,273,2
273,162,2
273,272,2
274,231,2
274,1996,2
275,276,2
275,286,2
276,275,2
276,278,2
277,285,2
277,747,2
278,276,2
278,279,2
279,109,2
279,278,2
280,19,2
280,254,2
280,255,2
281,204,2
281,282,2
282,281,2
282,326,2
283,284,2
283,313,2
284,283,2
284,308,2
285,277,2
285,286,2
286,275,2
286,285,2
287,288,2
287,336,2
288,287,2
288,1248,2
289,334,2
289,1413,2
290,1128,2
290,1413,2
291,185,2
291,292,2
292,291,2
292,322,2
293,294,2
293,1229,2
294,260,2
294,293,2
295,220,2
295,296,2
296,295,2
296,416,2
297,298,2
297,319,2
298,297,2
298,342,2
299,300,2
299,493,2
300,299,2
300,305,2
301,302,2
301,1721,2
302,301,2
302,402,2
303,255,2
303,1292,2
304,305,2
304,413,2
305,300,2
305,304,2
306,307,2
306,1926,2
307,306,2
307,383,2
308,284,2
308,309,2
309,308,2
309,379,2
310,311,2
310,351,2
311,310,2
311,1962,2
312,313,2
312,372,2
313,283,2
313,312,2
314,331,2
314,1643,2
315,316,2
315,1643,2
316,315,2
316,317,2
317,237,2
317,316,2
318,319,2
318,1699,2
319,297,2
319,318,2
320,321,2
320,1804,2
321,320,2
321,344,2
322,292,2
322,975,2
323,324,2
323,1978,2
324,323,2
324,901,2
325,254,2
325,326,2
326,282,2
326,325,2
327,328,2
327,1615,2
328,327,2
328,339,2
329,335,2
329,1407,2
330,419,2
330,1407,2
331,314,2
331,332,2
332,240,2
332,331,2
333,51,2
333,334,2
334,289,2
334,333,2
335,329,2
335,336,2
336,287,2
336,335,2
337,338,2
337,411,2
338,337,2
338,473,2
339,328,2
339,340,2
340,339,2
340,478,2
341,180,2
341,1658,2
342,298,2
342,1658,2
343,259,2
343,344,2
344,321,2
344,343,2
345,215,2
345,346,2
346,201,2
346,345,2
347,399,2
347,1884,2
348,359,2
348,1054,2
349,350,2
349,532,2
350,349,2
350,1993,2
351,310,2
351,352,2
352,351,2
352,367,2
353,355,2
353,1718,2
354,443,2
354,707,2
355,218,2
355,353,2
356,357,2
356,361,2
357,356,2
357,835,2
358,359,2
358,388,2
359,348,2
359,358,2
360,44,2
360,713,2
360,771,2
361,356,2
361,362,2
362,361,2
362,911,2
363,364,2
363,376,2
364,363,2
364,500,2
365,367,2
365,380,2
366,251,2
366,368,2
367,352,2
367,365,2
368,366,2
368,1182,2
369,370,2
369,395,2
370,369,2
370,378,2
371,372,2
371,384,2
372,312,2
372,371,2
373,374,2
373,403,2
374,373,2
374,393,2
375,376,2
375,404,2
376,363,2
376,375,2
377,378,2
377,1239,2
378,370,2
378,377,2
379,309,2
379,380,2
380,365,2
380,379,2
381,382,2
381,434,2
382,381,2
382,456,2
383,307,2
383,384,2
384,371,2
384,383,2
385,1691,2
385,1934,2
386,431,2
386,1691,2
387,388,2
387,1999,2
388,358,2
388,387,2
389,390,2
389,398,2
390,389,2
390,433,2
391,566,2
391,1953,2
392,393,2
392,455,2
393,374,2
393,392,2
394,241,2
394,395,2
395,369,2
395,394,2
396,397,2
396,508,2
397,396,2
397,518,2
398,389,2
398,399,2
399,347,2
399,398,2
400,401,2
400,429,2
401,400,2
401,453,2
402,302,2
402,403,2
403,373,2
403,402,2
404,375,2
404,1635,2
405,1635,2
405,1975,2
406,407,2
406,482,2
407,406,2
407,868,2
408,409,2
408,527,2
409,408,2
409,438,2
410,411,2
410,1995,2
411,337,2
411,410,2
412,413,2
412,441,2
413,304,2
413,412,2
414,415,2
414,464,2
415,414,2
415,1965,2
416,296,2
416,418,2
417,167,2
417,922,2
418,416,2
418,1600,2
419,330,2
419,420,2
420,419,2
420,551,2
421,422,2
421,461,2
422,421,2
422,425,2
423,424,2
423,450,2
424,423,2
424,1739,2
425,422,2
425,426,2
426,425,2
426,534,2
427,428,2
427,432,2
428,92,2
428,427,2
429,400,2
429,430,2
430,429,2
430,467,2
431,386,2
431,432,2
432,427,2
432,431,2
433,390,2
433,434,2
434,381,2
434,433,2
435,436,2
435,458,2
436,435,2
436,483,2
437,438,2
437,543,2
438,409,2
438,437,2
439,514,2
439,1279,2
440,442,2
440,466,2
441,412,2
441,1633,2
442,440,2
442,460,2
443,354,2
443,444,2
444,443,2
444,1392,2
445,176,2
445,446,2
446,445,2
446,452,2
447,477,2
447,1970,2
448,449,2
448,1061,2
449,448,2
449,1975,2
450,423,2
450,451,2
451,450,2
451,468,2
452,446,2
452,453,2
453,401,2
453,452,2
454,455,2
454,1259,2
455,392,2
455,454,2
456,382,2
456,1950,2
457,458,2
457,1169,2
458,435,2
458,457,2
459,461,2
459,594,2
460,442,2
460,462,2
461,421,2
461,459,2
462,460,2
462,471,2
463,464,2
463,576,2
464,414,2
464,463,2
465,466,2
465,537,2
466,440,2
466,465,2
467,430,2
467,468,2
468,451,2
468,467,2
469,554,2
469,1373,2
470,498,2
470,1373,2
471,462,2
471,472,2
472,471,2
472,545,2
473,338,2
473,475,2
474,488,2
474,730,2
475,473,2
475,571,2
476,501,2
476,1906,2
477,447,2
477,478,2
478,340,2
478,477,2
479,480,2
479,1415,2
480,479,2
480,507,2
481,482,2
481,517,2
482,406,2
482,481,2
483,436,2
483,1811,2
484,515,2
484,1811,2
485,486,2
485,569,2
486,485,2
486,497,2
487,488,2
487,544,2
488,474,2
488,487,2
489,490,2
489,504,2
490,489,2
490,636,2
491,1927,2
491,1995,2
492,1705,2
492,2000,2
493,299,2
493,1973,2
494,495,2
494,755,2
495,494,2
495,581,2
496,497,2
496,1624,2
497,486,2
497,496,2
498,470,2
498,1984,2
499,500,2
499,1451,2
500,364,2
500,499,2
501,476,2
501,1892,2
502,503,2
502,604,2
503,502,2
503,516,2
504,489,2
504,505,2
505,504,2
505,511,2
506,508,2
506,1190,2
507,480,2
507,626,2
508,396,2
508,506,2
509,510,2
509,1753,2
510,509,2
510,1995,2
511,505,2
511,512,2
512,511,2
512,1504,2
513,100,2
513,514,2
514,439,2
514,513,2
515,484,2
515,516,2
516,503,2
516,515,2
517,481,2
517,518,2
518,397,2
518,517,2
519,520,2
519,584,2
520,519,2
520,1553,2
521,522,2
521,593,2
522,521,2
522,587,2
523,528,2
523,1270,2
524,525,2
524,629,2
525,524,2
525,630,2
526,527,2
526,1966,2
527,408,2
527,526,2
528,523,2
528,530,2
529,531,2
529,588,2
530,528,2
530,586,2
531,529,2
531,592,2
532,349,2
532,533,2
533,532,2
533,606,2
534,426,2
534,535,2
535,534,2
535,1929,2
536,600,2
536,1068,2
537,465,2
537,538,2
538,537,2
538,942,2
539,540,2
539,541,2
540,539,2
540,598,2
541,539,2
541,542,2
542,541,2
542,927,2
543,437,2
543,544,2
544,487,2
544,543,2
545,472,2
545,546,2
546,545,2
546,1414,2
547,651,2
547,1910,2
548,558,2
548,1910,2
549,551,2
549,564,2
550,552,2
550,562,2
551,420,2
551,549,2
552,550,2
552,585,2
553,554,2
553,557,2
554,469,2
554,553,2
555,565,2
555,1968,2
556,1507,2
556,1922,2
557,553,2
557,558,2
558,548,2
558,557,2
559,560,2
559,620,2
560,559,2
560,1117,2
561,562,2
561,582,2
562,550,2
562,561,2
563,564,2
563,572,2
564,549,2
564,563,2
565,555,2
565,566,2
566,391,2
566,565,2
567,264,2
567,692,2
568,569,2
568,699,2
569,485,2
569,568,2
570,571,2
570,618,2
571,475,2
571,570,2
572,563,2
572,573,2
573,572,2
573,721,2
574,577,2
574,655,2
575,578,2
575,583,2
576,463,2
576,1063,2
577,574,2
577,578,2
578,575,2
578,577,2
579,582,2
579,615,2
580,70,2
580,1527,2
581,495,2
581,715,2
582,561,2
582,579,2
583,575,2
583,584,2
584,519,2
584,583,2
585,552,2
585,1727,2
586,530,2
586,1800,2
587,522,2
587,588,2
588,529,2
588,587,2
589,590,2
589,619,2
590,589,2
590,1618,2
591,1151,2
591,1467,2
592,531,2
592,593,2
593,521,2
593,592,2
594,459,2
594,595,2
595,594,2
595,640,2
596,597,2
596,1698,2
597,265,2
597,596,2
598,540,2
598,600,2
599,650,2
599,843,2
600,536,2
600,598,2
601,1768,2
601,1858,2
602,603,2
602,1165,2
603,602,2
603,736,2
604,235,2
604,502,2
605,606,2
605,1580,2
606,533,2
606,605,2
607,608,2
607,1731,2
608,607,2
608,641,2
609,610,2
609,616,2
610,609,2
610,632,2
611,612,2
611,638,2
612,611,2
612,684,2
613,614,2
613,675,2
614,170,2
614,613,2
615,579,2
615,616,2
616,609,2
616,615,2
617,618,2
617,894,2
618,570,2
618,617,2
619,589,2
619,620,2
620,559,2
620,619,2
621,622,2
621,686,2
622,621,2
622,876,2
623,625,2
623,1151,2
624,1367,2
624,1865,2
625,623,2
625,668,2
626,507,2
626,639,2
627,628,2
627,765,2
628,627,2
628,1254,2
629,524,2
629,883,2
630,525,2
630,631,2
631,630,2
631,685,2
632,610,2
632,633,2
633,632,2
633,855,2
634,1602,2
634,1726,2
635,30,2
635,1726,2
636,490,2
636,637,2
637,636,2
637,657,2
638,611,2
638,639,2
639,626,2
639,638,2
640,595,2
640,641,2
641,608,2
641,640,2
642,645,2
642,751,2
643,646,2
643,658,2
644,647,2
644,1232,2
645,642,2
645,689,2
646,643,2
646,697,2
647,644,2
647,1276,2
648,650,2
648,654,2
649,682,2
649,882,2
650,599,2
650,648,2
651,547,2
651,652,2
652,651,2
652,1243,2
653,654,2
653,1957,2
654,648,2
654,653,2
655,574,2
655,656,2
656,655,2
656,734,2
657,637,2
657,658,2
658,643,2
658,657,2
659,660,2
659,761,2
660,659,2
660,778,2
661,662,2
661,666,2
662,661,2
662,669,2
663,166,2
663,694,2
664,665,2
664,1003,2
665,664,2
665,725,2
666,661,2
666,667,2
667,666,2
667,722,2
668,625,2
668,669,2
669,662,2
669,668,2
670,671,2
670,1088,2
671,670,2
671,680,2
672,673,2
672,708,2
673,672,2
673,795,2
674,677,2
674,1852,2
675,613,2
675,1852,2
676,1667,2
676,1944,2
677,674,2
677,678,2
678,677,2
678,1096,2
679,730,2
679,1443,2
680,671,2
680,1444,2
681,682,2
681,727,2
682,649,2
682,681,2
683,684,2
683,1985,2
684,612,2
684,683,2
685,631,2
685,686,2
686,621,2
686,685,2
687,688,2
687,712,2
688,687,2
688,815,2
689,645,2
689,690,2
690,689,2
690,780,2
691,692,2
691,710,2
692,567,2
692,691,2
693,1014,2
693,1693,2
694,663,2
694,1693,2
695,696,2
695,718,2
696,695,2
696,700,2
697,646,2
697,698,2
698,697,2
698,711,2
699,568,2
699,700,2
700,696,2
700,699,2
701,703,2
701,724,2
702,704,2
702,881,2
703,701,2
703,704,2
704,702,2
704,703,2
705,706,2
705,1829,2
706,705,2
706,752,2
707,354,2
707,745,2
708,672,2
708,709,2
709,132,2
709,708,2
710,691,2
710,711,2
711,698,2
711,710,2
712,687,2
712,714,2
713,360,2
713,771,2
714,712,2
714,742,2
715,581,2
715,808,2
716,717,2
716,1991,2
717,716,2
717,779,2
718,695,2
718,719,2
719,120,2
719,718,2
720,721,2
720,1978,2
721,573,2
721,720,2
722,667,2
722,724,2
723,757,2
723,1736,2
724,701,2
724,722,2
725,665,2
725,1736,2
726,727,2
726,789,2
727,681,2
727,726,2
728,729,2
728,769,2
729,728,2
729,846,2
730,474,2
730,679,2
731,732,2
731,1288,2
732,731,2
732,844,2
733,734,2
733,993,2
734,656,2
734,733,2
735,736,2
735,1999,2
736,603,2
736,735,2
737,738,2
737,750,2
738,737,2
738,1659,2
739,740,2
739,952,2
740,739,2
740,834,2
741,742,2
741,763,2
742,714,2
742,741,2
743,744,2
743,813,2
744,743,2
744,791,2
745,707,2
745,746,2
746,745,2
746,749,2
747,277,2
747,805,2
748,749,2
748,810,2
749,746,2
749,748,2
750,737,2
750,751,2
751,642,2
751,750,2
752,706,2
752,753,2
753,752,2
753,1222,2
754,755,2
754,819,2
755,494,2
755,754,2
756,757,2
756,766,2
757,723,2
757,756,2
758,759,2
758,774,2
759,758,2
759,960,2
760,761,2
760,800,2
761,659,2
761,760,2
762,764,2
762,843,2
763,741,2
763,765,2
764,762,2
764,799,2
765,627,2
765,763,2
766,756,2
766,767,2
767,766,2
767,768,2
768,767,2
768,769,2
769,728,2
769,768,2
770,773,2
770,1955,2
771,360,2
771,713,2
772,1571,2
772,1664,2
773,770,2
773,838,2
774,758,2
774,775,2
775,774,2
775,811,2
776,1077,2
776,1333,2
777,778,2
777,1915,2
778,660,2
778,777,2
779,717,2
779,1729,2
780,690,2
780,1729,2
781,782,2
781,1998,2
782,781,2
782,785,2
783,784,2
783,786,2
784,783,2
784,865,2
785,782,2
785,786,2
786,783,2
786,785,2
787,94,2
787,788,2
788,787,2
788,917,2
789,726,2
789,790,2
790,789,2
790,1568,2
791,744,2
791,792,2
792,791,2
792,862,2
793,880,2
793,1910,2
794,795,2
794,919,2
795,673,2
795,794,2
796,797,2
796,852,2
797,796,2
797,1999,2
798,799,2
798,804,2
799,764,2
799,798,2
800,760,2
800,801,2
801,800,2
801,837,2
802,803,2
802,874,2
803,802,2
803,1011,2
804,798,2
804,805,2
805,747,2
805,804,2
806,808,2
806,828,2
807,836,2
807,896,2
808,715,2
808,806,2
809,810,2
809,812,2
810,748,2
810,809,2
811,775,2
811,812,2
812,809,2
812,811,2
813,743,2
813,1908,2
814,1277,2
814,1982,2
815,688,2
815,817,2
816,840,2
816,1897,2
817,815,2
817,824,2
818,833,2
818,1181,2
819,754,2
819,820,2
820,819,2
820,879,2
821,822,2
821,826,2
822,821,2
822,847,2
823,832,2
823,913,2
824,817,2
824,825,2
825,824,2
825,887,2
826,821,2
826,827,2
827,826,2
827,1066,2
828,806,2
828,1376,2
829,830,2
829,1640,2
830,829,2
830,951,2
831,832,2
831,910,2
832,823,2
832,831,2
833,818,2
833,834,2
834,740,2
834,833,2
835,357,2
835,836,2
836,807,2
836,835,2
837,801,2
837,838,2
838,773,2
838,837,2
839,840,2
839,1423,2
840,816,2
840,839,2
841,842,2
841,1839,2
842,841,2
842,913,2
843,599,2
843,762,2
844,732,2
844,845,2
845,844,2
845,851,2
846,729,2
846,847,2
847,822,2
847,846,2
848,850,2
848,1042,2
849,853,2
849,1224,2
850,848,2
850,875,2
851,80,2
851,845,2
852,796,2
852,853,2
853,849,2
853,852,2
854,855,2
854,859,2
855,633,2
855,854,2
856,857,2
856,924,2
857,856,2
857,1950,2
858,859,2
858,928,2
859,854,2
859,858,2
860,267,2
860,936,2
861,862,2
861,897,2
862,792,2
862,861,2
863,864,2
863,877,2
864,863,2
864,891,2
865,784,2
865,866,2
866,865,2
866,867,2
867,866,2
867,1544,2
868,407,2
868,870,2
869,870,2
869,1544,2
870,868,2
870,869,2
871,873,2
871,946,2
872,979,2
872,1344,2
873,871,2
873,1987,2
874,802,2
874,875,2
875,850,2
875,874,2
876,622,2
876,1767,2
877,863,2
877,1767,2
878,884,2
878,1998,2
879,820,2
879,1284,2
880,793,2
880,881,2
881,702,2
881,880,2
882,649,2
882,1055,2
883,629,2
883,918,2
884,878,2
884,885,2
885,884,2
885,1999,2
886,887,2
886,935,2
887,825,2
887,886,2
888,1380,2
888,1982,2
889,1097,2
889,1722,2
890,891,2
890,905,2
891,864,2
891,890,2
892,893,2
892,953,2
893,892,2
893,971,2
894,617,2
894,895,2
895,894,2
895,1104,2
896,807,2
896,914,2
897,861,2
897,898,2
898,897,2
898,983,2
899,900,2
899,903,2
900,899,2
900,930,2
901,324,2
901,902,2
902,901,2
902,904,2
903,899,2
903,905,2
904,902,2
904,906,2
905,890,2
905,903,2
906,904,2
906,1961,2
907,908,2
907,1522,2
908,907,2
908,957,2
909,910,2
909,921,2
910,831,2
910,909,2
911,362,2
911,912,2
912,911,2
912,1985,2
913,823,2
913,842,2
914,896,2
914,915,2
915,914,2
915,976,2
916,920,2
916,1535,2
917,788,2
917,1769,2
918,883,2
918,919,2
919,794,2
919,918,2
920,916,2
920,921,2
921,909,2
921,920,2
922,417,2
922,966,2
923,924,2
923,985,2
924,856,2
924,923,2
925,969,2
925,1928,2
926,57,2
926,1025,2
927,542,2
927,928,2
928,858,2
928,927,2
929,1935,2
929,1996,2
930,900,2
930,931,2
931,930,2
931,940,2
932,938,2
932,1566,2
933,1566,2
933,1942,2
934,935,2
934,1021,2
935,886,2
935,934,2
936,860,2
936,937,2
937,936,2
937,974,2
938,932,2
938,1390,2
939,975,2
939,1390,2
940,931,2
940,941,2
941,940,2
941,1178,2
942,538,2
942,943,2
943,942,2
943,987,2
944,945,2
944,1129,2
945,944,2
945,954,2
946,871,2
946,947,2
947,946,2
947,1284,2
948,995,2
948,1430,2
949,968,2
949,1430,2
950,951,2
950,958,2
951,830,2
951,950,2
952,739,2
952,954,2
953,892,2
953,955,2
954,945,2
954,952,2
955,953,2
955,959,2
956,957,2
956,1694,2
957,908,2
957,956,2
958,950,2
958,959,2
959,955,2
959,958,2
960,759,2
960,961,2
961,960,2
961,990,2
962,963,2
962,1046,2
963,962,2
963,1037,2
964,965,2
964,1047,2
965,964,2
965,1072,2
966,922,2
966,967,2
967,966,2
967,1018,2
968,949,2
968,969,2
969,925,2
969,968,2
970,971,2
970,1111,2
971,893,2
971,970,2
972,973,2
972,991,2
973,972,2
973,978,2
974,173,2
974,937,2
975,322,2
975,939,2
976,915,2
976,977,2
977,976,2
977,1850,2
978,973,2
978,979,2
979,872,2
979,978,2
980,101,2
980,1006,2
981,1071,2
981,1971,2
982,983,2
982,1958,2
983,898,2
983,982,2
984,985,2
984,1020,2
985,923,2
985,984,2
986,987,2
986,1095,2
987,943,2
987,986,2
988,1065,2
988,1739,2
989,1120,2
989,1739,2
990,961,2
990,991,2
991,972,2
991,990,2
992,993,2
992,1140,2
993,733,2
993,992,2
994,995,2
994,998,2
995,948,2
995,994,2
996,997,2
996,1052,2
997,996,2
997,1027,2
998,994,2
998,999,2
999,998,2
999,1091,2
1000,1826,2
1000,1934,2
1001,1024,2
1001,1826,2
1002,1003,2
1002,1043,2
1003,664,2
1003,1002,2
1004,1005,2
1004,1058,2
1005,1004,2
1005,1040,2
1006,980,2
1006,1007,2
1007,1006,2
1007,1029,2
1008,1009,2
1008,1069,2
1009,1008,2
1009,1999,2
1010,1011,2
1010,1131,2
1011,803,2
1011,1010,2
1012,1013,2
1012,1107,2
1013,1012,2
1013,1076,2
1014,693,2
1014,1015,2
1015,1014,2
1015,1034,2
1016,1017,2
1016,1322,2
1017,1016,2
1017,1122,2
1018,967,2
1018,1019,2
1019,6,2
1019,1018,2
1020,984,2
1020,1021,2
1021,934,2
1021,1020,2
1022,1023,2
1022,1330,2
1023,1022,2
1023,1030,2
1024,1001,2
1024,1025,2
1025,926,2
1025,1024,2
1026,1087,2
1026,1405,2
1027,997,2
1027,1028,2
1028,1027,2
1028,1121,2
1029,1007,2
1029,1030,2
1030,1023,2
1030,1029,2
1031,1032,2
1031,1049,2
1032,1031,2
1032,1621,2
1033,1034,2
1033,1051,2
1034,1015,2
1034,1033,2
1035,1036,2
1035,1916,2
1036,1035,2
1036,1867,2
1037,963,2
1037,1038,2
1038,1037,2
1038,1056,2
1039,1040,2
1039,1070,2
1040,1005,2
1040,1039,2
1041,1042,2
1041,1106,2
1042,848,2
1042,1041,2
1043,1002,2
1043,1044,2
1044,1043,2
1044,1045,2
1045,262,2
1045,1044,2
1046,962,2
1046,1816,2
1047,964,2
1047,1816,2
1048,1049,2
1048,1053,2
1049,1031,2
1049,1048,2
1050,1051,2
1050,1904,2
1051,1033,2
1051,1050,2
1052,996,2
1052,1053,2
1053,1048,2
1053,1052,2
1054,348,2
1054,1729,2
1055,882,2
1055,1056,2
1056,1038,2
1056,1055,2
1057,1058,2
1057,1148,2
1058,1004,2
1058,1057,2
1059,1090,2
1059,1516,2
1060,1062,2
1060,1516,2
1061,448,2
1061,1062,2
1062,1060,2
1062,1061,2
1063,576,2
1063,1917,2
1064,1065,2
1064,1110,2
1065,988,2
1065,1064,2
1066,827,2
1066,1067,2
1067,1066,2
1067,1074,2
1068,536,2
1068,1846,2
1069,1008,2
1069,1901,2
1070,1039,2
1070,1071,2
1071,981,2
1071,1070,2
1072,965,2
1072,1073,2
1073,1072,2
1073,1180,2
1074,1067,2
1074,1075,2
1075,1074,2
1075,1080,2
1076,1013,2
1076,1077,2
1077,776,2
1077,1076,2
1078,1079,2
1078,1098,2
1079,1078,2
1079,1141,2
1080,1075,2
1080,1081,2
1081,1080,2
1081,1525,2
1082,1083,2
1082,1189,2
1083,1082,2
1083,1138,2
1084,1085,2
1084,1092,2
1085,1084,2
1085,1193,2
1086,1087,2
1086,1127,2
1087,1026,2
1087,1086,2
1088,670,2
1088,1889,2
1089,1125,2
1089,1889,2
1090,1059,2
1090,1091,2
1091,999,2
1091,1090,2
1092,1084,2
1092,1565,2
1093,1112,2
1093,1565,2
1094,1095,2
1094,1181,2
1095,986,2
1095,1094,2
1096,678,2
1096,1097,2
1097,889,2
1097,1096,2
1098,1078,2
1098,1099,2
1099,1098,2
1099,1932,2
1100,1101,2
1100,1205,2
1101,1100,2
1101,1945,2
1102,1851,2
1102,1859,2
1103,1135,2
1103,1851,2
1104,895,2
1104,1105,2
1105,1104,2
1105,1834,2
1106,1041,2
1106,1107,2
1107,1012,2
1107,1106,2
1108,1109,2
1108,1133,2
1109,1108,2
1109,1134,2
1110,1064,2
1110,1111,2
1111,970,2
1111,1110,2
1112,1093,2
1112,1113,2
1113,1112,2
1113,1808,2
1114,1115,2
1114,1220,2
1115,1114,2
1115,1853,2
1116,1117,2
1116,1147,2
1117,560,2
1117,1116,2
1118,1119,2
1118,2000,2
1119,1118,2
1119,1167,2
1120,989,2
1120,1121,2
1121,1028,2
1121,1120,2
1122,1017,2
1122,1917,2
1123,1124,2
1123,1144,2
1124,1123,2
1124,1237,2
1125,1089,2
1125,1446,2
1126,1186,2
1126,1880,2
1127,1086,2
1127,1129,2
1128,290,2
1128,1299,2
1129,944,2
1129,1127,2
1130,151,2
1130,1131,2
1131,1010,2
1131,1130,2
1132,1135,2
1132,1163,2
1133,1108,2
1133,1136,2
1134,1109,2
1134,1227,2
1135,1103,2
1135,1132,2
1136,1133,2
1136,1142,2
1137,1869,2
1137,1992,2
1138,1083,2
1138,1139,2
1139,1138,2
1139,1208,2
1140,992,2
1140,1141,2
1141,1079,2
1141,1140,2
1142,1136,2
1142,1144,2
1143,1153,2
1143,1360,2
1144,1123,2
1144,1142,2
1145,1146,2
1145,1349,2
1146,1145,2
1146,1233,2
1147,1116,2
1147,1148,2
1148,1057,2
1148,1147,2
1149,1150,2
1149,1302,2
1150,1149,2
1150,1166,2
1151,591,2
1151,623,2
1152,1153,2
1152,1175,2
1153,1143,2
1153,1152,2
1154,1155,2
1154,1292,2
1155,1154,2
1155,1157,2
1156,1157,2
1156,2000,2
1157,1155,2
1157,1156,2
1158,1159,2
1158,1202,2
1159,1158,2
1159,1231,2
1160,1161,2
1160,1978,2
1161,1160,2
1161,1196,2
1162,1163,2
1162,1218,2
1163,1132,2
1163,1162,2
1164,1165,2
1164,1444,2
1165,602,2
1165,1164,2
1166,1150,2
1166,1167,2
1167,1119,2
1167,1166,2
1168,1169,2
1168,1502,2
1169,457,2
1169,1168,2
1170,269,2
1170,2000,2
1171,1948,2
1171,1981,2
1172,1173,2
1172,1240,2
1173,1172,2
1173,1463,2
1174,1175,2
1174,1286,2
1175,1152,2
1175,1174,2
1176,1177,2
1176,1791,2
1177,1176,2
1177,1212,2
1178,941,2
1178,1986,2
1179,1180,2
1179,1192,2
1180,1073,2
1180,1179,2
1181,818,2
1181,1094,2
1182,368,2
1182,1183,2
1183,1182,2
1183,1685,2
1184,1185,2
1184,1341,2
1185,1184,2
1185,1198,2
1186,1126,2
1186,1187,2
1187,1186,2
1187,1318,2
1188,1189,2
1188,1261,2
1189,1082,2
1189,1188,2
1190,506,2
1190,1191,2
1191,1190,2
1191,1740,2
1192,1179,2
1192,1735,2
1193,1085,2
1193,1735,2
1194,1195,2
1194,1226,2
1195,1194,2
1195,1224,2
1196,1161,2
1196,1197,2
1197,1196,2
1197,1209,2
1198,1185,2
1198,1199,2
1199,1198,2
1199,1230,2
1200,1201,2
1200,2000,2
1201,1200,2
1201,1203,2
1202,1158,2
1202,1203,2
1203,1201,2
1203,1202,2
1204,1205,2
1204,1257,2
1205,1100,2
1205,1204,2
1206,1207,2
1206,1463,2
1207,1206,2
1207,1242,2
1208,1139,2
1208,1209,2
1209,1197,2
1209,1208,2
1210,1211,2
1210,1460,2
1211,1210,2
1211,1310,2
1212,1177,2
1212,1213,2
1213,1212,2
1213,1609,2
1214,1215,2
1214,1296,2
1215,1214,2
1215,1219,2
1216,1217,2
1216,1250,2
1217,1216,2
1217,1253,2
1218,1162,2
1218,1219,2
1219,1215,2
1219,1218,2
1220,50,2
1220,1114,2
1221,1222,2
1221,1244,2
1222,753,2
1222,1221,2
1223,1385,2
1223,1881,2
1224,849,2
1224,1195,2
1225,1226,2
1225,1823,2
1226,1194,2
1226,1225,2
1227,1134,2
1227,1437,2
1228,1229,2
1228,1251,2
1229,293,2
1229,1228,2
1230,1199,2
1230,1231,2
1231,1159,2
1231,1230,2
1232,644,2
1232,1234,2
1233,1146,2
1233,1235,2
1234,1232,2
1234,1272,2
1235,1233,2
1235,1466,2
1236,1237,2
1236,1321,2
1237,1124,2
1237,1236,2
1238,1239,2
1238,1289,2
1239,377,2
1239,1238,2
1240,1172,2
1240,1241,2
1241,1240,2
1241,1285,2
1242,1207,2
1242,1243,2
1243,652,2
1243,1242,2
1244,1221,2
1244,1245,2
1245,1244,2
1245,1249,2
1246,1247,2
1246,1379,2
1247,1246,2
1247,1314,2
1248,288,2
1248,1249,2
1249,1245,2
1249,1248,2
1250,1216,2
1250,1251,2
1251,1228,2
1251,1250,2
1252,1253,2
1252,1859,2
1253,1217,2
1253,1252,2
1254,628,2
1254,1255,2
1255,1254,2
1255,1287,2
1256,1643,2
1256,1974,2
1257,1204,2
1257,1258,2
1258,1257,2
1258,1416,2
1259,454,2
1259,1260,2
1260,1259,2
1260,1998,2
1261,1188,2
1261,1936,2
1262,1264,2
1262,1273,2
1263,1265,2
1263,1394,2
1264,1262,2
1264,1589,2
1265,1263,2
1265,1685,2
1266,1267,2
1266,1981,2
1267,1266,2
1267,1281,2
1268,1269,2
1268,1271,2
1269,1268,2
1269,1639,2
1270,523,2
1270,1306,2
1271,1268,2
1271,1272,2
1272,1234,2
1272,1271,2
1273,1262,2
1273,1274,2
1274,1273,2
1274,1333,2
1275,1276,2
1275,1350,2
1276,647,2
1276,1275,2
1277,814,2
1277,1278,2
1278,1277,2
1278,1280,2
1279,439,2
1279,1329,2
1280,1278,2
1280,1281,2
1281,1267,2
1281,1280,2
1282,1283,2
1282,1348,2
1283,256,2
1283,1282,2
1284,879,2
1284,947,2
1285,1241,2
1285,1286,2
1286,1174,2
1286,1285,2
1287,1255,2
1287,1289,2
1288,731,2
1288,1290,2
1289,1238,2
1289,1287,2
1290,1288,2
1290,1335,2
1291,1370,2
1291,1374,2
1292,303,2
1292,1154,2
1293,1294,2
1293,1969,2
1294,1293,2
1294,1420,2
1295,1296,2
1295,1369,2
1296,1214,2
1296,1295,2
1297,1298,2
1297,1765,2
1298,152,2
1298,1297,2
1299,1128,2
1299,1476,2
1300,1301,2
1300,1338,2
1301,1300,2
1301,1980,2
1302,1149,2
1302,1303,2
1303,1302,2
1303,1308,2
1304,1305,2
1304,1779,2
1305,1304,2
1305,1328,2
1306,1270,2
1306,1307,2
1307,1306,2
1307,1515,2
1308,1303,2
1308,1309,2
1309,1308,2
1309,1332,2
1310,1211,2
1310,1311,2
1311,1310,2
1311,1953,2
1312,1313,2
1312,1613,2
1313,1312,2
1313,1326,2
1314,1247,2
1314,1315,2
1315,1314,2
1315,1641,2
1316,1317,2
1316,1334,2
1317,1316,2
1317,1426,2
1318,1187,2
1318,1319,2
1319,1318,2
1319,1683,2
1320,1321,2
1320,1998,2
1321,1236,2
1321,1320,2
1322,1016,2
1322,1323,2
1323,1322,2
1323,1327,2
1324,1325,2
1324,1560,2
1325,1324,2
1325,1345,2
1326,1313,2
1326,1327,2
1327,1323,2
1327,1326,2
1328,1305,2
1328,1329,2
1329,1279,2
1329,1328,2
1330,1022,2
1330,1881,2
1331,1332,2
1331,1362,2
1332,1309,2
1332,1331,2
1333,776,2
1333,1274,2
1334,1316,2
1334,1335,2
1335,1290,2
1335,1334,2
1336,1697,2
1336,1902,2
1337,1356,2
1337,1902,2
1338,1300,2
1338,1339,2
1339,1338,2
1339,1366,2
1340,1341,2
1340,1396,2
1341,1184,2
1341,1340,2
1342,1343,2
1342,1920,2
1343,1342,2
1343,1403,2
1344,872,2
1344,1506,2
1345,1325,2
1345,1346,2
1346,1345,2
1346,1577,2
1347,186,2
1347,1995,2
1348,1282,2
1348,1350,2
1349,1145,2
1349,1351,2
1350,1275,2
1350,1348,2
1351,1349,2
1351,1355,2
1352,1353,2
1352,1382,2
1353,1352,2
1353,1358,2
1354,1355,2
1354,1536,2
1355,1351,2
1355,1354,2
1356,1337,2
1356,1357,2
1357,1356,2
1357,1896,2
1358,1353,2
1358,1359,2
1359,1358,2
1359,1602,2
1360,1143,2
1360,1896,2
1361,1363,2
1361,1997,2
1362,1331,2
1362,1364,2
1363,1361,2
1363,1417,2
1364,1362,2
1364,1429,2
1365,1366,2
1365,1418,2
1366,1339,2
1366,1365,2
1367,624,2
1367,1673,2
1368,1369,2
1368,1449,2
1369,1295,2
1369,1368,2
1370,39,2
1370,1291,2
1370,1374,2
1371,1375,2
1371,1395,2
1372,1377,2
1372,1432,2
1372,1996,2
1373,469,2
1373,470,2
1373,1411,2
1374,1291,2
1374,1370,2
1374,1377,2
1375,1371,2
1375,1629,2
1375,1737,2
1376,828,2
1376,1537,2
1376,1607,2
1377,1372,2
1377,1374,2
1377,1379,2
1378,1380,2
1378,1397,2
1378,1781,2
1379,1246,2
1379,1377,2
1379,1946,2
1380,888,2
1380,1378,2
1380,1663,2
1381,1382,2
1381,1406,2
1381,1946,2
1382,1352,2
1382,1381,2
1382,1946,2
1383,1384,2
1383,1869,2
1383,1992,2
1384,224,2
1384,1383,2
1384,1435,2
1385,1223,2
1385,1388,2
1385,1393,2
1386,214,2
1386,1387,2
1386,1409,2
1387,1386,2
1387,1614,2
1387,1734,2
1388,1385,2
1388,1393,2
1388,1997,2
1389,1395,2
1389,1425,2
1389,1563,2
1390,938,2
1390,939,2
1390,1713,2
1391,1537,2
1391,1657,2
1391,1938,2
1392,444,2
1392,1397,2
1392,1674,2
1393,1385,2
1393,1388,2
1393,1555,2
1394,1263,2
1394,1396,2
1394,1399,2
1395,1371,2
1395,1389,2
1395,1568,2
1396,1340,2
1396,1394,2
1396,1402,2
1397,1378,2
1397,1392,2
1397,1502,2
1398,1483,2
1398,1858,2
1398,1860,2
1399,1394,2
1399,1402,2
1399,1455,2
1400,1401,2
1400,1528,2
1400,1943,2
1401,1400,2
1401,1454,2
1401,1868,2
1402,1396,2
1402,1399,2
1402,1516,2
1403,1343,2
1403,1406,2
1403,1411,2
1404,1409,2
1404,1561,2
1404,1678,2
1405,1026,2
1405,1443,2
1405,1548,2
1406,1381,2
1406,1403,2
1406,1411,2
1407,329,2
1407,330,2
1407,1999,2
1408,1412,2
1408,1939,2
1408,1993,2
1409,1386,2
1409,1404,2
1409,1632,2
1410,1414,2
1410,1478,2
1410,1988,2
1411,1373,2
1411,1403,2
1411,1406,2
1412,1408,2
1412,1479,2
1412,1939,2
1413,289,2
1413,290,2
1413,1529,2
1414,546,2
1414,1410,2
1414,1793,2
1415,479,2
1415,1612,2
1415,1614,2
1416,1258,2
1416,1417,2
1416,1939,2
1417,1363,2
1417,1416,2
1417,1418,2
1418,1365,2
1418,1417,2
1418,1419,2
1419,1418,2
1419,1420,2
1419,1465,2
1420,1294,2
1420,1419,2
1420,1421,2
1421,1420,2
1421,1422,2
1421,1635,2
1422,1421,2
1422,1425,2
1422,1565,2
1423,839,2
1423,1424,2
1423,1898,2
1424,1423,2
1424,1859,2
1424,1981,2
1425,1389,2
1425,1422,2
1425,1426,2
1426,1317,2
1426,1425,2
1426,1429,2
1427,1428,2
1427,1881,2
1427,1982,2
1428,1427,2
1428,1898,2
1428,1909,2
1429,1364,2
1429,1426,2
1429,1432,2
1430,948,2
1430,949,2
1430,1514,2
1431,1434,2
1431,1512,2
1431,1521,2
1432,1372,2
1432,1429,2
1432,1440,2
1433,1435,2
1433,1490,2
1433,1501,2
1434,1431,2
1434,1435,2
1434,1665,2
1435,1384,2
1435,1433,2
1435,1434,2
1436,1448,2
1436,1953,2
1436,1993,2
1437,1227,2
1437,1438,2
1437,1957,2
1438,1437,2
1438,1441,2
1438,1461,2
1439,1440,2
1439,1738,2
1439,1741,2
1440,1432,2
1440,1439,2
1440,1448,2
1441,1438,2
1441,1442,2
1441,1807,2
1442,1441,2
1442,1863,2
1442,1980,2
1443,679,2
1443,1405,2
1443,1444,2
1444,680,2
1444,1164,2
1444,1443,2
1445,1608,2
1445,1855,2
1445,1856,2
1446,1125,2
1446,1552,2
1446,1880,2
1447,1450,2
1447,1610,2
1447,1626,2
1448,1436,2
1448,1440,2
1448,1526,2
1449,1368,2
1449,1452,2
1449,1460,2
1450,1447,2
1450,1473,2
1450,1913,2
1451,499,2
1451,1465,2
1451,1468,2
1452,1449,2
1452,1460,2
1452,1993,2
1453,1454,2
1453,1603,2
1453,1964,2
1454,1401,2
1454,1453,2
1454,1457,2
1455,1399,2
1455,1458,2
1455,1464,2
1456,1457,2
1456,1632,2
1456,1776,2
1457,1454,2
1457,1456,2
1457,1588,2
1458,1455,2
1458,1464,2
1458,1519,2
1459,1615,2
1459,1762,2
1459,1866,2
1460,1210,2
1460,1449,2
1460,1452,2
1461,1438,2
1461,1887,2
1461,1940,2
1462,1615,2
1462,1948,2
1462,1951,2
1463,1173,2
1463,1206,2
1463,1466,2
1464,1455,2
1464,1458,2
1464,1998,2
1465,1419,2
1465,1451,2
1465,1479,2
1466,222,2
1466,1235,2
1466,1463,2
1467,591,2
1467,1471,2
1467,1947,2
1468,1451,2
1468,1479,2
1468,1650,2
1469,1482,2
1469,1963,2
1469,1970,2
1470,1472,2
1470,1646,2
1470,1724,2
1471,1467,2
1471,1472,2
1471,1637,2
1472,252,2
1472,1470,2
1472,1471,2
1473,140,2
1473,1450,2
1473,1780,2
1474,1797,2
1474,1898,2
1474,1959,2
1475,224,2
1475,1613,2
1475,1797,2
1476,1299,2
1476,1604,2
1476,1606,2
1477,1478,2
1477,1480,2
1477,1711,2
1478,1410,2
1478,1477,2
1478,1988,2
1479,1412,2
1479,1465,2
1479,1468,2
1480,1477,2
1480,1481,2
1480,1574,2
1481,1480,2
1481,1496,2
1481,1652,2
1482,1469,2
1482,1530,2
1482,1970,2
1483,1398,2
1483,1484,2
1483,1970,2
1484,1483,2
1484,1485,2
1484,1967,2
1485,1484,2
1485,1486,2
1485,1541,2
1486,1485,2
1486,1487,2
1486,1543,2
1487,1486,2
1487,1488,2
1487,1531,2
1488,1487,2
1488,1495,2
1488,1592,2
1489,1492,2
1489,1606,2
1489,1790,2
1490,1433,2
1490,1492,2
1490,1548,2
1491,1498,2
1491,1544,2
1491,1991,2
1492,1489,2
1492,1490,2
1492,1581,2
1493,1494,2
1493,1816,2
1493,1988,2
1494,1493,2
1494,1503,2
1494,1591,2
1495,1488,2
1495,1498,2
1495,1981,2
1496,1481,2
1496,1497,2
1496,1652,2
1497,1496,2
1497,1558,2
1497,1932,2
1498,1491,2
1498,1495,2
1498,1511,2
1499,1500,2
1499,1506,2
1499,1557,2
1500,1499,2
1500,1506,2
1500,1982,2
1501,1433,2
1501,1502,2
1501,1581,2
1502,1168,2
1502,1397,2
1502,1501,2
1503,1494,2
1503,1504,2
1503,1593,2
1504,512,2
1504,1503,2
1504,1673,2
1505,1509,2
1505,1764,2
1505,1837,2
1506,1344,2
1506,1499,2
1506,1500,2
1507,556,2
1507,1613,2
1507,1621,2
1508,1511,2
1508,1514,2
1508,1874,2
1509,1505,2
1509,1799,2
1509,1881,2
1510,1525,2
1510,1727,2
1510,1758,2
1511,1498,2
1511,1508,2
1511,1514,2
1512,1431,2
1512,1513,2
1512,1617,2
1513,1512,2
1513,1738,2
1513,1885,2
1514,1430,2
1514,1508,2
1514,1511,2
1515,1307,2
1515,1517,2
1515,1519,2
1516,1059,2
1516,1060,2
1516,1402,2
1517,1515,2
1517,1519,2
1517,1639,2
1518,1520,2
1518,1906,2
1518,1992,2
1519,1458,2
1519,1515,2
1519,1517,2
1520,1518,2
1520,1630,2
1520,1803,2
1521,1431,2
1521,1522,2
1521,1617,2
1522,907,2
1522,1521,2
1522,1571,2
1523,1526,2
1523,1529,2
1523,1668,2
1524,1525,2
1524,1575,2
1524,1959,2
1525,1081,2
1525,1510,2
1525,1524,2
1526,1448,2
1526,1523,2
1526,1529,2
1527,580,2
1527,1528,2
1527,1583,2
1528,1400,2
1528,1527,2
1528,1805,2
1529,1413,2
1529,1523,2
1529,1526,2
1530,1482,2
1530,1531,2
1530,1532,2
1531,1487,2
1531,1530,2
1531,1532,2
1532,1530,2
1532,1531,2
1532,1540,2
1533,1534,2
1533,1811,2
1533,1952,2
1534,1533,2
1534,1658,2
1534,1947,2
1535,205,2
1535,916,2
1535,1769,2
1536,1354,2
1536,1540,2
1536,1541,2
1537,1376,2
1537,1391,2
1537,1538,2
1538,1537,2
1538,1562,2
1538,1982,2
1539,1655,2
1539,1692,2
1539,1695,2
1540,1532,2
1540,1536,2
1540,1541,2
1541,1485,2
1541,1536,2
1541,1540,2
1542,1549,2
1542,1744,2
1542,1746,2
1543,1486,2
1543,1545,2
1543,1546,2
1544,867,2
1544,869,2
1544,1491,2
1545,1543,2
1545,1546,2
1545,1693,2
1546,1543,2
1546,1545,2
1546,2000,2
1547,1551,2
1547,1552,2
1547,1570,2
1548,1405,2
1548,1490,2
1548,1993,2
1549,1542,2
1549,1753,2
1549,1952,2
1550,1558,2
1550,1730,2
1550,1773,2
1551,1547,2
1551,1552,2
1551,1798,2
1552,1446,2
1552,1547,2
1552,1551,2
1553,520,2
1553,1554,2
1553,1556,2
1554,1553,2
1554,1556,2
1554,1754,2
1555,1393,2
1555,1557,2
1555,1562,2
1556,1553,2
1556,1554,2
1556,1982,2
1557,1499,2
1557,1555,2
1557,1562,2
1558,1497,2
1558,1550,2
1558,1929,2
1559,1560,2
1559,1597,2
1559,1875,2
1560,1324,2
1560,1559,2
1560,1622,2
1561,1404,2
1561,1564,2
1561,1572,2
1562,1538,2
1562,1555,2
1562,1557,2
1563,1389,2
1563,1568,2
1563,1998,2
1564,1561,2
1564,1897,2
1564,1993,2
1565,1092,2
1565,1093,2
1565,1422,2
1566,932,2
1566,933,2
1566,1905,2
1567,1571,2
1567,1864,2
1567,1959,2
1568,790,2
1568,1395,2
1568,1563,2
1569,1570,2
1569,1573,2
1569,1587,2
1570,1547,2
1570,1569,2
1570,1573,2
1571,772,2
1571,1522,2
1571,1567,2
1572,1561,2
1572,1574,2
1572,1660,2
1573,1569,2
1573,1570,2
1573,1964,2
1574,1480,2
1574,1572,2
1574,1648,2
1575,1524,2
1575,1913,2
1575,1959,2
1576,1580,2
1576,1598,2
1576,1887,2
1577,1346,2
1577,1578,2
1577,1579,2
1578,1577,2
1578,1579,2
1578,1999,2
1579,1577,2
1579,1578,2
1579,1679,2
1580,605,2
1580,1576,2
1580,1881,2
1581,1492,2
1581,1501,2
1581,1583,2
1582,1585,2
1582,1586,2
1582,1636,2
1583,160,2
1583,1527,2
1583,1581,2
1584,1588,2
1584,1600,2
1584,1712,2
1585,1582,2
1585,1586,2
1585,1830,2
1586,1582,2
1586,1585,2
1586,1987,2
1587,1569,2
1587,1590,2
1587,1592,2
1588,31,2
1588,1457,2
1588,1584,2
1589,1264,2
1589,1591,2
1589,1978,2
1590,1587,2
1590,1592,2
1590,1762,2
1591,1494,2
1591,1589,2
1591,1593,2
1592,1488,2
1592,1587,2
1592,1590,2
1593,1503,2
1593,1591,2
1593,1596,2
1594,1595,2
1594,1597,2
1594,1732,2
1595,1594,2
1595,1597,2
1595,1883,2
1596,1593,2
1596,1911,2
1596,1956,2
1597,1559,2
1597,1594,2
1597,1595,2
1598,1576,2
1598,1600,2
1598,1887,2
1599,1601,2
1599,1609,2
1599,1861,2
1600,418,2
1600,1584,2
1600,1598,2
1601,1599,2
1601,1609,2
1601,1997,2
1602,634,2
1602,1359,2
1602,1603,2
1603,1453,2
1603,1602,2
1603,1605,2
1604,1476,2
1604,1611,2
1604,1998,2
1605,1603,2
1605,1812,2
1605,1918,2
1606,1476,2
1606,1489,2
1606,1611,2
1607,1376,2
1607,1610,2
1607,1970,2
1608,1445,2
1608,1618,2
1608,1620,2
1609,1213,2
1609,1599,2
1609,1601,2
1610,1447,2
1610,1607,2
1610,1626,2
1611,1604,2
1611,1606,2
1611,1620,2
1612,1415,2
1612,1648,2
1612,1651,2
1613,1312,2
1613,1475,2
1613,1507,2
1614,1387,2
1614,1415,2
1614,1739,2
1615,327,2
1615,1459,2
1615,1462,2
1616,1617,2
1616,1748,2
1616,1914,2
1617,1512,2
1617,1521,2
1617,1616,2
1618,590,2
1618,1608,2
1618,1620,2
1619,1621,2
1619,1896,2
1619,1995,2
1620,1608,2
1620,1611,2
1620,1618,2
1621,1032,2
1621,1507,2
1621,1619,2
1622,1560,2
1622,1626,2
1622,1984,2
1623,1624,2
1623,1625,2
1623,1770,2
1624,496,2
1624,1623,2
1624,1625,2
1625,1623,2
1625,1624,2
1625,1628,2
1626,1447,2
1626,1610,2
1626,1622,2
1627,1629,2
1627,1939,2
1627,1970,2
1628,1625,2
1628,1631,2
1628,1636,2
1629,1375,2
1629,1627,2
1629,1686,2
1630,1520,2
1630,1632,2
1630,1803,2
1631,1628,2
1631,1638,2
1631,1647,2
1632,1409,2
1632,1456,2
1632,1630,2
1633,441,2
1633,1682,2
1633,1994,2
1634,1637,2
1634,1715,2
1634,1994,2
1635,404,2
1635,405,2
1635,1421,2
1636,1582,2
1636,1628,2
1636,1638,2
1637,1471,2
1637,1634,2
1637,1780,2
1638,1631,2
1638,1636,2
1638,1696,2
1639,1269,2
1639,1517,2
1639,1640,2
1640,235,2
1640,829,2
1640,1639,2
1641,1315,2
1641,1642,2
1641,1644,2
1642,1641,2
1642,1644,2
1642,1690,2
1643,314,2
1643,315,2
1643,1256,2
1644,1641,2
1644,1642,2
1644,1866,2
1645,1649,2
1645,1650,2
1645,1907,2
1646,1470,2
1646,1648,2
1646,1871,2
1647,1631,2
1647,1707,2
1647,1711,2
1648,1574,2
1648,1612,2
1648,1646,2
1649,1645,2
1649,1650,2
1649,2000,2
1650,1468,2
1650,1645,2
1650,1649,2
1651,1612,2
1651,1652,2
1651,1772,2
1652,1481,2
1652,1496,2
1652,1651,2
1653,1654,2
1653,1794,2
1653,1983,2
1654,1653,2
1654,1733,2
1654,1986,2
1655,1539,2
1655,1656,2
1655,1666,2
1656,1655,2
1656,1666,2
1656,1709,2
1657,1391,2
1657,1723,2
1657,1725,2
1658,341,2
1658,342,2
1658,1534,2
1659,738,2
1659,1660,2
1659,1717,2
1660,1572,2
1660,1659,2
1660,1694,2
1661,1663,2
1661,1676,2
1661,1979,2
1662,196,2
1662,197,2
1662,1952,2
1663,1380,2
1663,1661,2
1663,1937,2
1664,772,2
1664,1665,2
1664,1828,2
1665,1434,2
1665,1664,2
1665,1672,2
1666,1655,2
1666,1656,2
1666,1962,2
1667,676,2
1667,1671,2
1667,1765,2
1668,1523,2
1668,1669,2
1668,1670,2
1669,1668,2
1669,1670,2
1669,1810,2
1670,1668,2
1670,1669,2
1670,1983,2
1671,1667,2
1671,1672,2
1671,1677,2
1672,1665,2
1672,1671,2
1672,1673,2
1673,1367,2
1673,1504,2
1673,1672,2
1674,1392,2
1674,1676,2
1674,1937,2
1675,1679,2
1675,1680,2
1675,1684,2
1676,1661,2
1676,1674,2
1676,1979,2
1677,1671,2
1677,1678,2
1677,1705,2
1678,1404,2
1678,1677,2
1678,1736,2
1679,1579,2
1679,1675,2
1679,1684,2
1680,1675,2
1680,1681,2
1680,1828,2
1681,1680,2
1681,1886,2
1681,1986,2
1682,1633,2
1682,1683,2
1682,1994,2
1683,1319,2
1683,1682,2
1683,2000,2
1684,1675,2
1684,1679,2
1684,2000,2
1685,1183,2
1685,1265,2
1685,1686,2
1686,1629,2
1686,1685,2
1686,1729,2
1687,1689,2
1687,1690,2
1687,1809,2
1688,127,2
1688,128,2
1688,230,2
1689,1687,2
1689,1690,2
1689,1695,2
1690,1642,2
1690,1687,2
1690,1689,2
1691,385,2
1691,386,2
1691,1813,2
1692,1539,2
1692,1695,2
1692,1895,2
1693,693,2
1693,694,2
1693,1545,2
1694,956,2
1694,1660,2
1694,2000,2
1695,1539,2
1695,1689,2
1695,1692,2
1696,1638,2
1696,1943,2
1696,1953,2
1697,1336,2
1697,1698,2
1697,1806,2
1698,596,2
1698,1697,2
1698,1984,2
1699,318,2
1699,1909,2
1699,1912,2
1700,1701,2
1700,1704,2
1700,1943,2
1701,1700,2
1701,1704,2
1701,1761,2
1702,1708,2
1702,1835,2
1702,1994,2
1703,1704,2
1703,1708,2
1703,1751,2
1704,1700,2
1704,1701,2
1704,1703,2
1705,492,2
1705,1677,2
1705,1815,2
1706,1815,2
1706,1893,2
1706,1930,2
1707,1647,2
1707,1906,2
1707,1992,2
1708,1702,2
1708,1703,2
1708,1879,2
1709,1656,2
1709,1714,2
1709,1715,2
1710,1756,2
1710,1757,2
1710,1873,2
1711,1477,2
1711,1647,2
1711,1792,2
1712,1584,2
1712,1897,2
1712,1931,2
1713,1390,2
1713,1717,2
1713,1957,2
1714,234,2
1714,1709,2
1714,1715,2
1715,1634,2
1715,1709,2
1715,1714,2
1716,1719,2
1716,1721,2
1716,1842,2
1717,1659,2
1717,1713,2
1717,1997,2
1718,353,2
1718,1720,2
1718,1797,2
1719,1716,2
1719,1721,2
1719,1889,2
1720,1718,2
1720,1789,2
1720,1930,2
1721,301,2
1721,1716,2
1721,1719,2
1721,1931,2
1722,889,2
1722,1723,2
1722,1724,2
1722,1995,2
1723,1657,2
1723,1722,2
1723,1724,2
1723,1725,2
1724,1470,2
1724,1722,2
1724,1723,2
1724,1871,2
1725,1657,2
1725,1723,2
1725,1728,2
1725,1730,2
1726,634,2
1726,635,2
1726,1965,2
1726,1987,2
1727,585,2
1727,1510,2
1727,1800,2
1727,1928,2
1728,1725,2
1728,1730,2
1728,1826,2
1728,1984,2
1729,779,2
1729,780,2
1729,1054,2
1729,1686,2
1730,1550,2
1730,1725,2
1730,1728,2
1730,1860,2
1731,607,2
1731,1733,2
1731,1737,2
1731,1930,2
1732,263,2
1732,265,2
1732,1594,2
1732,1979,2
1733,1654,2
1733,1731,2
1733,1737,2
1733,1986,2
1734,186,2
1734,187,2
1734,1387,2
1734,1790,2
1735,1192,2
1735,1193,2
1735,1941,2
1735,1999,2
1736,147,2
1736,723,2
1736,725,2
1736,1678,2
1737,1375,2
1737,1731,2
1737,1733,2
1737,1950,2
1738,1439,2
1738,1513,2
1738,1741,2
1738,1885,2
1739,424,2
1739,988,2
1739,989,2
1739,1614,2
1740,55,2
1740,58,2
1740,1191,2
1740,1759,2
1741,1439,2
1741,1738,2
1741,1786,2
1741,1811,2
1742,1743,2
1742,1746,2
1742,1747,2
1742,1997,2
1743,1742,2
1743,1746,2
1743,1825,2
1743,1986,2
1744,1542,2
1744,1745,2
1744,1752,2
1744,1936,2
1745,1744,2
1745,1767,2
1745,1880,2
1745,1940,2
1746,1542,2
1746,1742,2
1746,1743,2
1746,1752,2
1747,1742,2
1747,1748,2
1747,1749,2
1747,1997,2
1748,1616,2
1748,1747,2
1748,1749,2
1748,1769,2
1749,1747,2
1749,1748,2
1749,1947,2
1749,1957,2
1750,1751,2
1750,1752,2
1750,1759,2
1750,1784,2
1751,1703,2
1751,1750,2
1751,1752,2
1751,1928,2
1752,1744,2
1752,1746,2
1752,1750,2
1752,1751,2
1753,509,2
1753,1549,2
1753,1754,2
1753,1755,2
1754,1554,2
1754,1753,2
1754,1755,2
1754,1989,2
1755,1753,2
1755,1754,2
1755,1814,2
1755,1923,2
1756,1710,2
1756,1757,2
1756,1771,2
1756,1880,2
1757,1710,2
1757,1756,2
1757,1797,2
1757,1819,2
1758,1510,2
1758,1759,2
1758,1760,2
1758,1928,2
1759,1740,2
1759,1750,2
1759,1758,2
1759,1760,2
1760,1758,2
1760,1759,2
1760,1882,2
1760,1941,2
1761,1701,2
1761,1762,2
1761,1763,2
1761,2000,2
1762,1459,2
1762,1590,2
1762,1761,2
1762,1763,2
1763,1761,2
1763,1762,2
1763,1854,2
1763,1855,2
1764,1505,2
1764,1765,2
1764,1766,2
1764,1892,2
1765,1297,2
1765,1667,2
1765,1764,2
1765,1766,2
1766,1764,2
1766,1765,2
1766,1806,2
1766,1908,2
1767,876,2
1767,877,2
1767,1745,2
1767,1880,2
1768,601,2
1768,1770,2
1768,1772,2
1768,1875,2
1769,917,2
1769,1535,2
1769,1748,2
1769,1838,2
1770,1623,2
1770,1768,2
1770,1772,2
1770,1992,2
1771,1756,2
1771,1888,2
1771,1891,2
1771,1955,2
1772,1651,2
1772,1768,2
1772,1770,2
1772,1923,2
1773,1550,2
1773,1774,2
1773,1775,2
1773,1783,2
1774,1773,2
1774,1775,2
1774,1833,2
1774,1921,2
1775,1773,2
1775,1774,2
1775,1795,2
1775,1888,2
1776,1456,2
1776,1777,2
1776,1779,2
1776,1791,2
1777,1776,2
1777,1779,2
1777,1783,2
1777,1817,2
1778,1780,2
1778,1781,2
1778,1927,2
1778,1989,2
1779,1304,2
1779,1776,2
1779,1777,2
1779,1986,2
1780,1473,2
1780,1637,2
1780,1778,2
1780,1781,2
1781,1378,2
1781,1778,2
1781,1780,2
1781,1805,2
1782,1783,2
1782,1784,2
1782,1837,2
1782,1890,2
1783,1773,2
1783,1777,2
1783,1782,2
1783,1784,2
1784,1750,2
1784,1782,2
1784,1783,2
1784,1808,2
1785,1787,2
1785,1872,2
1785,1884,2
1785,1991,2
1786,1741,2
1786,1789,2
1786,1790,2
1786,1952,2
1787,1785,2
1787,1788,2
1787,1801,2
1787,1888,2
1788,1787,2
1788,1789,2
1788,1904,2
1788,1941,2
1789,1720,2
1789,1786,2
1789,1788,2
1789,1958,2
1790,1489,2
1790,1734,2
1790,1786,2
1790,1791,2
1791,1176,2
1791,1776,2
1791,1790,2
1791,1792,2
1792,195,2
1792,1711,2
1792,1791,2
1792,1793,2
1793,1414,2
1793,1792,2
1793,1794,2
1793,1922,2
1794,1653,2
1794,1793,2
1794,1795,2
1794,1983,2
1795,1775,2
1795,1794,2
1795,1796,2
1795,1925,2
1796,1795,2
1796,1798,2
1796,1827,2
1796,1973,2
1797,1474,2
1797,1475,2
1797,1718,2
1797,1757,2
1798,1551,2
1798,1796,2
1798,1799,2
1798,1994,2
1799,104,2
1799,1509,2
1799,1798,2
1799,1801,2
1800,586,2
1800,1727,2
1800,1901,2
1800,1920,2
1801,1787,2
1801,1799,2
1801,1802,2
1801,1925,2
1802,1801,2
1802,1803,2
1802,1951,2
1802,1998,2
1803,1520,2
1803,1630,2
1803,1802,2
1803,1804,2
1804,320,2
1804,1803,2
1804,1807,2
1804,1998,2
1805,1528,2
1805,1781,2
1805,1860,2
1805,1862,2
1806,210,2
1806,211,2
1806,1697,2
1806,1766,2
1807,1441,2
1807,1804,2
1807,1808,2
1807,1958,2
1808,1113,2
1808,1784,2
1808,1807,2
1808,1809,2
1809,1687,2
1809,1808,2
1809,1812,2
1809,2000,2
1810,220,2
1810,221,2
1810,1669,2
1810,1958,2
1811,483,2
1811,484,2
1811,1533,2
1811,1741,2
1812,1605,2
1812,1809,2
1812,1813,2
1812,1972,2
1813,1691,2
1813,1812,2
1813,1814,2
1813,1983,2
1814,1755,2
1814,1813,2
1814,1817,2
1814,1971,2
1815,1705,2
1815,1706,2
1815,1849,2
1815,1865,2
1816,1046,2
1816,1047,2
1816,1493,2
1816,1988,2
1817,1777,2
1817,1814,2
1817,1818,2
1817,1852,2
1818,1817,2
1818,1819,2
1818,1877,2
1818,1972,2
1819,1757,2
1819,1818,2
1819,1820,2
1819,1963,2
1820,1819,2
1820,1821,2
1820,1990,2
1820,1996,2
1821,1820,2
1821,1822,2
1821,1870,2
1821,1925,2
1822,17,2
1822,1821,2
1822,1823,2
1822,1919,2
1823,1225,2
1823,1822,2
1823,1824,2
1823,1997,2
1824,177,2
1824,1823,2
1824,1825,2
1824,1974,2
1825,1743,2
1825,1824,2
1825,1827,2
1825,1919,2
1826,1000,2
1826,1001,2
1826,1728,2
1826,1984,2
1827,1796,2
1827,1825,2
1827,1828,2
1827,1973,2
1828,1664,2
1828,1680,2
1828,1827,2
1828,1829,2
1829,705,2
1829,1828,2
1829,1830,2
1829,1852,2
1830,1585,2
1830,1829,2
1830,1919,2
1830,1979,2
1831,1833,2
1831,1876,2
1831,1919,2
1831,1949,2
1832,1833,2
1832,1897,2
1832,1919,2
1832,1946,2
1833,1774,2
1833,1831,2
1833,1832,2
1833,1921,2
1834,1105,2
1834,1835,2
1834,1836,2
1834,1847,2
1835,1702,2
1835,1834,2
1835,1836,2
1835,1971,2
1836,1834,2
1836,1835,2
1836,1903,2
1836,1968,2
1837,1505,2
1837,1782,2
1837,1838,2
1837,1839,2
1838,1769,2
1838,1837,2
1838,1839,2
1838,1991,2
1839,841,2
1839,1837,2
1839,1838,2
1839,1977,2
1840,1841,2
1840,1842,2
1840,1857,2
1840,1977,2
1841,1840,2
1841,1842,2
1841,1851,2
1841,1985,2
1842,1716,2
1842,1840,2
1842,1841,2
1842,1902,2
1843,1844,2
1843,1845,2
1843,1899,2
1843,1989,2
1844,1843,2
1844,1845,2
1844,1900,2
1844,1954,2
1845,1843,2
1845,1844,2
1845,1847,2
1845,1856,2
1846,1068,2
1846,1848,2
1846,1849,2
1846,1921,2
1847,143,2
1847,145,2
1847,1834,2
1847,1845,2
1848,1846,2
1848,1849,2
1848,1936,2
1848,1960,2
1849,1815,2
1849,1846,2
1849,1848,2
1849,1955,2
1850,977,2
1850,1853,2
1850,1854,2
1850,1995,2
1851,1102,2
1851,1103,2
1851,1841,2
1851,1985,2
1852,674,2
1852,675,2
1852,1817,2
1852,1829,2
1853,1115,2
1853,1850,2
1853,1854,2
1853,1971,2
1854,1763,2
1854,1850,2
1854,1853,2
1854,1855,2
1855,1445,2
1855,1763,2
1855,1854,2
1855,1856,2
1856,1445,2
1856,1845,2
1856,1855,2
1856,1933,2
1857,266,2
1857,268,2
1857,1840,2
1857,1977,2
1858,601,2
1858,1398,2
1858,1953,2
1858,1994,2
1859,84,2
1859,85,2
1859,1102,2
1859,1252,2
1859,1424,2
1860,1398,2
1860,1730,2
1860,1805,2
1860,1949,2
1860,1985,2
1861,1599,2
1861,1863,2
1861,1963,2
1861,1991,2
1861,1994,2
1862,1805,2
1862,1864,2
1862,1905,2
1862,1908,2
1862,1990,2
1863,1442,2
1863,1861,2
1863,1865,2
1863,1980,2
1863,1991,2
1864,1567,2
1864,1862,2
1864,1867,2
1864,1909,2
1864,1973,2
1865,624,2
1865,1815,2
1865,1863,2
1865,1866,2
1865,1868,2
1866,1459,2
1866,1644,2
1866,1865,2
1866,1868,2
1866,1870,2
1867,1036,2
1867,1864,2
1867,1869,2
1867,1926,2
1867,1946,2
1868,1401,2
1868,1865,2
1868,1866,2
1868,1870,2
1868,1922,2
1869,1137,2
1869,1383,2
1869,1867,2
1869,1871,2
1869,1992,2
1870,1821,2
1870,1866,2
1870,1868,2
1870,1872,2
1870,1968,2
1871,1646,2
1871,1724,2
1871,1869,2
1871,1874,2
1871,1877,2
1872,1785,2
1872,1870,2
1872,1873,2
1872,1876,2
1872,1884,2
1873,1710,2
1873,1872,2
1873,1875,2
1873,1876,2
1873,1991,2
1874,1508,2
1874,1871,2
1874,1924,2
1874,1946,2
1874,1967,2
1875,1559,2
1875,1768,2
1875,1873,2
1875,1876,2
1875,1878,2
1876,1831,2
1876,1872,2
1876,1873,2
1876,1875,2
1876,1949,2
1877,1818,2
1877,1871,2
1877,1883,2
1877,1887,2
1877,1918,2
1878,1875,2
1878,1879,2
1878,1882,2
1878,1891,2
1878,1976,2
1879,1708,2
1879,1878,2
1879,1882,2
1879,1885,2
1879,1945,2
1880,1126,2
1880,1446,2
1880,1745,2
1880,1756,2
1880,1767,2
1881,1223,2
1881,1330,2
1881,1427,2
1881,1509,2
1881,1580,2
1882,1760,2
1882,1878,2
1882,1879,2
1882,1885,2
1882,1999,2
1883,1595,2
1883,1877,2
1883,1887,2
1883,1897,2
1883,1924,2
1884,154,2
1884,155,2
1884,347,2
1884,1785,2
1884,1872,2
1885,1513,2
1885,1738,2
1885,1879,2
1885,1882,2
1885,1886,2
1886,1681,2
1886,1885,2
1886,1890,2
1886,1894,2
1886,1943,2
1887,1461,2
1887,1576,2
1887,1598,2
1887,1877,2
1887,1883,2
1888,1771,2
1888,1775,2
1888,1787,2
1888,1896,2
1888,1898,2
1889,1088,2
1889,1089,2
1889,1719,2
1889,1914,2
1889,1991,2
1890,1782,2
1890,1886,2
1890,1893,2
1890,1894,2
1890,1902,2
1891,129,2
1891,1771,2
1891,1878,2
1891,1955,2
1891,1976,2
1892,501,2
1892,1764,2
1892,1902,2
1892,1906,2
1892,1950,2
1893,1706,2
1893,1890,2
1893,1894,2
1893,1895,2
1893,1934,2
1894,1886,2
1894,1890,2
1894,1893,2
1894,1944,2
1894,1961,2
1895,1692,2
1895,1893,2
1895,1899,2
1895,1903,2
1895,1956,2
1896,1357,2
1896,1360,2
1896,1619,2
1896,1888,2
1896,1898,2
1897,816,2
1897,1564,2
1897,1712,2
1897,1832,2
1897,1883,2
1898,1423,2
1898,1428,2
1898,1474,2
1898,1888,2
1898,1896,2
1899,1843,2
1899,1895,2
1899,1903,2
1899,1907,2
1899,1989,2
1900,1844,2
1900,1904,2
1900,1905,2
1900,1954,2
1900,1976,2
1901,1069,2
1901,1800,2
1901,1917,2
1901,1920,2
1901,1935,2
1902,1336,2
1902,1337,2
1902,1842,2
1902,1890,2
1902,1892,2
1903,1836,2
1903,1895,2
1903,1899,2
1903,1907,2
1903,1968,2
1904,1050,2
1904,1788,2
1904,1900,2
1904,1905,2
1904,1999,2
1905,1566,2
1905,1862,2
1905,1900,2
1905,1904,2
1905,1996,2
1906,476,2
1906,1518,2
1906,1707,2
1906,1892,2
1906,1950,2
1907,1645,2
1907,1899,2
1907,1903,2
1907,1911,2
1907,1980,2
1908,813,2
1908,1766,2
1908,1862,2
1908,1928,2
1908,1944,2
1909,268,2
1909,1428,2
1909,1699,2
1909,1864,2
1909,1912,2
1910,99,2
1910,547,2
1910,548,2
1910,793,2
1910,1972,2
1911,1596,2
1911,1907,2
1911,1916,2
1911,1918,2
1911,1929,2
1912,99,2
1912,1699,2
1912,1909,2
1912,1972,2
1912,1977,2
1913,1450,2
1913,1575,2
1913,1914,2
1913,1915,2
1913,1963,2
1914,1616,2
1914,1889,2
1914,1913,2
1914,1915,2
1914,1935,2
1915,242,2
1915,777,2
1915,1913,2
1915,1914,2
1915,1989,2
1916,1035,2
1916,1911,2
1916,1918,2
1916,1920,2
1916,1981,2
1917,151,2
1917,1063,2
1917,1122,2
1917,1901,2
1917,1935,2
1918,1605,2
1918,1877,2
1918,1911,2
1918,1916,2
1918,1920,2
1919,1822,2
1919,1825,2
1919,1830,2
1919,1831,2
1919,1832,2
1919,1943,2
1920,1342,2
1920,1800,2
1920,1901,2
1920,1916,2
1920,1918,2
1920,1921,2
1921,1774,2
1921,1833,2
1921,1846,2
1921,1920,2
1921,1923,2
1921,1924,2
1922,61,2
1922,556,2
1922,1793,2
1922,1868,2
1922,1927,2
1922,1968,2
1923,1755,2
1923,1772,2
1923,1921,2
1923,1924,2
1923,1925,2
1923,1971,2
1924,1874,2
1924,1883,2
1924,1921,2
1924,1923,2
1924,1925,2
1924,1926,2
1925,1795,2
1925,1801,2
1925,1821,2
1925,1923,2
1925,1924,2
1925,1926,2
1926,306,2
1926,1867,2
1926,1924,2
1926,1925,2
1926,1929,2
1926,1930,2
1927,491,2
1927,1778,2
1927,1922,2
1927,1950,2
1927,1968,2
1927,1989,2
1928,925,2
1928,1727,2
1928,1751,2
1928,1758,2
1928,1908,2
1928,1944,2
1929,535,2
1929,1558,2
1929,1911,2
1929,1926,2
1929,1930,2
1929,1931,2
1930,1706,2
1930,1720,2
1930,1731,2
1930,1926,2
1930,1929,2
1930,1931,2
1931,1712,2
1931,1721,2
1931,1929,2
1931,1930,2
1931,1932,2
1931,1945,2
1932,1099,2
1932,1497,2
1932,1931,2
1932,1933,2
1932,1934,2
1932,1956,2
1933,1856,2
1933,1932,2
1933,1934,2
1933,1937,2
1933,1940,2
1933,1966,2
1934,385,2
1934,1000,2
1934,1893,2
1934,1932,2
1934,1933,2
1934,1937,2
1935,929,2
1935,1901,2
1935,1914,2
1935,1917,2
1935,1940,2
1935,1966,2
1936,1261,2
1936,1744,2
1936,1848,2
1936,1948,2
1936,1990,2
1936,1996,2
1937,1663,2
1937,1674,2
1937,1933,2
1937,1934,2
1937,1938,2
1937,1968,2
1938,1391,2
1938,1937,2
1938,1941,2
1938,1942,2
1938,1969,2
1938,1974,2
1939,1408,2
1939,1412,2
1939,1416,2
1939,1627,2
1939,1969,2
1939,1974,2
1940,1461,2
1940,1745,2
1940,1933,2
1940,1935,2
1940,1948,2
1940,1991,2
1941,1735,2
1941,1760,2
1941,1788,2
1941,1938,2
1941,1942,2
1941,1945,2
1942,933,2
1942,1938,2
1942,1941,2
1942,1945,2
1942,1984,2
1942,1988,2
1943,1400,2
1943,1696,2
1943,1700,2
1943,1886,2
1943,1919,2
1943,1953,2
1944,676,2
1944,1894,2
1944,1908,2
1944,1928,2
1944,1961,2
1944,1994,2
1945,1101,2
1945,1879,2
1945,1931,2
1945,1941,2
1945,1942,2
1945,1947,2
1946,1379,2
1946,1381,2
1946,1382,2
1946,1832,2
1946,1867,2
1946,1874,2
1947,1467,2
1947,1534,2
1947,1749,2
1947,1945,2
1947,1949,2
1947,1951,2
1948,1171,2
1948,1462,2
1948,1936,2
1948,1940,2
1948,1951,2
1948,1998,2
1949,1831,2
1949,1860,2
1949,1876,2
1949,1947,2
1949,1951,2
1949,1952,2
1950,456,2
1950,857,2
1950,1737,2
1950,1892,2
1950,1906,2
1950,1927,2
1951,1462,2
1951,1802,2
1951,1947,2
1951,1948,2
1951,1949,2
1951,1952,2
1952,1533,2
1952,1549,2
1952,1662,2
1952,1786,2
1952,1949,2
1952,1951,2
1952,1957,2
1953,391,2
1953,1311,2
1953,1436,2
1953,1696,2
1953,1858,2
1953,1943,2
1953,1999,2
1954,1844,2
1954,1900,2
1954,1956,2
1954,1960,2
1954,1976,2
1954,1993,2
1954,1996,2
1955,110,2
1955,770,2
1955,1771,2
1955,1849,2
1955,1891,2
1955,1975,2
1955,1994,2
1956,1596,2
1956,1895,2
1956,1932,2
1956,1954,2
1956,1960,2
1956,1962,2
1956,1996,2
1957,653,2
1957,1437,2
1957,1713,2
1957,1749,2
1957,1952,2
1957,1958,2
1957,1959,2
1958,982,2
1958,1789,2
1958,1807,2
1958,1810,2
1958,1957,2
1958,1959,2
1958,1961,2
1959,1474,2
1959,1524,2
1959,1567,2
1959,1575,2
1959,1957,2
1959,1958,2
1959,1961,2
1960,1848,2
1960,1954,2
1960,1956,2
1960,1962,2
1960,1964,2
1960,1990,2
1960,1996,2
1961,906,2
1961,1894,2
1961,1944,2
1961,1958,2
1961,1959,2
1961,1974,2
1961,1975,2
1962,203,2
1962,311,2
1962,1666,2
1962,1956,2
1962,1960,2
1962,1964,2
1962,1965,2
1963,1469,2
1963,1819,2
1963,1861,2
1963,1913,2
1963,1969,2
1963,1974,2
1963,1986,2
1964,48,2
1964,1453,2
1964,1573,2
1964,1960,2
1964,1962,2
1964,1965,2
1964,1966,2
1965,415,2
1965,1726,2
1965,1962,2
1965,1964,2
1965,1966,2
1965,1972,2
1965,1987,2
1966,526,2
1966,1933,2
1966,1935,2
1966,1964,2
1966,1965,2
1966,1972,2
1966,1975,2
1967,1484,2
1967,1874,2
1967,1973,2
1967,1982,2
1967,1984,2
1967,1990,2
1967,1996,2
1968,555,2
1968,1836,2
1968,1870,2
1968,1903,2
1968,1922,2
1968,1927,2
1968,1937,2
1969,1293,2
1969,1938,2
1969,1939,2
1969,1963,2
1969,1970,2
1969,1971,2
1969,1986,2
1970,447,2
1970,1469,2
1970,1482,2
1970,1483,2
1970,1607,2
1970,1627,2
1970,1969,2
1970,1974,2
1971,981,2
1971,1814,2
1971,1835,2
1971,1853,2
1971,1923,2
1971,1969,2
1971,1974,2
1971,1986,2
1972,1812,2
1972,1818,2
1972,1910,2
1972,1912,2
1972,1965,2
1972,1966,2
1972,1975,2
1972,1976,2
1973,62,2
1973,493,2
1973,1796,2
1973,1827,2
1973,1864,2
1973,1967,2
1973,1982,2
1973,1984,2
1974,1256,2
1974,1824,2
1974,1938,2
1974,1939,2
1974,1961,2
1974,1963,2
1974,1970,2
1974,1971,2
1975,405,2
1975,449,2
1975,1955,2
1975,1961,2
1975,1966,2
1975,1972,2
1975,1976,2
1975,1977,2
1976,1878,2
1976,1891,2
1976,1900,2
1976,1954,2
1976,1972,2
1976,1975,2
1976,1977,2
1976,1978,2
1977,1839,2
1977,1840,2
1977,1857,2
1977,1912,2
1977,1975,2
1977,1976,2
1977,1978,2
1977,1979,2
1978,323,2
1978,720,2
1978,1160,2
1978,1589,2
1978,1976,2
1978,1977,2
1978,1979,2
1978,1980,2
1979,1661,2
1979,1676,2
1979,1732,2
1979,1830,2
1979,1977,2
1979,1978,2
1979,1980,2
1979,1981,2
1980,1301,2
1980,1442,2
1980,1863,2
1980,1907,2
1980,1978,2
1980,1979,2
1980,1981,2
1980,1985,2
1981,1171,2
1981,1266,2
1981,1424,2
1981,1495,2
1981,1916,2
1981,1979,2
1981,1980,2
1981,1985,2
1981,1994,2
1982,814,2
1982,888,2
1982,1427,2
1982,1500,2
1982,1538,2
1982,1556,2
1982,1967,2
1982,1973,2
1982,1984,2
1983,1653,2
1983,1670,2
1983,1794,2
1983,1813,2
1983,1987,2
1983,1988,2
1983,1990,2
1983,1992,2
1983,1998,2
1984,498,2
1984,1622,2
1984,1698,2
1984,1728,2
1984,1826,2
1984,1942,2
1984,1967,2
1984,1973,2
1984,1982,2
1985,683,2
1985,912,2
1985,1841,2
1985,1851,2
1985,1860,2
1985,1980,2
1985,1981,2
1985,1991,2
1985,1994,2
1986,1178,2
1986,1654,2
1986,1681,2
1986,1733,2
1986,1743,2
1986,1779,2
1986,1963,2
1986,1969,2
1986,1971,2
1987,873,2
1987,1586,2
1987,1726,2
1987,1965,2
1987,1983,2
1987,1988,2
1987,1989,2
1987,1992,2
1987,1995,2
1988,1410,2
1988,1478,2
1988,1493,2
1988,1816,2
1988,1942,2
1988,1983,2
1988,1987,2
1988,1989,2
1988,1993,2
1988,1995,2
1989,1754,2
1989,1778,2
1989,1843,2
1989,1899,2
1989,1915,2
1989,1927,2
1989,1987,2
1989,1988,2
1989,1993,2
1989,1995,2
1989,1996,2
1990,1820,2
1990,1862,2
1990,1936,2
1990,1960,2
1990,1967,2
1990,1983,2
1990,1992,2
1990,1997,2
1990,1998,2
1990,1999,2
1990,2000,2
1991,716,2
1991,1491,2
1991,1785,2
1991,1838,2
1991,1861,2
1991,1863,2
1991,1873,2
1991,1889,2
1991,1940,2
1991,1985,2
1991,1994,2
1992,1137,2
1992,1383,2
1992,1518,2
1992,1707,2
1992,1770,2
1992,1869,2
1992,1983,2
1992,1987,2
1992,1990,2
1992,1997,2
1992,1998,2
1992,1999,2
1993,45,2
1993,350,2
1993,1408,2
1993,1436,2
1993,1452,2
1993,1548,2
1993,1564,2
1993,1954,2
1993,1988,2
1993,1989,2
1993,1995,2
1993,1996,2
1994,1633,2
1994,1634,2
1994,1682,2
1994,1702,2
1994,1798,2
1994,1858,2
1994,1861,2
1994,1944,2
1994,1955,2
1994,1981,2
1994,1985,2
1994,1991,2
1995,55,2
1995,410,2
1995,491,2
1995,510,2
1995,1347,2
1995,1619,2
1995,1722,2
1995,1850,2
1995,1987,2
1995,1988,2
1995,1989,2
1995,1993,2
1995,1996,2
1996,274,2
1996,929,2
1996,1372,2
1996,1820,2
1996,1905,2
1996,1936,2
1996,1954,2
1996,1956,2
1996,1960,2
1996,1967,2
1996,1989,2
1996,1993,2
1996,1995,2
1997,1361,2
1997,1388,2
1997,1601,2
1997,1717,2
1997,1742,2
1997,1747,2
1997,1823,2
1997,1990,2
1997,1992,2
1997,1998,2
1997,1999,2
1997,2000,2
1998,169,2
1998,781,2
1998,878,2
1998,1260,2
1998,1320,2
1998,1464,2
1998,1563,2
1998,1604,2
1998,1802,2
1998,1804,2
1998,1948,2
1998,1983,2
1998,1990,2
1998,1992,2
1998,1997,2
1998,1999,2
1998,2000,2
1999,387,2
1999,735,2
1999,797,2
1999,885,2
1999,1009,2
1999,1407,2
1999,1578,2
1999,1735,2
1999,1882,2
1999,1904,2
1999,1953,2
1999,1990,2
1999,1992,2
1999,1997,2
1999,1998,2
1999,2000,2
2000,492,2
2000,1118,2
2000,1156,2
2000,1170,2
2000,1200,2
2000,1546,2
2000,1649,2
2000,1683,2
2000,1684,2
2000,1694,2
2000,1761,2
2000,1809,2
2000,1990,2
2000,1997,2
2000,1998,2
2000,1999,2
1,58,3
1,1807,3
2,44,3
2,1629,3
3,4,3
3,19,3
4,3,3
4,26,3
5,6,3
5,322,3
6,5,3
6,214,3
7,8,3
7,60,3
8,7,3
8,17,3
9,11,3
9,82,3
10,16,3
10,1713,3
11,9,3
11,37,3
12,103,3
12,1199,3
13,14,3
13,70,3
14,13,3
14,164,3
15,17,3
15,341,3
16,10,3
16,695,3
17,8,3
17,15,3
18,19,3
18,20,3
19,3,3
19,18,3
20,18,3
20,21,3
21,20,3
21,102,3
22,23,3
22,28,3
23,22,3
23,1372,3
24,25,3
24,131,3
25,24,3
25,56,3
26,4,3
26,27,3
27,26,3
27,129,3
28,22,3
28,29,3
29,28,3
29,1955,3
30,31,3
30,85,3
31,30,3
31,46,3
32,33,3
32,43,3
33,32,3
33,133,3
34,35,3
34,52,3
35,34,3
35,1999,3
36,37,3
36,1166,3
37,11,3
37,36,3
38,39,3
38,114,3
39,38,3
39,88,3
40,41,3
40,1981,3
41,40,3
41,84,3
42,43,3
42,96,3
43,32,3
43,42,3
44,2,3
44,435,3
45,46,3
45,149,3
46,31,3
46,45,3
47,50,3
47,1245,3
48,52,3
48,66,3
49,71,3
49,1423,3
50,47,3
50,215,3
51,132,3
51,1596,3
52,34,3
52,48,3
53,54,3
53,89,3
54,53,3
54,100,3
55,1396,3
55,1995,3
56,25,3
56,1396,3
57,58,3
57,105,3
58,1,3
58,57,3
59,60,3
59,1837,3
60,7,3
60,59,3
61,62,3
61,98,3
62,61,3
62,78,3
63,64,3
63,1863,3
64,63,3
64,73,3
65,66,3
65,115,3
66,48,3
66,65,3
67,68,3
67,104,3
68,67,3
68,101,3
69,70,3
69,1776,3
70,13,3
70,69,3
71,49,3
71,72,3
72,71,3
72,443,3
73,64,3
73,1820,3
74,80,3
74,1820,3
75,76,3
75,260,3
76,75,3
76,112,3
77,1594,3
77,1860,3
78,62,3
78,1594,3
79,213,3
79,1546,3
80,74,3
80,1631,3
81,1181,3
81,1631,3
82,9,3
82,83,3
83,82,3
83,712,3
84,41,3
84,1859,3
85,30,3
85,1859,3
86,87,3
86,172,3
87,86,3
87,106,3
88,39,3
88,1604,3
89,53,3
89,1604,3
90,91,3
90,93,3
91,90,3
91,1313,3
92,93,3
92,311,3
93,90,3
93,92,3
94,95,3
94,97,3
95,94,3
95,107,3
96,42,3
96,97,3
97,94,3
97,96,3
98,61,3
98,100,3
99,1470,3
99,1605,3
100,54,3
100,98,3
101,68,3
101,102,3
102,21,3
102,101,3
103,12,3
103,104,3
104,67,3
104,103,3
105,57,3
105,106,3
106,87,3
106,105,3
107,95,3
107,109,3
108,235,3
108,838,3
109,107,3
109,245,3
110,111,3
110,1978,3
111,110,3
111,159,3
112,76,3
112,1878,3
113,114,3
113,230,3
114,38,3
114,113,3
115,65,3
115,116,3
116,115,3
116,314,3
117,118,3
117,327,3
118,117,3
118,177,3
119,120,3
119,219,3
120,119,3
120,194,3
121,122,3
121,175,3
122,121,3
122,134,3
123,124,3
123,153,3
124,123,3
124,1431,3
125,128,3
125,1635,3
126,186,3
126,1635,3
127,128,3
127,138,3
128,125,3
128,127,3
129,27,3
129,130,3
130,129,3
130,309,3
131,24,3
131,132,3
132,51,3
132,131,3
133,33,3
133,1946,3
134,122,3
134,135,3
135,134,3
135,218,3
136,137,3
136,147,3
137,136,3
137,1903,3
138,127,3
138,139,3
139,138,3
139,144,3
140,141,3
140,181,3
141,140,3
141,158,3
142,143,3
142,192,3
143,142,3
143,188,3
144,139,3
144,145,3
145,144,3
145,1116,3
146,147,3
146,152,3
147,136,3
147,146,3
148,149,3
148,157,3
149,45,3
149,148,3
150,152,3
150,189,3
151,1785,3
151,1884,3
152,146,3
152,150,3
153,123,3
153,154,3
154,153,3
154,216,3
155,156,3
155,182,3
156,155,3
156,1368,3
157,148,3
157,571,3
158,141,3
158,159,3
159,111,3
159,158,3
160,161,3
160,347,3
161,160,3
161,173,3
162,163,3
162,168,3
163,162,3
163,191,3
164,14,3
164,165,3
165,164,3
165,926,3
166,167,3
166,1969,3
167,166,3
167,417,3
168,162,3
168,169,3
169,168,3
169,559,3
170,1993,3
170,1995,3
171,173,3
171,459,3
172,86,3
172,174,3
173,161,3
173,171,3
174,172,3
174,190,3
175,121,3
175,176,3
176,175,3
176,267,3
177,118,3
177,178,3
178,177,3
178,1999,3
179,180,3
179,258,3
180,179,3
180,1549,3
181,140,3
181,182,3
182,155,3
182,181,3
183,184,3
183,425,3
184,183,3
184,1087,3
185,372,3
185,1513,3
186,126,3
186,187,3
187,186,3
187,345,3
188,143,3
188,189,3
189,150,3
189,188,3
190,174,3
190,192,3
191,163,3
191,193,3
192,142,3
192,190,3
193,191,3
193,241,3
194,120,3
194,195,3
195,194,3
195,1792,3
196,197,3
196,201,3
197,196,3
197,211,3
198,199,3
198,275,3
199,198,3
199,321,3
200,271,3
200,438,3
201,196,3
201,202,3
202,201,3
202,698,3
203,204,3
203,1962,3
204,203,3
204,220,3
205,206,3
205,234,3
206,205,3
206,302,3
207,208,3
207,229,3
208,207,3
208,513,3
209,210,3
209,221,3
210,209,3
210,1999,3
211,197,3
211,212,3
212,211,3
212,760,3
213,79,3
213,226,3
214,6,3
214,216,3
215,50,3
215,815,3
216,154,3
216,214,3
217,218,3
217,892,3
218,135,3
218,217,3
219,119,3
219,220,3
220,204,3
220,219,3
221,209,3
221,222,3
222,221,3
222,243,3
223,225,3
223,764,3
224,1434,3
224,1671,3
225,223,3
225,279,3
226,213,3
226,1445,3
227,355,3
227,1445,3
228,236,3
228,1907,3
229,207,3
229,230,3
230,113,3
230,229,3
231,232,3
231,268,3
232,231,3
232,310,3
233,234,3
233,1943,3
234,205,3
234,233,3
235,108,3
235,236,3
236,228,3
236,235,3
237,238,3
237,287,3
238,237,3
238,1305,3
239,240,3
239,1999,3
240,239,3
240,754,3
241,193,3
241,242,3
242,241,3
242,286,3
243,222,3
243,244,3
244,243,3
244,249,3
245,109,3
245,246,3
246,245,3
246,334,3
247,248,3
247,266,3
248,247,3
248,346,3
249,244,3
249,250,3
250,249,3
250,306,3
251,293,3
251,1912,3
252,253,3
252,1472,3
253,252,3
253,784,3
254,255,3
254,440,3
255,254,3
255,298,3
256,257,3
256,1283,3
257,256,3
257,419,3
258,179,3
258,1408,3
259,284,3
259,1913,3
260,75,3
260,261,3
261,260,3
261,363,3
262,263,3
262,330,3
263,262,3
263,1965,3
264,265,3
264,1627,3
265,264,3
265,469,3
266,247,3
266,267,3
267,176,3
267,266,3
268,231,3
268,269,3
269,268,3
269,277,3
270,271,3
270,337,3
271,200,3
271,270,3
272,273,3
272,366,3
273,272,3
273,338,3
274,275,3
274,276,3
275,198,3
275,274,3
276,274,3
276,277,3
277,269,3
277,276,3
278,279,3
278,356,3
279,225,3
279,278,3
280,713,3
280,1370,3
281,282,3
281,295,3
282,281,3
282,285,3
283,284,3
283,389,3
284,259,3
284,283,3
285,282,3
285,286,3
286,242,3
286,285,3
287,237,3
287,288,3
288,287,3
288,307,3
289,290,3
289,665,3
290,289,3
290,312,3
291,292,3
291,424,3
292,291,3
292,1846,3
293,251,3
293,301,3
294,295,3
294,329,3
295,281,3
295,294,3
296,394,3
296,1168,3
297,298,3
297,1986,3
298,255,3
298,297,3
299,350,3
299,1717,3
300,301,3
300,1554,3
301,293,3
301,300,3
302,206,3
302,303,3
303,302,3
303,342,3
304,470,3
304,1569,3
305,315,3
305,1569,3
306,250,3
306,307,3
307,288,3
307,306,3
308,309,3
308,343,3
309,130,3
309,308,3
310,232,3
310,513,3
311,92,3
311,1767,3
312,290,3
312,1767,3
313,315,3
313,1436,3
314,116,3
314,316,3
315,305,3
315,313,3
316,314,3
316,371,3
317,336,3
317,1747,3
318,339,3
318,1747,3
319,320,3
319,1986,3
320,319,3
320,1998,3
321,199,3
321,322,3
322,5,3
322,321,3
323,324,3
323,476,3
324,323,3
324,1995,3
325,327,3
325,451,3
326,934,3
326,1140,3
327,117,3
327,325,3
328,329,3
328,370,3
329,294,3
329,328,3
330,262,3
330,331,3
331,330,3
331,385,3
332,386,3
332,1928,3
333,334,3
333,494,3
334,246,3
334,333,3
335,336,3
335,396,3
336,317,3
336,335,3
337,270,3
337,338,3
338,273,3
338,337,3
339,318,3
339,340,3
340,339,3
340,449,3
341,15,3
341,342,3
342,303,3
342,341,3
343,308,3
343,344,3
344,343,3
344,364,3
345,187,3
345,346,3
346,248,3
346,345,3
347,160,3
347,348,3
348,347,3
348,902,3
349,1309,3
349,1998,3
350,299,3
350,1971,3
351,352,3
351,359,3
352,351,3
352,362,3
353,354,3
353,393,3
354,353,3
354,501,3
355,227,3
355,356,3
356,278,3
356,355,3
357,358,3
357,1995,3
358,357,3
358,379,3
359,351,3
359,362,3
360,1599,3
360,1608,3
361,369,3
361,1546,3
362,352,3
362,359,3
363,261,3
363,364,3
364,344,3
364,363,3
365,366,3
365,381,3
366,272,3
366,365,3
367,368,3
367,1901,3
368,367,3
368,369,3
369,361,3
369,368,3
370,328,3
370,371,3
371,316,3
371,370,3
372,185,3
372,485,3
373,374,3
373,423,3
374,373,3
374,503,3
375,376,3
375,377,3
376,375,3
376,1427,3
377,375,3
377,1773,3
378,490,3
378,873,3
379,358,3
379,381,3
380,407,3
380,1773,3
381,365,3
381,379,3
382,383,3
382,435,3
383,382,3
383,436,3
384,385,3
384,429,3
385,331,3
385,384,3
386,332,3
386,387,3
387,386,3
387,471,3
388,389,3
388,392,3
389,283,3
389,388,3
390,391,3
390,433,3
391,390,3
391,1984,3
392,388,3
392,393,3
393,353,3
393,392,3
394,296,3
394,395,3
395,394,3
395,397,3
396,335,3
396,397,3
397,395,3
397,396,3
398,399,3
398,406,3
399,398,3
399,437,3
400,401,3
400,688,3
401,400,3
401,569,3
402,403,3
402,473,3
403,402,3
403,450,3
404,432,3
404,1115,3
405,406,3
405,478,3
406,398,3
406,405,3
407,380,3
407,1485,3
408,551,3
408,1485,3
409,410,3
409,418,3
410,409,3
410,1896,3
411,618,3
411,1819,3
412,486,3
412,1819,3
413,1194,3
413,1452,3
414,430,3
414,1452,3
415,416,3
415,455,3
416,415,3
416,477,3
417,167,3
417,922,3
418,409,3
418,419,3
419,257,3
419,418,3
420,421,3
420,527,3
421,420,3
421,649,3
422,800,3
422,1964,3
423,373,3
423,424,3
424,291,3
424,423,3
425,183,3
425,426,3
426,425,3
426,1632,3
427,428,3
427,1991,3
428,427,3
428,540,3
429,384,3
429,430,3
430,414,3
430,429,3
431,432,3
431,465,3
432,404,3
432,431,3
433,390,3
433,1670,3
434,448,3
434,1670,3
435,44,3
435,382,3
436,383,3
436,437,3
437,399,3
437,436,3
438,200,3
438,506,3
439,440,3
439,512,3
440,254,3
440,439,3
441,1441,3
441,1633,3
442,443,3
442,444,3
443,72,3
443,442,3
444,442,3
444,445,3
445,444,3
445,589,3
446,447,3
446,509,3
447,446,3
447,595,3
448,434,3
448,494,3
449,340,3
449,450,3
450,403,3
450,449,3
451,325,3
451,1661,3
452,453,3
452,1811,3
453,452,3
453,1892,3
454,546,3
454,1903,3
455,415,3
455,456,3
456,455,3
456,458,3
457,458,3
457,480,3
458,456,3
458,457,3
459,171,3
459,461,3
460,462,3
460,536,3
461,459,3
461,1999,3
462,460,3
462,1999,3
463,464,3
463,526,3
464,463,3
464,1868,3
465,431,3
465,467,3
466,468,3
466,1196,3
467,465,3
467,1279,3
468,466,3
468,469,3
469,265,3
469,468,3
470,304,3
470,471,3
471,387,3
471,470,3
472,473,3
472,523,3
473,402,3
473,472,3
474,475,3
474,505,3
475,474,3
475,496,3
476,323,3
476,477,3
477,416,3
477,476,3
478,405,3
478,479,3
479,478,3
479,481,3
480,457,3
480,481,3
481,479,3
481,480,3
482,484,3
482,524,3
483,522,3
483,1121,3
484,482,3
484,1453,3
485,372,3
485,486,3
486,412,3
486,485,3
487,488,3
487,497,3
488,487,3
488,511,3
489,502,3
489,1490,3
490,378,3
490,491,3
491,490,3
491,510,3
492,493,3
492,517,3
493,492,3
493,699,3
494,333,3
494,448,3
495,496,3
495,1979,3
496,475,3
496,495,3
497,487,3
497,1917,3
498,1381,3
498,1489,3
499,537,3
499,1381,3
500,501,3
500,1579,3
501,354,3
501,500,3
502,489,3
502,1675,3
503,374,3
503,505,3
504,1340,3
504,1598,3
505,474,3
505,503,3
506,438,3
506,508,3
507,586,3
507,626,3
508,506,3
508,571,3
509,446,3
509,510,3
510,491,3
510,509,3
511,488,3
511,512,3
512,439,3
512,511,3
513,208,3
513,310,3
514,515,3
514,814,3
515,514,3
515,1294,3
516,541,3
516,1839,3
517,492,3
517,1839,3
518,519,3
518,548,3
519,518,3
519,529,3
520,521,3
520,533,3
521,520,3
521,535,3
522,483,3
522,523,3
523,472,3
523,522,3
524,482,3
524,525,3
525,524,3
525,1785,3
526,463,3
526,527,3
527,420,3
527,526,3
528,530,3
528,545,3
529,519,3
529,531,3
530,528,3
530,592,3
531,529,3
531,1744,3
532,533,3
532,1998,3
533,520,3
533,532,3
534,536,3
534,570,3
535,521,3
535,537,3
536,460,3
536,534,3
537,499,3
537,535,3
538,539,3
538,560,3
539,538,3
539,687,3
540,428,3
540,541,3
541,516,3
541,540,3
542,608,3
542,1918,3
543,544,3
543,556,3
544,543,3
544,607,3
545,528,3
545,1408,3
546,454,3
546,806,3
547,548,3
547,584,3
548,518,3
548,547,3
549,551,3
549,1684,3
550,552,3
550,742,3
551,408,3
551,549,3
552,550,3
552,585,3
553,554,3
553,567,3
554,553,3
554,597,3
555,556,3
555,1602,3
556,543,3
556,555,3
557,558,3
557,692,3
558,557,3
558,563,3
559,169,3
559,560,3
560,538,3
560,559,3
561,562,3
561,624,3
562,561,3
562,691,3
563,558,3
563,564,3
564,563,3
564,753,3
565,566,3
565,573,3
566,565,3
566,636,3
567,553,3
567,568,3
568,567,3
568,759,3
569,401,3
569,1429,3
570,534,3
570,1429,3
571,157,3
571,508,3
572,573,3
572,574,3
573,565,3
573,572,3
574,572,3
574,575,3
575,574,3
575,619,3
576,577,3
576,579,3
577,576,3
577,578,3
578,577,3
578,579,3
579,576,3
579,578,3
580,1761,3
580,2000,3
581,582,3
581,613,3
582,581,3
582,648,3
583,584,3
583,1950,3
584,547,3
584,583,3
585,552,3
585,1792,3
586,507,3
586,587,3
587,586,3
587,1297,3
588,589,3
588,643,3
589,445,3
589,588,3
590,591,3
590,621,3
591,590,3
591,653,3
592,530,3
592,593,3
593,592,3
593,602,3
594,595,3
594,605,3
595,447,3
595,594,3
596,597,3
596,1698,3
597,554,3
597,596,3
598,599,3
598,604,3
599,598,3
599,1443,3
600,602,3
600,609,3
601,1768,3
601,1953,3
602,593,3
602,600,3
603,604,3
603,740,3
604,598,3
604,603,3
605,594,3
605,606,3
606,605,3
606,1201,3
607,544,3
607,1781,3
608,542,3
608,1781,3
609,600,3
609,1363,3
610,611,3
610,1147,3
611,610,3
611,623,3
612,613,3
612,670,3
613,581,3
613,612,3
614,615,3
614,1995,3
615,614,3
615,668,3
616,617,3
616,1937,3
617,616,3
617,628,3
618,411,3
618,619,3
619,575,3
619,618,3
620,621,3
620,1998,3
621,590,3
621,620,3
622,623,3
622,1741,3
623,611,3
623,622,3
624,561,3
624,1909,3
625,701,3
625,1909,3
626,507,3
626,631,3
627,628,3
627,799,3
628,617,3
628,627,3
629,630,3
629,641,3
630,629,3
630,881,3
631,626,3
631,633,3
632,634,3
632,654,3
633,631,3
633,634,3
634,632,3
634,633,3
635,636,3
635,674,3
636,566,3
636,635,3
637,638,3
637,657,3
638,637,3
638,673,3
639,640,3
639,685,3
640,639,3
640,661,3
641,629,3
641,642,3
642,641,3
642,756,3
643,588,3
643,645,3
644,646,3
644,1232,3
645,643,3
645,646,3
646,644,3
646,645,3
647,679,3
647,1251,3
648,582,3
648,649,3
649,421,3
649,648,3
650,651,3
650,696,3
651,650,3
651,658,3
652,653,3
652,675,3
653,591,3
653,652,3
654,632,3
654,655,3
655,654,3
655,686,3
656,657,3
656,1742,3
657,637,3
657,656,3
658,651,3
658,659,3
659,658,3
659,761,3
660,854,3
660,1988,3
661,640,3
661,662,3
662,661,3
662,669,3
663,664,3
663,1998,3
664,663,3
664,720,3
665,289,3
665,1996,3
666,667,3
666,1985,3
667,666,3
667,1492,3
668,615,3
668,669,3
669,662,3
669,668,3
670,612,3
670,919,3
671,672,3
671,1207,3
672,671,3
672,1316,3
673,638,3
673,674,3
674,635,3
674,673,3
675,652,3
675,676,3
676,675,3
676,681,3
677,678,3
677,815,3
678,677,3
678,705,3
679,647,3
679,680,3
680,679,3
680,706,3
681,676,3
681,1738,3
682,1738,3
682,1999,3
683,685,3
683,1985,3
684,936,3
684,1235,3
685,639,3
685,683,3
686,655,3
686,1930,3
687,539,3
687,688,3
688,400,3
688,687,3
689,690,3
689,697,3
690,689,3
690,895,3
691,562,3
691,692,3
692,557,3
692,691,3
693,694,3
693,1941,3
694,693,3
694,1998,3
695,16,3
695,1976,3
696,650,3
696,697,3
697,689,3
697,696,3
698,202,3
698,699,3
699,493,3
699,698,3
700,701,3
700,747,3
701,625,3
701,700,3
702,703,3
702,1063,3
703,702,3
703,704,3
704,703,3
704,1816,3
705,678,3
705,1816,3
706,680,3
706,707,3
707,706,3
707,717,3
708,709,3
708,1984,3
709,708,3
709,811,3
710,711,3
710,714,3
711,710,3
711,767,3
712,83,3
712,714,3
713,280,3
713,1370,3
714,710,3
714,712,3
715,743,3
715,1530,3
716,1531,3
716,1991,3
717,707,3
717,718,3
718,717,3
718,774,3
719,721,3
719,1088,3
720,664,3
720,1044,3
721,719,3
721,855,3
722,723,3
722,787,3
723,722,3
723,733,3
724,725,3
724,1660,3
725,724,3
725,769,3
726,727,3
726,789,3
727,726,3
727,739,3
728,730,3
728,851,3
729,731,3
729,846,3
730,728,3
730,731,3
731,729,3
731,730,3
732,733,3
732,762,3
733,723,3
733,732,3
734,1654,3
734,1997,3
735,736,3
735,797,3
736,735,3
736,834,3
737,741,3
737,1009,3
738,739,3
738,1997,3
739,727,3
739,738,3
740,603,3
740,741,3
741,737,3
741,740,3
742,550,3
742,743,3
743,715,3
743,742,3
744,745,3
744,752,3
745,744,3
745,788,3
746,747,3
746,749,3
747,700,3
747,746,3
748,749,3
748,810,3
749,746,3
749,748,3
750,751,3
750,763,3
751,750,3
751,802,3
752,744,3
752,1786,3
753,564,3
753,1786,3
754,240,3
754,850,3
755,756,3
755,1906,3
756,642,3
756,755,3
757,758,3
757,786,3
758,757,3
758,1808,3
759,568,3
759,760,3
760,212,3
760,759,3
761,659,3
761,762,3
762,732,3
762,761,3
763,750,3
763,764,3
764,223,3
764,763,3
765,767,3
765,908,3
766,768,3
766,1905,3
767,711,3
767,765,3
768,766,3
768,1395,3
769,725,3
769,1723,3
770,1723,3
770,1955,3
771,1328,3
771,1329,3
772,1664,3
772,1828,3
773,1937,3
773,1998,3
774,718,3
774,775,3
775,774,3
775,1287,3
776,777,3
776,1978,3
777,776,3
777,1915,3
778,779,3
778,890,3
779,778,3
779,1004,3
780,781,3
780,1410,3
781,780,3
781,838,3
782,783,3
782,785,3
783,782,3
783,796,3
784,253,3
784,785,3
785,782,3
785,784,3
786,757,3
786,788,3
787,722,3
787,1112,3
788,745,3
788,786,3
789,726,3
789,790,3
790,789,3
790,801,3
791,792,3
791,809,3
792,791,3
792,1997,3
793,794,3
793,1992,3
794,793,3
794,917,3
795,865,3
795,1660,3
796,783,3
796,797,3
797,735,3
797,796,3
798,799,3
798,849,3
799,627,3
799,798,3
800,422,3
800,806,3
801,790,3
801,802,3
802,751,3
802,801,3
803,804,3
803,812,3
804,803,3
804,853,3
805,894,3
805,1978,3
806,546,3
806,800,3
807,808,3
807,1771,3
808,807,3
808,842,3
809,791,3
809,810,3
810,748,3
810,809,3
811,709,3
811,812,3
812,803,3
812,811,3
813,814,3
813,871,3
814,514,3
814,813,3
815,215,3
815,677,3
816,817,3
816,916,3
817,816,3
817,823,3
818,820,3
818,1514,3
819,841,3
819,1514,3
820,818,3
820,821,3
821,820,3
821,825,3
822,823,3
822,1737,3
823,817,3
823,822,3
824,825,3
824,832,3
825,821,3
825,824,3
826,827,3
826,887,3
827,826,3
827,840,3
828,829,3
828,830,3
829,828,3
829,845,3
830,828,3
830,831,3
831,830,3
831,910,3
832,824,3
832,833,3
833,832,3
833,879,3
834,736,3
834,1453,3
835,836,3
835,901,3
836,835,3
836,848,3
837,839,3
837,1144,3
838,108,3
838,781,3
839,837,3
839,1071,3
840,827,3
840,841,3
841,819,3
841,840,3
842,808,3
842,843,3
843,842,3
843,844,3
844,843,3
844,845,3
845,829,3
845,844,3
846,729,3
846,848,3
847,857,3
847,1336,3
848,836,3
848,846,3
849,798,3
849,1224,3
850,754,3
850,909,3
851,728,3
851,852,3
852,851,3
852,870,3
853,804,3
853,855,3
854,660,3
854,1229,3
855,721,3
855,853,3
856,857,3
856,896,3
857,847,3
857,856,3
858,859,3
858,931,3
859,858,3
859,905,3
860,861,3
860,1974,3
861,860,3
861,1405,3
862,863,3
862,1997,3
863,862,3
863,1977,3
864,866,3
864,911,3
865,795,3
865,867,3
866,864,3
866,867,3
867,865,3
867,866,3
868,869,3
868,884,3
869,868,3
869,1732,3
870,852,3
870,872,3
871,813,3
871,1433,3
872,870,3
872,1108,3
873,378,3
873,1987,3
874,875,3
874,923,3
875,874,3
875,921,3
876,877,3
876,970,3
877,876,3
877,883,3
878,879,3
878,899,3
879,833,3
879,878,3
880,881,3
880,1041,3
881,630,3
881,880,3
882,883,3
882,1727,3
883,877,3
883,882,3
884,868,3
884,885,3
885,884,3
885,1014,3
886,887,3
886,1959,3
887,826,3
887,886,3
888,890,3
888,986,3
889,1357,3
889,1850,3
890,778,3
890,888,3
891,892,3
891,1492,3
892,217,3
892,891,3
893,895,3
893,1023,3
894,805,3
894,1351,3
895,690,3
895,893,3
896,856,3
896,897,3
897,896,3
897,1039,3
898,899,3
898,1329,3
899,878,3
899,898,3
900,901,3
900,906,3
901,835,3
901,900,3
902,348,3
902,905,3
903,906,3
903,925,3
904,1508,3
904,1847,3
905,859,3
905,902,3
906,900,3
906,903,3
907,908,3
907,941,3
908,765,3
908,907,3
909,850,3
909,910,3
910,831,3
910,909,3
911,864,3
911,912,3
912,911,3
912,1985,3
913,914,3
913,946,3
914,913,3
914,924,3
915,916,3
915,993,3
916,816,3
916,915,3
917,794,3
917,1425,3
918,1425,3
918,1977,3
919,670,3
919,996,3
920,921,3
920,932,3
921,875,3
921,920,3
922,417,3
922,966,3
923,874,3
923,924,3
924,914,3
924,923,3
925,903,3
925,926,3
926,165,3
926,925,3
927,928,3
927,973,3
928,927,3
928,940,3
929,930,3
929,1996,3
930,929,3
930,1015,3
931,858,3
931,1133,3
932,920,3
932,1566,3
933,1079,3
933,1566,3
934,326,3
934,935,3
935,934,3
935,953,3
936,684,3
936,937,3
937,936,3
937,956,3
938,939,3
938,982,3
939,938,3
939,969,3
940,928,3
940,941,3
941,907,3
941,940,3
942,943,3
942,1117,3
943,942,3
943,988,3
944,945,3
944,1988,3
945,944,3
945,954,3
946,913,3
946,947,3
947,946,3
947,1284,3
948,949,3
948,995,3
949,948,3
949,968,3
950,951,3
950,958,3
951,950,3
951,980,3
952,954,3
952,1012,3
953,935,3
953,955,3
954,945,3
954,952,3
955,953,3
955,1008,3
956,937,3
956,957,3
957,956,3
957,1035,3
958,950,3
958,959,3
959,958,3
959,1377,3
960,961,3
960,1007,3
961,960,3
961,990,3
962,963,3
962,1804,3
963,962,3
963,1016,3
964,965,3
964,1047,3
965,964,3
965,1770,3
966,922,3
966,967,3
967,966,3
967,1424,3
968,949,3
968,969,3
969,939,3
969,968,3
970,876,3
970,971,3
971,970,3
971,1030,3
972,973,3
972,992,3
973,927,3
973,972,3
974,975,3
974,997,3
975,974,3
975,994,3
976,977,3
976,1028,3
977,976,3
977,1722,3
978,979,3
978,984,3
979,978,3
979,1133,3
980,951,3
980,981,3
981,980,3
981,1071,3
982,938,3
982,983,3
983,982,3
983,1017,3
984,978,3
984,985,3
985,984,3
985,1082,3
986,888,3
986,987,3
987,986,3
987,1000,3
988,943,3
988,989,3
989,988,3
989,1010,3
990,961,3
990,991,3
991,990,3
991,1945,3
992,972,3
992,993,3
993,915,3
993,992,3
994,975,3
994,995,3
995,948,3
995,994,3
996,919,3
996,997,3
997,974,3
997,996,3
998,1000,3
998,1061,3
999,1020,3
999,1125,3
1000,987,3
1000,998,3
1001,1002,3
1001,1024,3
1002,1001,3
1002,1032,3
1003,1004,3
1003,1978,3
1004,779,3
1004,1003,3
1005,1084,3
1005,1546,3
1006,1508,3
1006,1757,3
1007,960,3
1007,1008,3
1008,955,3
1008,1007,3
1009,737,3
1009,1050,3
1010,989,3
1010,1011,3
1011,1010,3
1011,1065,3
1012,952,3
1012,1013,3
1013,1012,3
1013,1076,3
1014,885,3
1014,1015,3
1015,930,3
1015,1014,3
1016,963,3
1016,1017,3
1017,983,3
1017,1016,3
1018,1019,3
1018,1981,3
1019,1018,3
1019,1026,3
1020,999,3
1020,1021,3
1021,1020,3
1021,1034,3
1022,1163,3
1022,1164,3
1023,893,3
1023,1024,3
1024,1001,3
1024,1023,3
1025,1026,3
1025,1724,3
1026,1019,3
1026,1025,3
1027,1028,3
1027,1031,3
1028,976,3
1028,1027,3
1029,1030,3
1029,1897,3
1030,971,3
1030,1029,3
1031,1027,3
1031,1291,3
1032,1002,3
1032,1291,3
1033,1034,3
1033,1051,3
1034,1021,3
1034,1033,3
1035,957,3
1035,1036,3
1036,1035,3
1036,1159,3
1037,1519,3
1037,1891,3
1038,1039,3
1038,1056,3
1039,897,3
1039,1038,3
1040,1041,3
1040,1092,3
1041,880,3
1041,1040,3
1042,1043,3
1042,1593,3
1043,1042,3
1043,1100,3
1044,720,3
1044,1074,3
1045,1047,3
1045,1067,3
1046,1048,3
1046,1462,3
1047,964,3
1047,1045,3
1048,1046,3
1048,1596,3
1049,1050,3
1049,1064,3
1050,1009,3
1050,1049,3
1051,1033,3
1051,1052,3
1052,1051,3
1052,1058,3
1053,1054,3
1053,1059,3
1054,1053,3
1054,1729,3
1055,1057,3
1055,1727,3
1056,1038,3
1056,1581,3
1057,1055,3
1057,1148,3
1058,1052,3
1058,1059,3
1059,1053,3
1059,1058,3
1060,1061,3
1060,1062,3
1061,998,3
1061,1060,3
1062,1060,3
1062,1065,3
1063,702,3
1063,1066,3
1064,1049,3
1064,1297,3
1065,1011,3
1065,1062,3
1066,1063,3
1066,1080,3
1067,1045,3
1067,1068,3
1068,1067,3
1068,1846,3
1069,1151,3
1069,1415,3
1070,1073,3
1070,1415,3
1071,839,3
1071,981,3
1072,1073,3
1072,1106,3
1073,1070,3
1073,1072,3
1074,1044,3
1074,1075,3
1075,1074,3
1075,1146,3
1076,1013,3
1076,1077,3
1077,1076,3
1077,1978,3
1078,1079,3
1078,1098,3
1079,933,3
1079,1078,3
1080,1066,3
1080,1702,3
1081,1510,3
1081,1702,3
1082,985,3
1082,1083,3
1083,1082,3
1083,1113,3
1084,1005,3
1084,1085,3
1085,1084,3
1085,1105,3
1086,1087,3
1086,1127,3
1087,184,3
1087,1086,3
1088,719,3
1088,1089,3
1089,1088,3
1089,1225,3
1090,1099,3
1090,1979,3
1091,1093,3
1091,1954,3
1092,1040,3
1092,1093,3
1093,1091,3
1093,1092,3
1094,1095,3
1094,1189,3
1095,1094,3
1095,1937,3
1096,1097,3
1096,1109,3
1097,1096,3
1097,1995,3
1098,1078,3
1098,1099,3
1099,1090,3
1099,1098,3
1100,1043,3
1100,1101,3
1101,1100,3
1101,1140,3
1102,1103,3
1102,1981,3
1103,1102,3
1103,1114,3
1104,1105,3
1104,1129,3
1105,1085,3
1105,1104,3
1106,1072,3
1106,1655,3
1107,1655,3
1107,1765,3
1108,872,3
1108,1109,3
1109,1096,3
1109,1108,3
1110,1111,3
1110,1193,3
1111,1110,3
1111,1214,3
1112,787,3
1112,1139,3
1113,1083,3
1113,1114,3
1114,1103,3
1114,1113,3
1115,404,3
1115,1120,3
1116,145,3
1116,1117,3
1117,942,3
1117,1116,3
1118,1156,3
1118,1708,3
1119,1134,3
1119,1708,3
1120,1115,3
1120,1122,3
1121,483,3
1121,1122,3
1122,1120,3
1122,1121,3
1123,1124,3
1123,1177,3
1124,1123,3
1124,1268,3
1125,999,3
1125,1997,3
1126,1127,3
1126,1221,3
1127,1086,3
1127,1126,3
1128,1129,3
1128,1188,3
1129,1104,3
1129,1128,3
1130,1131,3
1130,1206,3
1131,1130,3
1131,1149,3
1132,1138,3
1132,1236,3
1133,931,3
1133,979,3
1134,1119,3
1134,1135,3
1135,1134,3
1135,1136,3
1136,1135,3
1136,1648,3
1137,1707,3
1137,1869,3
1138,1132,3
1138,1139,3
1139,1112,3
1139,1138,3
1140,326,3
1140,1101,3
1141,1143,3
1141,1494,3
1142,1143,3
1142,1220,3
1143,1141,3
1143,1142,3
1144,837,3
1144,1686,3
1145,1146,3
1145,1726,3
1146,1075,3
1146,1145,3
1147,610,3
1147,1148,3
1148,1057,3
1148,1147,3
1149,1131,3
1149,1150,3
1150,1149,3
1150,1180,3
1151,1069,3
1151,1152,3
1152,1151,3
1152,1536,3
1153,1154,3
1153,1155,3
1154,1153,3
1154,1176,3
1155,1153,3
1155,1156,3
1156,1118,3
1156,1155,3
1157,1158,3
1157,1162,3
1158,1157,3
1158,1168,3
1159,1036,3
1159,1499,3
1160,1499,3
1160,1589,3
1161,1162,3
1161,1196,3
1162,1157,3
1162,1161,3
1163,1022,3
1163,1191,3
1164,1022,3
1164,1165,3
1165,1164,3
1165,1184,3
1166,36,3
1166,1167,3
1167,1166,3
1167,1169,3
1168,296,3
1168,1158,3
1169,1167,3
1169,1170,3
1170,1169,3
1170,1319,3
1171,1172,3
1171,1859,3
1172,1171,3
1172,1240,3
1173,1174,3
1173,1269,3
1174,1173,3
1174,1309,3
1175,1176,3
1175,1354,3
1176,1154,3
1176,1175,3
1177,1123,3
1177,1534,3
1178,1179,3
1178,1330,3
1179,1178,3
1179,1223,3
1180,1150,3
1180,1181,3
1181,81,3
1181,1180,3
1182,1190,3
1182,1772,3
1183,1264,3
1183,1772,3
1184,1165,3
1184,1768,3
1185,1768,3
1185,1954,3
1186,1187,3
1186,1373,3
1187,1186,3
1187,1302,3
1188,1128,3
1188,1189,3
1189,1094,3
1189,1188,3
1190,1182,3
1190,1191,3
1191,1163,3
1191,1190,3
1192,1193,3
1192,1227,3
1193,1110,3
1193,1192,3
1194,413,3
1194,1195,3
1195,1194,3
1195,1224,3
1196,466,3
1196,1161,3
1197,1198,3
1197,1919,3
1198,1197,3
1198,1215,3
1199,12,3
1199,1204,3
1200,1201,3
1200,2000,3
1201,606,3
1201,1200,3
1202,1203,3
1202,1209,3
1203,1202,3
1203,1270,3
1204,1199,3
1204,1205,3
1205,1204,3
1205,2000,3
1206,1130,3
1206,1207,3
1207,671,3
1207,1206,3
1208,1209,3
1208,1276,3
1209,1202,3
1209,1208,3
1210,1211,3
1210,1462,3
1211,1210,3
1211,1213,3
1212,1213,3
1212,1278,3
1213,1211,3
1213,1212,3
1214,1111,3
1214,1215,3
1215,1198,3
1215,1214,3
1216,1217,3
1216,1510,3
1217,1216,3
1217,1253,3
1218,1219,3
1218,1942,3
1219,1218,3
1219,1241,3
1220,1142,3
1220,1221,3
1221,1126,3
1221,1220,3
1222,1223,3
1222,2000,3
1223,1179,3
1223,1222,3
1224,849,3
1224,1195,3
1225,1089,3
1225,1226,3
1226,1225,3
1226,1263,3
1227,1192,3
1227,1228,3
1228,1227,3
1228,1244,3
1229,854,3
1229,1306,3
1230,1231,3
1230,1239,3
1231,1230,3
1231,1299,3
1232,644,3
1232,1386,3
1233,1234,3
1233,1242,3
1234,1233,3
1234,1275,3
1235,684,3
1235,1272,3
1236,1132,3
1236,1781,3
1237,1238,3
1237,1271,3
1238,1237,3
1238,1290,3
1239,1230,3
1239,1240,3
1240,1172,3
1240,1239,3
1241,1219,3
1241,1242,3
1242,1233,3
1242,1241,3
1243,1244,3
1243,1259,3
1244,1228,3
1244,1243,3
1245,47,3
1245,1246,3
1246,1245,3
1246,1371,3
1247,1248,3
1247,1312,3
1248,1247,3
1248,1765,3
1249,1274,3
1249,1735,3
1250,1898,3
1250,1928,3
1251,647,3
1251,1391,3
1252,1253,3
1252,1424,3
1253,1217,3
1253,1252,3
1254,1255,3
1254,1342,3
1255,1254,3
1255,1310,3
1256,1257,3
1256,2000,3
1257,1256,3
1257,1273,3
1258,1259,3
1258,1301,3
1259,1243,3
1259,1258,3
1260,1261,3
1260,1948,3
1261,1260,3
1261,1422,3
1262,1264,3
1262,1845,3
1263,1226,3
1263,1265,3
1264,1183,3
1264,1262,3
1265,1263,3
1265,1685,3
1266,1267,3
1266,1981,3
1267,1266,3
1267,1281,3
1268,1124,3
1268,1269,3
1269,1173,3
1269,1268,3
1270,1203,3
1270,1271,3
1271,1237,3
1271,1270,3
1272,1235,3
1272,1273,3
1273,1257,3
1273,1272,3
1274,1249,3
1274,1275,3
1275,1234,3
1275,1274,3
1276,1208,3
1276,1277,3
1277,1276,3
1277,1762,3
1278,1212,3
1278,1279,3
1279,467,3
1279,1278,3
1280,1303,3
1280,1978,3
1281,1267,3
1281,1282,3
1282,1281,3
1282,1304,3
1283,256,3
1283,1284,3
1284,947,3
1284,1283,3
1285,1286,3
1285,1878,3
1286,1285,3
1286,1988,3
1287,775,3
1287,1288,3
1288,1287,3
1288,1311,3
1289,1746,3
1289,1990,3
1290,1238,3
1290,1292,3
1291,1031,3
1291,1032,3
1292,1290,3
1292,1416,3
1293,1294,3
1293,1339,3
1294,515,3
1294,1293,3
1295,1296,3
1295,1315,3
1296,1295,3
1296,1338,3
1297,587,3
1297,1064,3
1298,1363,3
1298,1503,3
1299,1231,3
1299,1300,3
1300,1299,3
1300,1786,3
1301,1258,3
1301,1302,3
1302,1187,3
1302,1301,3
1303,1280,3
1303,1304,3
1304,1282,3
1304,1303,3
1305,238,3
1305,1306,3
1306,1229,3
1306,1305,3
1307,1308,3
1307,1515,3
1308,1307,3
1308,1322,3
1309,349,3
1309,1174,3
1310,1255,3
1310,1311,3
1311,1288,3
1311,1310,3
1312,1247,3
1312,1313,3
1313,91,3
1313,1312,3
1314,1315,3
1314,1317,3
1315,1295,3
1315,1314,3
1316,672,3
1316,1317,3
1317,1314,3
1317,1316,3
1318,1319,3
1318,1337,3
1319,1170,3
1319,1318,3
1320,1321,3
1320,1998,3
1321,1320,3
1321,1348,3
1322,1308,3
1322,1323,3
1323,1322,3
1323,1336,3
1324,1325,3
1324,1332,3
1325,1324,3
1325,1356,3
1326,1327,3
1326,1419,3
1327,1326,3
1327,1347,3
1328,771,3
1328,1970,3
1329,771,3
1329,898,3
1330,1178,3
1330,1331,3
1331,1330,3
1331,1333,3
1332,1324,3
1332,2000,3
1333,1331,3
1333,1334,3
1334,1333,3
1334,1412,3
1335,1532,3
1335,1963,3
1336,847,3
1336,1323,3
1337,1318,3
1337,1338,3
1338,1296,3
1338,1337,3
1339,1293,3
1339,1340,3
1340,504,3
1340,1339,3
1341,1342,3
1341,1692,3
1342,1254,3
1342,1341,3
1343,1344,3
1343,1389,3
1344,1343,3
1344,1540,3
1345,1346,3
1345,1514,3
1346,1345,3
1346,1992,3
1347,1327,3
1347,1348,3
1348,1321,3
1348,1347,3
1349,1350,3
1349,1726,3
1350,1349,3
1350,1364,3
1351,894,3
1351,1417,3
1352,1353,3
1352,1965,3
1353,1352,3
1353,1667,3
1354,1175,3
1354,1355,3
1355,1354,3
1355,1798,3
1356,1325,3
1356,1357,3
1357,889,3
1357,1356,3
1358,1359,3
1358,1667,3
1359,1358,3
1359,1603,3
1360,1361,3
1360,1896,3
1361,1360,3
1361,1717,3
1362,1364,3
1362,1812,3
1363,609,3
1363,1298,3
1364,1350,3
1364,1362,3
1365,1366,3
1365,1369,3
1366,1365,3
1366,1487,3
1367,1368,3
1367,1504,3
1368,156,3
1368,1367,3
1369,1365,3
1369,1984,3
1370,280,3
1370,713,3
1371,1246,3
1371,1645,3
1372,23,3
1372,1373,3
1372,1374,3
1373,1186,3
1373,1372,3
1373,1962,3
1374,1372,3
1374,1379,3
1374,1398,3
1375,1629,3
1375,1645,3
1375,1927,3
1376,1378,3
1376,1938,3
1376,1969,3
1377,959,3
1377,1824,3
1377,1826,3
1378,1376,3
1378,1779,3
1378,1822,3
1379,1374,3
1379,1382,3
1379,1393,3
1380,1392,3
1380,1494,3
1380,1969,3
1381,498,3
1381,499,3
1381,1402,3
1382,1379,3
1382,1385,3
1382,1987,3
1383,1384,3
1383,1770,3
1383,1869,3
1384,1383,3
1384,1665,3
1384,1677,3
1385,1382,3
1385,1389,3
1385,1957,3
1386,1232,3
1386,1442,3
1386,1456,3
1387,1391,3
1387,1513,3
1387,1739,3
1388,1477,3
1388,1478,3
1388,1747,3
1389,1343,3
1389,1385,3
1389,1390,3
1390,1389,3
1390,1393,3
1390,1957,3
1391,1251,3
1391,1387,3
1391,1824,3
1392,1380,3
1392,1397,3
1392,1503,3
1393,1379,3
1393,1390,3
1393,1394,3
1394,1393,3
1394,1395,3
1394,1526,3
1395,768,3
1395,1394,3
1395,1398,3
1396,55,3
1396,56,3
1396,1399,3
1397,1392,3
1397,1733,3
1397,1743,3
1398,1374,3
1398,1395,3
1398,1399,3
1399,1396,3
1399,1398,3
1399,1402,3
1400,1401,3
1400,1825,3
1400,1943,3
1401,1400,3
1401,1793,3
1401,1922,3
1402,1381,3
1402,1399,3
1402,1403,3
1403,1402,3
1403,1405,3
1403,1425,3
1404,1409,3
1404,1561,3
1404,1572,3
1405,861,3
1405,1403,3
1405,1406,3
1406,1405,3
1406,1411,3
1406,1516,3
1407,1692,3
1407,1693,3
1407,1735,3
1408,258,3
1408,545,3
1408,1452,3
1409,1404,3
1409,1645,3
1409,1980,3
1410,780,3
1410,1414,3
1410,1493,3
1411,1406,3
1411,1412,3
1411,1531,3
1412,1334,3
1412,1411,3
1412,1413,3
1413,1412,3
1413,1416,3
1413,1469,3
1414,1410,3
1414,1454,3
1414,1588,3
1415,1069,3
1415,1070,3
1415,1426,3
1416,1292,3
1416,1413,3
1416,1417,3
1417,1351,3
1417,1416,3
1417,1418,3
1418,1417,3
1418,1419,3
1418,1958,3
1419,1326,3
1419,1418,3
1419,1420,3
1420,1419,3
1420,1421,3
1420,1602,3
1421,1420,3
1421,1422,3
1421,1925,3
1422,1261,3
1422,1421,3
1422,1426,3
1423,49,3
1423,1474,3
1423,1575,3
1424,967,3
1424,1252,3
1424,1427,3
1425,917,3
1425,918,3
1425,1403,3
1426,1415,3
1426,1422,3
1426,1430,3
1427,376,3
1427,1424,3
1427,1920,3
1428,1431,3
1428,1524,3
1428,1567,3
1429,569,3
1429,570,3
1429,1440,3
1430,1426,3
1430,1432,3
1430,1702,3
1431,124,3
1431,1428,3
1431,1944,3
1432,1430,3
1432,1439,3
1432,1662,3
1433,871,3
1433,1581,3
1433,1600,3
1434,224,3
1434,1657,3
1434,1704,3
1435,1475,3
1435,1704,3
1435,1759,3
1436,313,3
1436,1439,3
1436,1440,3
1437,1438,3
1437,1467,3
1437,1947,3
1438,1437,3
1438,1598,3
1438,1706,3
1439,1432,3
1439,1436,3
1439,1486,3
1440,1429,3
1440,1436,3
1440,1443,3
1441,441,3
1441,1442,3
1441,1461,3
1442,1386,3
1442,1441,3
1442,1456,3
1443,599,3
1443,1440,3
1443,1444,3
1444,1443,3
1444,1446,3
1444,1666,3
1445,226,3
1445,227,3
1445,1449,3
1446,1444,3
1446,1449,3
1446,1488,3
1447,1450,3
1447,1481,3
1447,1496,3
1448,1449,3
1448,1451,3
1448,1606,3
1449,1445,3
1449,1446,3
1449,1448,3
1450,1447,3
1450,1718,3
1450,1913,3
1451,1448,3
1451,1455,3
1451,1569,3
1452,413,3
1452,414,3
1452,1408,3
1453,484,3
1453,834,3
1453,1573,3
1454,1414,3
1454,1456,3
1454,1457,3
1455,1451,3
1455,1460,3
1455,1485,3
1456,1386,3
1456,1442,3
1456,1454,3
1457,1454,3
1457,1459,3
1457,1676,3
1458,1460,3
1458,1464,3
1458,1465,3
1459,1457,3
1459,1504,3
1459,1866,3
1460,1455,3
1460,1458,3
1460,1998,3
1461,1441,3
1461,1462,3
1461,1930,3
1462,1046,3
1462,1210,3
1462,1461,3
1463,1466,3
1463,1884,3
1463,1917,3
1464,1458,3
1464,1465,3
1464,1998,3
1465,1458,3
1465,1464,3
1465,1468,3
1466,1463,3
1466,1634,3
1466,1961,3
1467,1437,3
1467,1471,3
1467,1713,3
1468,1465,3
1468,1469,3
1468,1533,3
1469,1413,3
1469,1468,3
1469,1476,3
1470,99,3
1470,1473,3
1470,1724,3
1471,1467,3
1471,1472,3
1471,1473,3
1472,252,3
1472,1471,3
1472,1920,3
1473,1470,3
1473,1471,3
1473,1797,3
1474,1423,3
1474,1475,3
1474,1653,3
1475,1435,3
1475,1474,3
1475,1671,3
1476,1469,3
1476,1479,3
1476,1993,3
1477,1388,3
1477,1574,3
1477,1755,3
1478,1388,3
1478,1493,3
1478,1622,3
1479,1476,3
1479,1483,3
1479,1826,3
1480,1481,3
1480,1648,3
1480,1651,3
1481,1447,3
1481,1480,3
1481,1610,3
1482,1800,3
1482,1801,3
1482,1987,3
1483,1479,3
1483,1484,3
1483,1498,3
1484,1483,3
1484,1486,3
1484,1566,3
1485,407,3
1485,408,3
1485,1455,3
1486,1439,3
1486,1484,3
1486,1487,3
1487,1366,3
1487,1486,3
1487,1488,3
1488,1446,3
1488,1487,3
1488,1491,3
1489,498,3
1489,1490,3
1489,1738,3
1490,489,3
1490,1489,3
1490,1501,3
1491,1488,3
1491,1495,3
1491,1728,3
1492,667,3
1492,891,3
1492,1493,3
1493,1410,3
1493,1478,3
1493,1492,3
1494,1141,3
1494,1380,3
1494,1503,3
1495,1491,3
1495,1500,3
1495,1859,3
1496,1447,3
1496,1497,3
1496,1610,3
1497,1496,3
1497,1558,3
1497,1932,3
1498,1483,3
1498,1748,3
1498,1749,3
1499,1159,3
1499,1160,3
1499,1986,3
1500,1495,3
1500,1506,3
1500,1556,3
1501,1490,3
1501,1502,3
1501,1584,3
1502,1501,3
1502,1528,3
1502,1654,3
1503,1298,3
1503,1392,3
1503,1494,3
1504,1367,3
1504,1459,3
1504,1505,3
1505,1504,3
1505,1764,3
1505,1890,3
1506,1500,3
1506,1511,3
1506,1547,3
1507,1613,3
1507,1701,3
1507,2000,3
1508,904,3
1508,1006,3
1508,1993,3
1509,1512,3
1509,1562,3
1509,1982,3
1510,1081,3
1510,1216,3
1510,1703,3
1511,1506,3
1511,1515,3
1511,1557,3
1512,1509,3
1512,1894,3
1512,1994,3
1513,185,3
1513,1387,3
1513,1520,3
1514,818,3
1514,819,3
1514,1345,3
1515,1307,3
1515,1511,3
1515,1516,3
1516,1406,3
1516,1515,3
1516,1517,3
1517,1516,3
1517,1872,3
1517,1951,3
1518,1521,3
1518,1620,3
1518,1992,3
1519,1037,3
1519,1523,3
1519,1951,3
1520,1513,3
1520,1521,3
1520,1994,3
1521,1518,3
1521,1520,3
1521,1994,3
1522,1524,3
1522,1664,3
1522,1828,3
1523,1519,3
1523,1559,3
1523,1951,3
1524,1428,3
1524,1522,3
1524,1653,3
1525,1527,3
1525,1751,3
1525,1928,3
1526,1394,3
1526,1532,3
1526,1535,3
1527,1525,3
1527,1683,3
1527,1809,3
1528,1502,3
1528,1533,3
1528,1681,3
1529,1599,3
1529,1758,3
1529,1759,3
1530,715,3
1530,1531,3
1530,1987,3
1531,716,3
1531,1411,3
1531,1530,3
1532,1335,3
1532,1526,3
1532,1535,3
1533,1468,3
1533,1528,3
1533,1549,3
1534,1177,3
1534,1947,3
1534,1957,3
1535,1526,3
1535,1532,3
1535,1631,3
1536,1152,3
1536,1539,3
1536,1540,3
1537,1538,3
1537,1607,3
1537,1938,3
1538,1537,3
1538,1920,3
1538,1982,3
1539,1536,3
1539,1540,3
1539,2000,3
1540,1344,3
1540,1536,3
1540,1539,3
1541,1543,3
1541,1544,3
1541,1582,3
1542,1549,3
1542,1763,3
1542,1783,3
1543,1541,3
1543,1544,3
1543,1551,3
1544,1541,3
1544,1543,3
1544,1988,3
1545,1547,3
1545,1548,3
1545,1656,3
1546,79,3
1546,361,3
1546,1005,3
1547,1506,3
1547,1545,3
1547,1548,3
1548,1545,3
1548,1547,3
1548,1993,3
1549,180,3
1549,1533,3
1549,1542,3
1550,1558,3
1550,1763,3
1550,1817,3
1551,1543,3
1551,1552,3
1551,1553,3
1552,1551,3
1552,1553,3
1552,1615,3
1553,1551,3
1553,1552,3
1553,1636,3
1554,300,3
1554,1555,3
1554,1556,3
1555,1554,3
1555,1556,3
1555,1635,3
1556,1500,3
1556,1554,3
1556,1555,3
1557,1511,3
1557,1562,3
1557,1563,3
1558,1497,3
1558,1550,3
1558,1596,3
1559,1523,3
1559,1561,3
1559,1953,3
1560,1676,3
1560,1816,3
1560,1984,3
1561,1404,3
1561,1559,3
1561,1572,3
1562,1509,3
1562,1557,3
1562,1563,3
1563,1557,3
1563,1562,3
1563,1951,3
1564,1567,3
1564,1926,3
1564,1993,3
1565,1568,3
1565,1570,3
1565,1688,3
1566,932,3
1566,933,3
1566,1484,3
1567,1428,3
1567,1564,3
1567,1909,3
1568,1565,3
1568,1570,3
1568,1618,3
1569,304,3
1569,305,3
1569,1451,3
1570,1565,3
1570,1568,3
1570,1642,3
1571,1680,3
1571,1788,3
1571,1962,3
1572,1404,3
1572,1561,3
1572,1793,3
1573,1453,3
1573,1577,3
1573,1578,3
1574,1477,3
1574,1575,3
1574,1835,3
1575,1423,3
1575,1574,3
1575,1909,3
1576,1580,3
1576,1810,3
1576,1887,3
1577,1573,3
1577,1578,3
1577,1609,3
1578,1573,3
1578,1577,3
1578,1882,3
1579,500,3
1579,1582,3
1579,1585,3
1580,1576,3
1580,1920,3
1580,1982,3
1581,1056,3
1581,1433,3
1581,1584,3
1582,1541,3
1582,1579,3
1582,1585,3
1583,1584,3
1583,1621,3
1583,1809,3
1584,1501,3
1584,1581,3
1584,1583,3
1585,1579,3
1585,1582,3
1585,1594,3
1586,1587,3
1586,1590,3
1586,1965,3
1587,1586,3
1587,1590,3
1587,1871,3
1588,1414,3
1588,1591,3
1588,1676,3
1589,1160,3
1589,1593,3
1589,1685,3
1590,1586,3
1590,1587,3
1590,1673,3
1591,1588,3
1591,1593,3
1591,1663,3
1592,1595,3
1592,1597,3
1592,1641,3
1593,1042,3
1593,1589,3
1593,1591,3
1594,77,3
1594,78,3
1594,1585,3
1595,1592,3
1595,1597,3
1595,1924,3
1596,51,3
1596,1048,3
1596,1558,3
1597,1592,3
1597,1595,3
1597,1875,3
1598,504,3
1598,1438,3
1598,1930,3
1599,360,3
1599,1529,3
1599,1606,3
1600,1433,3
1600,1603,3
1600,1721,3
1601,1856,3
1601,1857,3
1601,1997,3
1602,555,3
1602,1420,3
1602,1964,3
1603,1359,3
1603,1600,3
1603,1964,3
1604,88,3
1604,89,3
1604,1951,3
1605,99,3
1605,1607,3
1605,1646,3
1606,1448,3
1606,1599,3
1606,1608,3
1607,1537,3
1607,1605,3
1607,1974,3
1608,360,3
1608,1606,3
1608,1877,3
1609,1577,3
1609,1615,3
1609,1890,3
1610,1481,3
1610,1496,3
1610,1612,3
1611,1625,3
1611,1890,3
1611,1992,3
1612,1610,3
1612,1711,3
1612,1853,3
1613,1507,3
1613,1844,3
1613,1900,3
1614,1616,3
1614,1734,3
1614,1885,3
1615,1552,3
1615,1609,3
1615,1890,3
1616,1614,3
1616,1660,3
1616,1678,3
1617,1619,3
1617,1865,3
1617,1994,3
1618,1568,3
1618,1620,3
1618,1996,3
1619,1617,3
1619,1722,3
1619,1995,3
1620,1518,3
1620,1618,3
1620,1625,3
1621,1583,3
1621,1622,3
1621,1683,3
1622,1478,3
1622,1621,3
1622,1942,3
1623,1624,3
1623,1628,3
1623,1992,3
1624,1623,3
1624,1628,3
1624,1886,3
1625,1611,3
1625,1620,3
1625,1670,3
1626,1627,3
1626,1806,3
1626,1990,3
1627,264,3
1627,1626,3
1627,1974,3
1628,1623,3
1628,1624,3
1628,1864,3
1629,2,3
1629,1375,3
1629,1729,3
1630,1632,3
1630,1715,3
1630,1994,3
1631,80,3
1631,81,3
1631,1535,3
1632,426,3
1632,1630,3
1632,1907,3
1633,441,3
1633,1849,3
1633,1961,3
1634,1466,3
1634,1637,3
1634,1944,3
1635,125,3
1635,126,3
1635,1555,3
1636,1553,3
1636,1638,3
1636,1981,3
1637,1634,3
1637,1797,3
1637,1819,3
1638,1636,3
1638,1641,3
1638,1972,3
1639,1640,3
1639,1872,3
1639,1917,3
1640,1639,3
1640,1791,3
1640,1980,3
1641,1592,3
1641,1638,3
1641,1642,3
1642,1570,3
1642,1641,3
1642,1643,3
1643,1642,3
1643,1644,3
1643,1655,3
1644,1643,3
1644,1647,3
1644,1673,3
1645,1371,3
1645,1375,3
1645,1409,3
1646,1605,3
1646,1651,3
1646,1812,3
1647,1644,3
1647,1649,3
1647,1714,3
1648,1136,3
1648,1480,3
1648,1923,3
1649,1647,3
1649,1656,3
1649,2000,3
1650,1658,3
1650,1753,3
1650,1996,3
1651,1480,3
1651,1646,3
1651,1923,3
1652,1653,3
1652,1697,3
1652,1990,3
1653,1474,3
1653,1524,3
1653,1652,3
1654,734,3
1654,1502,3
1654,1681,3
1655,1106,3
1655,1107,3
1655,1643,3
1656,1545,3
1656,1649,3
1656,1658,3
1657,1434,3
1657,1659,3
1657,1672,3
1658,1650,3
1658,1656,3
1658,1749,3
1659,1657,3
1659,1747,3
1659,1997,3
1660,724,3
1660,795,3
1660,1616,3
1661,451,3
1661,1732,3
1661,1830,3
1662,1432,3
1662,1666,3
1662,1669,3
1663,1591,3
1663,1665,3
1663,1756,3
1664,772,3
1664,1522,3
1664,1671,3
1665,1384,3
1665,1663,3
1665,1672,3
1666,1444,3
1666,1662,3
1666,1669,3
1667,1353,3
1667,1358,3
1667,1672,3
1668,1798,3
1668,1799,3
1668,1953,3
1669,1662,3
1669,1666,3
1669,1731,3
1670,433,3
1670,434,3
1670,1625,3
1671,224,3
1671,1475,3
1671,1664,3
1672,1657,3
1672,1665,3
1672,1667,3
1673,1590,3
1673,1644,3
1673,1674,3
1674,1673,3
1674,1775,3
1674,1968,3
1675,502,3
1675,1682,3
1675,1683,3
1676,1457,3
1676,1560,3
1676,1588,3
1677,1384,3
1677,1678,3
1677,1723,3
1678,1616,3
1678,1677,3
1678,1736,3
1679,1684,3
1679,1687,3
1679,1939,3
1680,1571,3
1680,1681,3
1680,1962,3
1681,1528,3
1681,1654,3
1681,1680,3
1682,1675,3
1682,1944,3
1682,1955,3
1683,1527,3
1683,1621,3
1683,1675,3
1684,549,3
1684,1679,3
1684,1688,3
1685,1265,3
1685,1589,3
1685,1686,3
1686,1144,3
1686,1685,3
1686,1754,3
1687,1679,3
1687,1688,3
1687,2000,3
1688,1565,3
1688,1684,3
1688,1687,3
1689,1690,3
1689,1691,3
1689,1700,3
1690,1689,3
1690,1691,3
1690,1852,3
1691,1689,3
1691,1690,3
1691,1827,3
1692,1341,3
1692,1407,3
1692,1695,3
1693,1407,3
1693,1695,3
1693,1709,3
1694,1697,3
1694,1736,3
1694,1748,3
1695,1692,3
1695,1693,3
1695,1833,3
1696,1699,3
1696,1700,3
1696,1918,3
1697,1652,3
1697,1694,3
1697,1990,3
1698,596,3
1698,1705,3
1698,1984,3
1699,1696,3
1699,1700,3
1699,1988,3
1700,1689,3
1700,1696,3
1700,1699,3
1701,1507,3
1701,1837,3
1701,1838,3
1702,1080,3
1702,1081,3
1702,1430,3
1703,1510,3
1703,1709,3
1703,1710,3
1704,1434,3
1704,1435,3
1704,1708,3
1705,1698,3
1705,1723,3
1705,1725,3
1706,1438,3
1706,1707,3
1706,1887,3
1707,1137,3
1707,1706,3
1707,1869,3
1708,1118,3
1708,1119,3
1708,1704,3
1709,1693,3
1709,1703,3
1709,1714,3
1710,1703,3
1710,1714,3
1710,1719,3
1711,1612,3
1711,1712,3
1711,1923,3
1712,1711,3
1712,1721,3
1712,1879,3
1713,10,3
1713,1467,3
1713,1749,3
1714,1647,3
1714,1709,3
1714,1710,3
1715,1630,3
1715,1716,3
1715,1719,3
1716,1715,3
1716,1719,3
1716,1782,3
1717,299,3
1717,1361,3
1717,1823,3
1718,1450,3
1718,1720,3
1718,1963,3
1719,1710,3
1719,1715,3
1719,1716,3
1720,1718,3
1720,1807,3
1720,1958,3
1721,1600,3
1721,1712,3
1721,1722,3
1721,1724,3
1722,977,3
1722,1619,3
1722,1721,3
1722,1724,3
1723,769,3
1723,770,3
1723,1677,3
1723,1705,3
1724,1025,3
1724,1470,3
1724,1721,3
1724,1722,3
1725,1705,3
1725,1726,3
1725,1727,3
1725,1784,3
1726,1145,3
1726,1349,3
1726,1725,3
1726,1727,3
1727,882,3
1727,1055,3
1727,1725,3
1727,1726,3
1728,1491,3
1728,1729,3
1728,1730,3
1728,1984,3
1729,1054,3
1729,1629,3
1729,1728,3
1729,1730,3
1730,1728,3
1730,1729,3
1730,1752,3
1730,1777,3
1731,1669,3
1731,1732,3
1731,1733,3
1731,1958,3
1732,869,3
1732,1661,3
1732,1731,3
1732,1733,3
1733,1397,3
1733,1731,3
1733,1732,3
1733,1805,3
1734,1614,3
1734,1736,3
1734,1737,3
1734,1885,3
1735,1249,3
1735,1407,3
1735,1882,3
1735,1898,3
1736,1678,3
1736,1694,3
1736,1734,3
1736,1737,3
1737,822,3
1737,1734,3
1737,1736,3
1737,1778,3
1738,681,3
1738,682,3
1738,1489,3
1738,1790,3
1739,1387,3
1739,1740,3
1739,1741,3
1739,1790,3
1740,1739,3
1740,1741,3
1740,1750,3
1740,1784,3
1741,622,3
1741,1739,3
1741,1740,3
1741,1952,3
1742,656,3
1742,1743,3
1742,1823,3
1742,1942,3
1743,1397,3
1743,1742,3
1743,1805,3
1743,1942,3
1744,531,3
1744,1773,3
1744,1940,3
1744,1941,3
1745,1746,3
1745,1756,3
1745,1767,3
1745,1940,3
1746,1289,3
1746,1745,3
1746,1748,3
1746,1773,3
1747,317,3
1747,318,3
1747,1388,3
1747,1659,3
1748,1498,3
1748,1694,3
1748,1746,3
1748,1834,3
1749,1498,3
1749,1658,3
1749,1713,3
1749,1750,3
1750,1740,3
1750,1749,3
1750,1751,3
1750,1891,3
1751,1525,3
1751,1750,3
1751,1753,3
1751,1758,3
1752,1730,3
1752,1753,3
1752,1754,3
1752,1777,3
1753,1650,3
1753,1751,3
1753,1752,3
1753,1952,3
1754,1686,3
1754,1752,3
1754,1756,3
1754,1950,3
1755,1477,3
1755,1791,3
1755,1794,3
1755,1971,3
1756,1663,3
1756,1745,3
1756,1754,3
1756,1757,3
1757,1006,3
1757,1756,3
1757,1758,3
1757,1963,3
1758,1529,3
1758,1751,3
1758,1757,3
1758,1928,3
1759,1435,3
1759,1529,3
1759,1891,3
1759,1924,3
1760,1761,3
1760,1904,3
1760,1924,3
1760,1999,3
1761,580,3
1761,1760,3
1761,1924,3
1761,2000,3
1762,1277,3
1762,1763,3
1762,1764,3
1762,1866,3
1763,1542,3
1763,1550,3
1763,1762,3
1763,1764,3
1764,1505,3
1764,1762,3
1764,1763,3
1764,1902,3
1765,1107,3
1765,1248,3
1765,1766,3
1765,1769,3
1766,1765,3
1766,1769,3
1766,1908,3
1766,1996,3
1767,311,3
1767,312,3
1767,1745,3
1767,1771,3
1768,601,3
1768,1184,3
1768,1185,3
1768,1858,3
1769,1765,3
1769,1766,3
1769,1834,3
1769,1856,3
1770,965,3
1770,1383,3
1770,1771,3
1770,1774,3
1771,807,3
1771,1767,3
1771,1770,3
1771,1774,3
1772,1182,3
1772,1183,3
1772,1814,3
1772,1971,3
1773,377,3
1773,380,3
1773,1744,3
1773,1746,3
1774,1770,3
1774,1771,3
1774,1833,3
1774,1931,3
1775,1674,3
1775,1776,3
1775,1777,3
1775,1968,3
1776,69,3
1776,1775,3
1776,1777,3
1776,1907,3
1777,1730,3
1777,1752,3
1777,1775,3
1777,1776,3
1778,1737,3
1778,1780,3
1778,1939,3
1778,1989,3
1779,1378,3
1779,1919,3
1779,1958,3
1779,1969,3
1780,1778,3
1780,1861,3
1780,1939,3
1780,1963,3
1781,607,3
1781,608,3
1781,1236,3
1781,1919,3
1782,1716,3
1782,1783,3
1782,1902,3
1782,1939,3
1783,1542,3
1783,1782,3
1783,1784,3
1783,1829,3
1784,1725,3
1784,1740,3
1784,1783,3
1784,1785,3
1785,151,3
1785,525,3
1785,1784,3
1785,1787,3
1786,752,3
1786,753,3
1786,1300,3
1786,1952,3
1787,1785,3
1787,1789,3
1787,1795,3
1787,1836,3
1788,1571,3
1788,1793,3
1788,1904,3
1788,1999,3
1789,1787,3
1789,1790,3
1789,1893,3
1789,1934,3
1790,1738,3
1790,1739,3
1790,1789,3
1790,1791,3
1791,1640,3
1791,1755,3
1791,1790,3
1791,1980,3
1792,195,3
1792,585,3
1792,1882,3
1792,1971,3
1793,1401,3
1793,1572,3
1793,1788,3
1793,1979,3
1794,1755,3
1794,1795,3
1794,1898,3
1794,1973,3
1795,1787,3
1795,1794,3
1795,1796,3
1795,1836,3
1796,1795,3
1796,1797,3
1796,1813,3
1796,1973,3
1797,1473,3
1797,1637,3
1797,1796,3
1797,1799,3
1798,1355,3
1798,1668,3
1798,1800,3
1798,1975,3
1799,1668,3
1799,1797,3
1799,1881,3
1799,1982,3
1800,1482,3
1800,1798,3
1800,1881,3
1800,1901,3
1801,1482,3
1801,1802,3
1801,1821,3
1801,1880,3
1802,1801,3
1802,1803,3
1802,1948,3
1802,1951,3
1803,1802,3
1803,1804,3
1803,1815,3
1803,1975,3
1804,962,3
1804,1803,3
1804,1805,3
1804,1948,3
1805,1733,3
1805,1743,3
1805,1804,3
1805,1806,3
1806,1626,3
1806,1805,3
1806,1808,3
1806,1967,3
1807,1,3
1807,1720,3
1807,1878,3
1807,1934,3
1808,758,3
1808,1806,3
1808,1809,3
1808,1900,3
1809,1527,3
1809,1583,3
1809,1808,3
1809,1810,3
1810,1576,3
1810,1809,3
1810,1811,3
1810,1934,3
1811,452,3
1811,1810,3
1811,1812,3
1811,1952,3
1812,1362,3
1812,1646,3
1812,1811,3
1812,1813,3
1813,1796,3
1813,1812,3
1813,1814,3
1813,1973,3
1814,1772,3
1814,1813,3
1814,1815,3
1814,1971,3
1815,1803,3
1815,1814,3
1815,1817,3
1815,1975,3
1816,704,3
1816,705,3
1816,1560,3
1816,1942,3
1817,1550,3
1817,1815,3
1817,1818,3
1817,1829,3
1818,1817,3
1818,1821,3
1818,1840,3
1818,1857,3
1819,411,3
1819,412,3
1819,1637,3
1819,1913,3
1820,73,3
1820,74,3
1820,1848,3
1820,1990,3
1821,1801,3
1821,1818,3
1821,1822,3
1821,1880,3
1822,1378,3
1822,1821,3
1822,1823,3
1822,1943,3
1823,1717,3
1823,1742,3
1823,1822,3
1823,1825,3
1824,1377,3
1824,1391,3
1824,1825,3
1824,1970,3
1825,1400,3
1825,1823,3
1825,1824,3
1825,1986,3
1826,1377,3
1826,1479,3
1826,1827,3
1826,1988,3
1827,1691,3
1827,1826,3
1827,1828,3
1827,1959,3
1828,772,3
1828,1522,3
1828,1827,3
1828,1829,3
1829,1783,3
1829,1817,3
1829,1828,3
1829,1830,3
1830,1661,3
1830,1829,3
1830,1831,3
1830,1922,3
1831,1830,3
1831,1832,3
1831,1860,3
1831,1876,3
1832,1831,3
1832,1833,3
1832,1867,3
1832,1946,3
1833,1695,3
1833,1774,3
1833,1832,3
1833,1834,3
1834,1748,3
1834,1769,3
1834,1833,3
1834,1835,3
1835,1574,3
1835,1834,3
1835,1836,3
1835,1853,3
1836,1787,3
1836,1795,3
1836,1835,3
1836,1837,3
1837,59,3
1837,1701,3
1837,1836,3
1837,1902,3
1838,1701,3
1838,1840,3
1838,1847,3
1838,1966,3
1839,516,3
1839,517,3
1839,1840,3
1839,1910,3
1840,1818,3
1840,1838,3
1840,1839,3
1840,1841,3
1841,1840,3
1841,1842,3
1841,1854,3
1841,1949,3
1842,1841,3
1842,1843,3
1842,1890,3
1842,1892,3
1843,1842,3
1843,1899,3
1843,1988,3
1843,1989,3
1844,1613,3
1844,1845,3
1844,1851,3
1844,1976,3
1845,1262,3
1845,1844,3
1845,1851,3
1845,1991,3
1846,292,3
1846,1068,3
1846,1847,3
1846,1852,3
1847,904,3
1847,1838,3
1847,1846,3
1847,1852,3
1848,1820,3
1848,1849,3
1848,1854,3
1848,1990,3
1849,1633,3
1849,1848,3
1849,1854,3
1849,1961,3
1850,889,3
1850,1853,3
1850,1855,3
1850,1896,3
1851,1844,3
1851,1845,3
1851,1855,3
1851,1985,3
1852,1690,3
1852,1846,3
1852,1847,3
1852,1985,3
1853,1612,3
1853,1835,3
1853,1850,3
1853,1855,3
1854,1841,3
1854,1848,3
1854,1849,3
1854,1949,3
1855,1850,3
1855,1851,3
1855,1853,3
1855,1949,3
1856,1601,3
1856,1769,3
1856,1858,3
1856,1914,3
1857,1601,3
1857,1818,3
1857,1858,3
1857,1912,3
1858,1768,3
1858,1856,3
1858,1857,3
1858,1875,3
1859,84,3
1859,85,3
1859,1171,3
1859,1495,3
1859,1916,3
1860,77,3
1860,1831,3
1860,1862,3
1860,1864,3
1860,1876,3
1861,1780,3
1861,1863,3
1861,1963,3
1861,1987,3
1861,1996,3
1862,1860,3
1862,1864,3
1862,1905,3
1862,1960,3
1862,1967,3
1863,63,3
1863,1861,3
1863,1865,3
1863,1980,3
1863,1987,3
1864,1628,3
1864,1860,3
1864,1862,3
1864,1898,3
1864,1959,3
1865,1617,3
1865,1863,3
1865,1866,3
1865,1868,3
1865,1994,3
1866,1459,3
1866,1762,3
1866,1865,3
1866,1868,3
1866,1870,3
1867,1832,3
1867,1869,3
1867,1871,3
1867,1874,3
1867,1993,3
1868,464,3
1868,1865,3
1868,1866,3
1868,1870,3
1868,1979,3
1869,1137,3
1869,1383,3
1869,1707,3
1869,1867,3
1869,1871,3
1870,1866,3
1870,1868,3
1870,1872,3
1870,1888,3
1870,1925,3
1871,1587,3
1871,1867,3
1871,1869,3
1871,1972,3
1871,1977,3
1872,1517,3
1872,1639,3
1872,1870,3
1872,1873,3
1872,1875,3
1873,1872,3
1873,1875,3
1873,1876,3
1873,1889,3
1873,1940,3
1874,1867,3
1874,1877,3
1874,1880,3
1874,1883,3
1874,1897,3
1875,1597,3
1875,1858,3
1875,1872,3
1875,1873,3
1875,1876,3
1876,1831,3
1876,1860,3
1876,1873,3
1876,1875,3
1876,1879,3
1877,1608,3
1877,1874,3
1877,1880,3
1877,1972,3
1877,1977,3
1878,112,3
1878,1285,3
1878,1807,3
1878,1946,3
1878,1976,3
1879,1712,3
1879,1876,3
1879,1884,3
1879,1885,3
1879,1921,3
1880,1801,3
1880,1821,3
1880,1874,3
1880,1877,3
1880,1937,3
1881,1799,3
1881,1800,3
1881,1883,3
1881,1887,3
1881,1901,3
1882,1578,3
1882,1735,3
1882,1792,3
1882,1916,3
1882,1930,3
1883,1874,3
1883,1881,3
1883,1887,3
1883,1924,3
1883,1926,3
1884,151,3
1884,1463,3
1884,1879,3
1884,1885,3
1884,1886,3
1885,1614,3
1885,1734,3
1885,1879,3
1885,1884,3
1885,1886,3
1886,1624,3
1886,1884,3
1886,1885,3
1886,1892,3
1886,1986,3
1887,1576,3
1887,1706,3
1887,1881,3
1887,1883,3
1887,1893,3
1888,1870,3
1888,1889,3
1888,1896,3
1888,1925,3
1888,1968,3
1889,1873,3
1889,1888,3
1889,1896,3
1889,1933,3
1889,1935,3
1890,1505,3
1890,1609,3
1890,1611,3
1890,1615,3
1890,1842,3
1891,1037,3
1891,1750,3
1891,1759,3
1891,1963,3
1891,1978,3
1892,453,3
1892,1842,3
1892,1886,3
1892,1893,3
1892,1894,3
1893,1789,3
1893,1887,3
1893,1892,3
1893,1894,3
1893,1895,3
1894,1512,3
1894,1892,3
1894,1893,3
1894,1895,3
1894,1975,3
1895,1893,3
1895,1894,3
1895,1899,3
1895,1911,3
1895,1929,3
1896,410,3
1896,1360,3
1896,1850,3
1896,1888,3
1896,1889,3
1897,1029,3
1897,1874,3
1897,1900,3
1897,1902,3
1897,1993,3
1898,1250,3
1898,1735,3
1898,1794,3
1898,1864,3
1898,1983,3
1899,1843,3
1899,1895,3
1899,1906,3
1899,1910,3
1899,1989,3
1900,1613,3
1900,1808,3
1900,1897,3
1900,1902,3
1900,1954,3
1901,367,3
1901,1800,3
1901,1881,3
1901,1903,3
1901,1928,3
1902,1764,3
1902,1782,3
1902,1837,3
1902,1897,3
1902,1900,3
1903,137,3
1903,454,3
1903,1901,3
1903,1923,3
1903,1968,3
1904,1760,3
1904,1788,3
1904,1905,3
1904,1912,3
1904,1941,3
1905,766,3
1905,1862,3
1905,1904,3
1905,1912,3
1905,1996,3
1906,755,3
1906,1899,3
1906,1910,3
1906,1911,3
1906,1992,3
1907,228,3
1907,1632,3
1907,1776,3
1907,1913,3
1907,1946,3
1908,1766,3
1908,1962,3
1908,1981,3
1908,1988,3
1908,1996,3
1909,624,3
1909,625,3
1909,1567,3
1909,1575,3
1909,1983,3
1910,1839,3
1910,1899,3
1910,1906,3
1910,1911,3
1910,1912,3
1911,1895,3
1911,1906,3
1911,1910,3
1911,1919,3
1911,1956,3
1912,251,3
1912,1857,3
1912,1904,3
1912,1905,3
1912,1910,3
1913,259,3
1913,1450,3
1913,1819,3
1913,1907,3
1913,1928,3
1914,1856,3
1914,1915,3
1914,1920,3
1914,1940,3
1914,1966,3
1915,777,3
1915,1914,3
1915,1920,3
1915,1927,3
1915,1989,3
1916,1859,3
1916,1882,3
1916,1917,3
1916,1918,3
1916,1981,3
1917,497,3
1917,1463,3
1917,1639,3
1917,1916,3
1917,1923,3
1918,542,3
1918,1696,3
1918,1916,3
1918,1923,3
1918,1972,3
1919,1197,3
1919,1779,3
1919,1781,3
1919,1911,3
1919,1921,3
1919,1922,3
1920,1427,3
1920,1472,3
1920,1538,3
1920,1580,3
1920,1914,3
1920,1915,3
1921,1879,3
1921,1919,3
1921,1922,3
1921,1925,3
1921,1931,3
1921,1945,3
1922,1401,3
1922,1830,3
1922,1919,3
1922,1921,3
1922,1925,3
1922,1979,3
1923,1648,3
1923,1651,3
1923,1711,3
1923,1903,3
1923,1917,3
1923,1918,3
1924,1595,3
1924,1759,3
1924,1760,3
1924,1761,3
1924,1883,3
1924,1946,3
1925,1421,3
1925,1870,3
1925,1888,3
1925,1921,3
1925,1922,3
1925,1926,3
1926,1564,3
1926,1883,3
1926,1925,3
1926,1927,3
1926,1929,3
1926,1946,3
1927,1375,3
1927,1915,3
1927,1926,3
1927,1929,3
1927,1931,3
1927,1989,3
1928,332,3
1928,1250,3
1928,1525,3
1928,1758,3
1928,1901,3
1928,1913,3
1929,1895,3
1929,1926,3
1929,1927,3
1929,1931,3
1929,1932,3
1929,1956,3
1930,686,3
1930,1461,3
1930,1598,3
1930,1882,3
1930,1937,3
1930,1958,3
1931,1774,3
1931,1921,3
1931,1927,3
1931,1929,3
1931,1933,3
1931,1945,3
1932,1497,3
1932,1929,3
1932,1933,3
1932,1934,3
1932,1935,3
1932,1956,3
1933,1889,3
1933,1931,3
1933,1932,3
1933,1934,3
1933,1935,3
1933,1940,3
1934,1789,3
1934,1807,3
1934,1810,3
1934,1932,3
1934,1933,3
1934,1935,3
1935,1889,3
1935,1932,3
1935,1933,3
1935,1934,3
1935,1936,3
1935,1991,3
1936,1935,3
1936,1938,3
1936,1943,3
1936,1960,3
1936,1967,3
1936,1996,3
1937,616,3
1937,773,3
1937,1095,3
1937,1880,3
1937,1930,3
1937,1978,3
1938,1376,3
1938,1537,3
1938,1936,3
1938,1939,3
1938,1943,3
1938,1944,3
1939,1679,3
1939,1778,3
1939,1780,3
1939,1782,3
1939,1938,3
1939,1970,3
1940,1744,3
1940,1745,3
1940,1873,3
1940,1914,3
1940,1933,3
1940,1941,3
1941,693,3
1941,1744,3
1941,1904,3
1941,1940,3
1941,1942,3
1941,1999,3
1942,1218,3
1942,1622,3
1942,1742,3
1942,1743,3
1942,1816,3
1942,1941,3
1943,233,3
1943,1400,3
1943,1822,3
1943,1936,3
1943,1938,3
1943,1944,3
1944,1431,3
1944,1634,3
1944,1682,3
1944,1938,3
1944,1943,3
1944,1947,3
1945,991,3
1945,1921,3
1945,1931,3
1945,1947,3
1945,1948,3
1945,1997,3
1946,133,3
1946,1832,3
1946,1878,3
1946,1907,3
1946,1924,3
1946,1926,3
1947,1437,3
1947,1534,3
1947,1944,3
1947,1945,3
1947,1948,3
1947,1957,3
1948,1260,3
1948,1802,3
1948,1804,3
1948,1945,3
1948,1947,3
1948,1949,3
1949,1841,3
1949,1854,3
1949,1855,3
1949,1948,3
1949,1950,3
1949,1952,3
1950,583,3
1950,1754,3
1950,1949,3
1950,1952,3
1950,1955,3
1950,1989,3
1951,1517,3
1951,1519,3
1951,1523,3
1951,1563,3
1951,1604,3
1951,1802,3
1952,1741,3
1952,1753,3
1952,1786,3
1952,1811,3
1952,1949,3
1952,1950,3
1952,1955,3
1953,601,3
1953,1559,3
1953,1668,3
1953,1956,3
1953,1990,3
1953,1993,3
1953,1999,3
1954,1091,3
1954,1185,3
1954,1900,3
1954,1971,3
1954,1976,3
1954,1979,3
1954,1984,3
1955,29,3
1955,770,3
1955,1682,3
1955,1950,3
1955,1952,3
1955,1957,3
1955,1961,3
1956,1911,3
1956,1929,3
1956,1932,3
1956,1953,3
1956,1960,3
1956,1964,3
1956,1993,3
1957,1385,3
1957,1390,3
1957,1534,3
1957,1947,3
1957,1955,3
1957,1959,3
1957,1961,3
1958,1418,3
1958,1720,3
1958,1731,3
1958,1779,3
1958,1930,3
1958,1963,3
1958,1969,3
1959,886,3
1959,1827,3
1959,1864,3
1959,1957,3
1959,1961,3
1959,1968,3
1959,1983,3
1960,1862,3
1960,1936,3
1960,1956,3
1960,1964,3
1960,1965,3
1960,1983,3
1960,1996,3
1961,1466,3
1961,1633,3
1961,1849,3
1961,1955,3
1961,1957,3
1961,1959,3
1961,1968,3
1962,203,3
1962,1373,3
1962,1571,3
1962,1680,3
1962,1908,3
1962,1981,3
1962,1988,3
1963,1335,3
1963,1718,3
1963,1757,3
1963,1780,3
1963,1861,3
1963,1891,3
1963,1958,3
1964,422,3
1964,1602,3
1964,1603,3
1964,1956,3
1964,1960,3
1964,1965,3
1964,1983,3
1965,263,3
1965,1352,3
1965,1586,3
1965,1960,3
1965,1964,3
1965,1966,3
1965,1983,3
1966,1838,3
1966,1914,3
1966,1965,3
1966,1967,3
1966,1970,3
1966,1983,3
1966,1991,3
1967,1806,3
1967,1862,3
1967,1936,3
1967,1966,3
1967,1970,3
1967,1972,3
1967,1983,3
1968,1674,3
1968,1775,3
1968,1888,3
1968,1903,3
1968,1959,3
1968,1961,3
1968,1987,3
1969,166,3
1969,1376,3
1969,1380,3
1969,1779,3
1969,1958,3
1969,1970,3
1969,1974,3
1970,1328,3
1970,1824,3
1970,1939,3
1970,1966,3
1970,1967,3
1970,1969,3
1970,1972,3
1970,1973,3
1971,350,3
1971,1755,3
1971,1772,3
1971,1792,3
1971,1814,3
1971,1954,3
1971,1979,3
1971,1984,3
1972,1638,3
1972,1871,3
1972,1877,3
1972,1918,3
1972,1967,3
1972,1970,3
1972,1973,3
1972,1974,3
1973,1794,3
1973,1796,3
1973,1813,3
1973,1970,3
1973,1972,3
1973,1974,3
1973,1975,3
1973,1983,3
1974,860,3
1974,1607,3
1974,1627,3
1974,1969,3
1974,1972,3
1974,1973,3
1974,1975,3
1974,1976,3
1975,1798,3
1975,1803,3
1975,1815,3
1975,1894,3
1975,1973,3
1975,1974,3
1975,1976,3
1975,1977,3
1976,695,3
1976,1844,3
1976,1878,3
1976,1954,3
1976,1974,3
1976,1975,3
1976,1977,3
1976,1980,3
1977,863,3
1977,918,3
1977,1871,3
1977,1877,3
1977,1975,3
1977,1976,3
1977,1980,3
1977,1985,3
1978,110,3
1978,776,3
1978,805,3
1978,1003,3
1978,1077,3
1978,1280,3
1978,1891,3
1978,1937,3
1979,495,3
1979,1090,3
1979,1793,3
1979,1868,3
1979,1922,3
1979,1954,3
1979,1971,3
1979,1984,3
1980,1409,3
1980,1640,3
1980,1791,3
1980,1863,3
1980,1976,3
1980,1977,3
1980,1985,3
1980,1986,3
1981,40,3
1981,1018,3
1981,1102,3
1981,1266,3
1981,1636,3
1981,1908,3
1981,1916,3
1981,1962,3
1981,1988,3
1982,1509,3
1982,1538,3
1982,1580,3
1982,1799,3
1982,1989,3
1982,1990,3
1982,1993,3
1982,1995,3
1982,1997,3
1983,1898,3
1983,1909,3
1983,1959,3
1983,1960,3
1983,1964,3
1983,1965,3
1983,1966,3
1983,1967,3
1983,1973,3
1984,391,3
1984,708,3
1984,1369,3
1984,1560,3
1984,1698,3
1984,1728,3
1984,1954,3
1984,1971,3
1984,1979,3
1985,666,3
1985,683,3
1985,912,3
1985,1851,3
1985,1852,3
1985,1977,3
1985,1980,3
1985,1986,3
1985,1996,3
1986,297,3
1986,319,3
1986,1499,3
1986,1825,3
1986,1886,3
1986,1980,3
1986,1985,3
1986,1987,3
1986,1996,3
1987,873,3
1987,1382,3
1987,1482,3
1987,1530,3
1987,1861,3
1987,1863,3
1987,1968,3
1987,1986,3
1987,1996,3
1988,660,3
1988,944,3
1988,1286,3
1988,1544,3
1988,1699,3
1988,1826,3
1988,1843,3
1988,1908,3
1988,1962,3
1988,1981,3
1989,1778,3
1989,1843,3
1989,1899,3
1989,1915,3
1989,1927,3
1989,1950,3
1989,1982,3
1989,1990,3
1989,1993,3
1989,1995,3
1989,1997,3
1990,1289,3
1990,1626,3
1990,1652,3
1990,1697,3
1990,1820,3
1990,1848,3
1990,1953,3
1990,1982,3
1990,1989,3
1990,1993,3
1990,1997,3
1991,427,3
1991,716,3
1991,1845,3
1991,1935,3
1991,1966,3
1991,1992,3
1991,1994,3
1991,1995,3
1991,1998,3
1991,1999,3
1991,2000,3
1992,793,3
1992,1346,3
1992,1518,3
1992,1611,3
1992,1623,3
1992,1906,3
1992,1991,3
1992,1994,3
1992,1995,3
1992,1997,3
1992,1998,3
1992,1999,3
1993,170,3
1993,1476,3
1993,1508,3
1993,1548,3
1993,1564,3
1993,1867,3
1993,1897,3
1993,1953,3
1993,1956,3
1993,1982,3
1993,1989,3
1993,1990,3
1994,1512,3
1994,1520,3
1994,1521,3
1994,1617,3
1994,1630,3
1994,1865,3
1994,1991,3
1994,1992,3
1994,1995,3
1994,1997,3
1994,1998,3
1994,1999,3
1995,55,3
1995,170,3
1995,324,3
1995,357,3
1995,614,3
1995,1097,3
1995,1619,3
1995,1982,3
1995,1989,3
1995,1991,3
1995,1992,3
1995,1994,3
1995,1997,3
1996,665,3
1996,929,3
1996,1618,3
1996,1650,3
1996,1766,3
1996,1861,3
1996,1905,3
1996,1908,3
1996,1936,3
1996,1960,3
1996,1985,3
1996,1986,3
1996,1987,3
1997,734,3
1997,738,3
1997,792,3
1997,862,3
1997,1125,3
1997,1601,3
1997,1659,3
1997,1945,3
1997,1982,3
1997,1989,3
1997,1990,3
1997,1992,3
1997,1994,3
1997,1995,3
1998,320,3
1998,349,3
1998,532,3
1998,620,3
1998,663,3
1998,694,3
1998,773,3
1998,1320,3
1998,1460,3
1998,1464,3
1998,1991,3
1998,1992,3
1998,1994,3
1998,1999,3
1998,2000,3
1999,35,3
1999,178,3
1999,210,3
1999,239,3
1999,461,3
1999,462,3
1999,682,3
1999,1760,3
1999,1788,3
1999,1941,3
1999,1953,3
1999,1991,3
1999,1992,3
1999,1994,3
1999,1998,3
1999,2000,3
2000,580,3
2000,1200,3
2000,1205,3
2000,1222,3
2000,1256,3
2000,1332,3
2000,1507,3
2000,1539,3
2000,1649,3
2000,1687,3
2000,1761,3
2000,1991,3
2000,1998,3
2000,1999,3
1,74,4
1,1884,4
2,3,4
2,44,4
3,2,4
4,5,4
4,87,4
5,4,4
5,32,4
6,63,4
6,1884,4
7,8,4
7,1646,4
8,7,4
8,945,4
9,10,4
9,53,4
10,9,4
10,16,4
11,12,4
11,262,4
12,11,4
12,118,4
13,16,4
13,70,4
14,522,4
14,1127,4
15,957,4
15,1952,4
16,10,4
16,13,4
17,18,4
17,75,4
18,17,4
18,147,4
19,20,4
19,280,4
20,19,4
20,375,4
21,22,4
21,150,4
22,21,4
22,1084,4
23,180,4
23,1936,4
24,25,4
24,131,4
25,24,4
25,56,4
26,27,4
26,106,4
27,26,4
27,29,4
28,29,4
28,88,4
29,27,4
29,28,4
30,31,4
30,85,4
31,30,4
31,98,4
32,5,4
32,33,4
33,32,4
33,129,4
34,35,4
34,50,4
35,34,4
35,178,4
36,37,4
36,67,4
37,36,4
37,57,4
38,81,4
38,444,4
39,40,4
39,121,4
40,39,4
40,1981,4
41,42,4
41,1902,4
42,41,4
42,96,4
43,44,4
43,49,4
44,2,4
44,43,4
45,46,4
45,250,4
46,45,4
46,852,4
47,48,4
47,60,4
48,47,4
48,66,4
49,43,4
49,50,4
50,34,4
50,49,4
51,52,4
51,333,4
52,51,4
52,72,4
53,9,4
53,1601,4
54,1086,4
54,1601,4
55,56,4
55,170,4
56,25,4
56,55,4
57,37,4
57,58,4
58,57,4
58,80,4
59,60,4
59,84,4
60,47,4
60,59,4
61,62,4
61,135,4
62,61,4
62,1973,4
63,6,4
63,64,4
64,63,4
64,73,4
65,66,4
65,1404,4
66,48,4
66,65,4
67,36,4
67,68,4
68,67,4
68,156,4
69,70,4
69,235,4
70,13,4
70,69,4
71,72,4
71,109,4
72,52,4
72,71,4
73,64,4
73,779,4
74,1,4
74,1823,4
75,17,4
75,1823,4
76,77,4
76,110,4
77,76,4
77,90,4
78,79,4
78,138,4
79,78,4
79,160,4
80,58,4
80,81,4
81,38,4
81,80,4
82,116,4
82,1953,4
83,85,4
83,119,4
84,59,4
84,86,4
85,30,4
85,83,4
86,84,4
86,91,4
87,4,4
87,88,4
88,28,4
88,87,4
89,90,4
89,497,4
90,77,4
90,89,4
91,86,4
91,182,4
92,93,4
92,311,4
93,92,4
93,142,4
94,95,4
94,225,4
95,94,4
95,107,4
96,42,4
96,97,4
97,96,4
97,245,4
98,31,4
98,101,4
99,1605,4
99,1724,4
100,208,4
100,1468,4
101,98,4
101,1857,4
102,254,4
102,1969,4
103,104,4
103,1974,4
104,103,4
104,122,4
105,106,4
105,137,4
106,26,4
106,105,4
107,95,4
107,108,4
108,107,4
108,214,4
109,71,4
109,1730,4
110,76,4
110,111,4
111,110,4
111,824,4
112,113,4
112,155,4
113,112,4
113,290,4
114,116,4
114,1905,4
115,117,4
115,209,4
116,82,4
116,114,4
117,115,4
117,314,4
118,12,4
118,1341,4
119,83,4
119,294,4
120,121,4
120,166,4
121,39,4
121,120,4
122,104,4
122,123,4
123,122,4
123,143,4
124,125,4
124,133,4
125,124,4
125,144,4
126,127,4
126,1967,4
127,126,4
127,154,4
128,129,4
128,1412,4
129,33,4
129,128,4
130,131,4
130,263,4
131,24,4
131,130,4
132,133,4
132,494,4
133,124,4
133,132,4
134,135,4
134,1073,4
135,61,4
135,134,4
136,137,4
136,1736,4
137,105,4
137,136,4
138,78,4
138,139,4
139,138,4
139,1984,4
140,142,4
140,171,4
141,183,4
141,1564,4
142,93,4
142,140,4
143,123,4
143,145,4
144,125,4
144,146,4
145,143,4
145,152,4
146,144,4
146,900,4
147,18,4
147,148,4
148,147,4
148,1622,4
149,150,4
149,299,4
150,21,4
150,149,4
151,1463,4
151,1639,4
152,145,4
152,153,4
153,152,4
153,188,4
154,127,4
154,155,4
155,112,4
155,154,4
156,68,4
156,596,4
157,158,4
157,207,4
158,157,4
158,425,4
159,160,4
159,179,4
160,79,4
160,159,4
161,162,4
161,1880,4
162,161,4
162,206,4
163,164,4
163,1574,4
164,163,4
164,383,4
165,166,4
165,240,4
166,120,4
166,165,4
167,168,4
168,167,4
168,273,4
169,170,4
169,349,4
170,55,4
170,169,4
171,140,4
171,173,4
172,176,4
172,1189,4
173,171,4
173,174,4
174,173,4
174,175,4
175,174,4
175,1876,4
176,172,4
176,177,4
177,176,4
177,1824,4
178,35,4
178,179,4
179,159,4
179,178,4
180,23,4
180,181,4
181,180,4
181,213,4
182,91,4
182,187,4
183,141,4
183,184,4
184,183,4
184,1087,4
185,186,4
185,291,4
186,185,4
186,265,4
187,182,4
187,189,4
188,153,4
188,1501,4
189,187,4
189,440,4
190,191,4
190,197,4
191,190,4
191,195,4
192,193,4
192,328,4
193,192,4
193,195,4
194,199,4
194,721,4
195,191,4
195,193,4
196,1662,4
196,1997,4
197,190,4
197,1662,4
198,199,4
198,1375,4
199,194,4
199,198,4
200,201,4
200,256,4
201,200,4
201,373,4
202,204,4
202,244,4
203,205,4
203,428,4
204,202,4
204,205,4
205,203,4
205,204,4
206,162,4
206,207,4
207,157,4
207,206,4
208,100,4
208,209,4
209,115,4
209,208,4
210,211,4
210,1009,4
211,210,4
211,836,4
212,213,4
212,219,4
213,181,4
213,212,4
214,108,4
214,1939,4
215,216,4
215,354,4
216,215,4
216,231,4
217,268,4
217,997,4
218,219,4
218,796,4
219,212,4
219,218,4
220,221,4
220,234,4
221,220,4
221,232,4
222,223,4
222,243,4
223,222,4
223,627,4
224,1613,4
224,1671,4
225,94,4
225,226,4
226,225,4
226,228,4
227,228,4
227,1979,4
228,226,4
228,227,4
229,230,4
229,266,4
230,229,4
230,312,4
231,216,4
231,233,4
232,221,4
232,924,4
233,231,4
233,1943,4
234,220,4
234,235,4
235,69,4
235,234,4
236,237,4
236,261,4
237,236,4
237,1971,4
238,264,4
238,1499,4
239,387,4
239,1239,4
240,165,4
240,1499,4
241,243,4
241,1540,4
242,267,4
242,327,4
243,222,4
243,241,4
244,202,4
244,1965,4
245,97,4
245,247,4
246,289,4
246,646,4
247,245,4
247,1493,4
248,249,4
248,346,4
249,248,4
249,1591,4
250,45,4
250,251,4
251,250,4
251,272,4
252,253,4
252,298,4
253,252,4
253,294,4
254,102,4
254,255,4
255,254,4
255,1797,4
256,200,4
256,257,4
257,256,4
257,330,4
258,259,4
258,283,4
259,258,4
259,284,4
260,1287,4
260,1681,4
261,236,4
261,262,4
262,11,4
262,261,4
263,130,4
263,264,4
264,238,4
264,263,4
265,186,4
265,266,4
266,229,4
266,265,4
267,242,4
267,268,4
268,217,4
268,267,4
269,270,4
269,282,4
270,269,4
270,334,4
271,272,4
271,850,4
272,251,4
272,271,4
273,168,4
273,1371,4
274,275,4
274,801,4
275,274,4
275,300,4
276,341,4
276,361,4
277,278,4
277,1682,4
278,277,4
278,1959,4
279,281,4
279,292,4
280,19,4
280,360,4
280,1956,4
281,279,4
281,365,4
282,269,4
282,1887,4
283,258,4
283,1887,4
284,259,4
284,285,4
285,284,4
285,1272,4
286,287,4
286,305,4
287,286,4
287,317,4
288,436,4
288,1484,4
289,246,4
289,1484,4
290,113,4
290,292,4
291,185,4
291,293,4
292,279,4
292,290,4
293,291,4
293,352,4
294,119,4
294,253,4
295,296,4
295,998,4
296,295,4
296,1119,4
297,298,4
297,329,4
298,252,4
298,297,4
299,149,4
299,300,4
300,275,4
300,299,4
301,302,4
301,1721,4
302,301,4
302,338,4
303,342,4
303,1292,4
304,305,4
304,1058,4
305,286,4
305,304,4
306,307,4
306,493,4
307,306,4
307,952,4
308,390,4
308,419,4
309,310,4
309,358,4
310,309,4
310,348,4
311,92,4
311,312,4
312,230,4
312,311,4
313,315,4
313,389,4
314,117,4
314,316,4
315,313,4
315,371,4
316,314,4
316,1843,4
317,287,4
317,318,4
318,317,4
318,328,4
319,320,4
319,1986,4
320,319,4
320,1804,4
321,322,4
321,344,4
322,321,4
322,362,4
323,324,4
323,1978,4
324,323,4
324,491,4
325,326,4
325,451,4
326,325,4
326,934,4
327,242,4
327,331,4
328,192,4
328,318,4
329,297,4
329,1407,4
330,257,4
330,1407,4
331,327,4
331,332,4
332,331,4
332,366,4
333,51,4
333,334,4
334,270,4
334,333,4
335,336,4
335,475,4
336,335,4
336,472,4
337,338,4
337,1907,4
338,302,4
338,337,4
339,340,4
339,370,4
340,339,4
340,488,4
341,276,4
341,446,4
342,303,4
342,344,4
343,383,4
343,433,4
344,321,4
344,342,4
345,346,4
345,1160,4
346,248,4
346,345,4
347,349,4
347,437,4
348,310,4
348,1054,4
349,169,4
349,347,4
350,351,4
350,568,4
351,350,4
351,1406,4
352,293,4
352,353,4
353,352,4
353,374,4
354,215,4
354,355,4
355,354,4
355,414,4
356,357,4
356,369,4
357,356,4
357,510,4
358,309,4
358,359,4
359,358,4
359,377,4
360,280,4
360,713,4
361,276,4
361,362,4
362,322,4
362,361,4
363,376,4
363,1905,4
364,408,4
364,1905,4
365,281,4
365,367,4
366,332,4
366,368,4
367,365,4
367,409,4
368,366,4
368,418,4
369,356,4
369,370,4
370,339,4
370,369,4
371,315,4
371,1521,4
372,373,4
372,401,4
373,201,4
373,372,4
374,353,4
374,375,4
375,20,4
375,374,4
376,363,4
376,377,4
377,359,4
377,376,4
378,380,4
378,1410,4
379,388,4
379,1192,4
380,378,4
380,1900,4
381,382,4
381,407,4
382,381,4
382,897,4
383,164,4
383,343,4
384,400,4
384,1274,4
385,487,4
385,1690,4
386,1331,4
386,1691,4
387,239,4
387,388,4
388,379,4
388,387,4
389,313,4
389,391,4
390,308,4
390,1304,4
391,389,4
391,490,4
392,393,4
392,560,4
393,392,4
393,503,4
394,395,4
394,416,4
395,394,4
395,518,4
396,397,4
396,496,4
397,396,4
397,655,4
398,399,4
398,406,4
399,398,4
399,580,4
400,384,4
400,401,4
401,372,4
401,400,4
402,403,4
402,473,4
403,402,4
403,423,4
404,405,4
404,1914,4
405,404,4
405,1975,4
406,398,4
406,407,4
407,381,4
407,406,4
408,364,4
408,409,4
409,367,4
409,408,4
410,411,4
410,1896,4
411,410,4
411,534,4
412,544,4
412,1714,4
413,1194,4
413,1714,4
414,355,4
414,1844,4
415,1102,4
415,1965,4
416,394,4
416,1844,4
417,418,4
417,771,4
418,368,4
418,417,4
419,308,4
419,442,4
420,1938,4
420,1993,4
421,422,4
421,462,4
422,421,4
422,1964,4
423,403,4
423,424,4
424,423,4
424,470,4
425,158,4
425,1245,4
426,427,4
426,570,4
427,426,4
427,463,4
428,203,4
428,429,4
429,428,4
429,575,4
430,431,4
430,454,4
431,430,4
431,537,4
432,433,4
432,576,4
433,343,4
433,432,4
434,435,4
434,1475,4
435,434,4
435,456,4
436,288,4
436,437,4
437,347,4
437,436,4
438,439,4
438,1600,4
439,438,4
439,872,4
440,189,4
440,441,4
441,440,4
441,1441,4
442,419,4
442,1599,4
443,476,4
443,1599,4
444,38,4
444,460,4
445,446,4
445,583,4
446,341,4
446,445,4
447,457,4
447,1970,4
448,450,4
448,479,4
449,1295,4
449,1975,4
450,448,4
450,656,4
451,325,4
451,452,4
452,451,4
452,509,4
453,569,4
453,1993,4
454,430,4
454,1903,4
455,456,4
455,538,4
456,435,4
456,455,4
457,447,4
457,458,4
458,457,4
458,459,4
459,458,4
459,461,4
460,444,4
460,462,4
461,459,4
461,1999,4
462,421,4
462,460,4
463,427,4
463,464,4
464,463,4
464,467,4
465,466,4
465,499,4
466,465,4
466,521,4
467,464,4
467,468,4
468,467,4
468,593,4
469,470,4
469,1267,4
470,424,4
470,469,4
471,472,4
471,649,4
472,336,4
472,471,4
473,402,4
473,474,4
474,473,4
474,1994,4
475,335,4
475,476,4
476,443,4
476,475,4
477,480,4
477,1456,4
478,479,4
478,505,4
479,448,4
479,478,4
480,477,4
480,481,4
481,480,4
481,492,4
482,483,4
482,542,4
483,482,4
483,587,4
484,485,4
484,1453,4
485,484,4
485,893,4
486,1930,4
486,1938,4
487,385,4
487,489,4
488,340,4
488,1390,4
489,487,4
489,504,4
490,391,4
490,491,4
491,324,4
491,490,4
492,481,4
492,493,4
493,306,4
493,492,4
494,132,4
494,495,4
495,494,4
495,546,4
496,396,4
496,497,4
497,89,4
497,496,4
498,499,4
498,553,4
499,465,4
499,498,4
500,501,4
500,527,4
501,500,4
501,664,4
502,503,4
502,598,4
503,393,4
503,502,4
504,489,4
504,505,4
505,478,4
505,504,4
506,507,4
506,533,4
507,506,4
507,530,4
508,509,4
508,611,4
509,452,4
509,508,4
510,357,4
510,511,4
511,510,4
511,582,4
512,513,4
512,1504,4
513,512,4
513,525,4
514,1731,4
514,1762,4
515,565,4
515,1731,4
516,517,4
516,539,4
517,516,4
517,519,4
518,395,4
518,519,4
519,517,4
519,518,4
520,521,4
520,606,4
521,466,4
521,520,4
522,14,4
522,523,4
523,522,4
523,545,4
524,525,4
524,1768,4
525,513,4
525,524,4
526,527,4
526,579,4
527,500,4
527,526,4
528,530,4
528,1711,4
529,531,4
529,547,4
530,507,4
530,528,4
531,529,4
531,586,4
532,533,4
532,620,4
533,506,4
533,532,4
534,411,4
534,535,4
535,534,4
535,821,4
536,537,4
536,577,4
537,431,4
537,536,4
538,455,4
538,539,4
539,516,4
539,538,4
540,541,4
540,1571,4
541,540,4
541,687,4
542,482,4
542,543,4
543,542,4
543,549,4
544,412,4
544,1408,4
545,523,4
545,1408,4
546,495,4
546,547,4
547,529,4
547,546,4
548,549,4
548,563,4
549,543,4
549,548,4
550,551,4
550,710,4
551,550,4
551,552,4
552,551,4
552,672,4
553,498,4
553,554,4
554,553,4
554,1766,4
555,556,4
555,1602,4
556,555,4
556,564,4
557,558,4
557,567,4
558,557,4
558,1423,4
559,560,4
559,1998,4
560,392,4
560,559,4
561,1521,4
561,1825,4
562,714,4
562,1825,4
563,548,4
563,564,4
564,556,4
564,563,4
565,515,4
565,567,4
566,596,4
566,1677,4
567,557,4
567,565,4
568,350,4
568,569,4
569,453,4
569,568,4
570,426,4
570,571,4
571,570,4
571,1483,4
572,573,4
572,590,4
573,572,4
573,633,4
574,621,4
574,1893,4
575,429,4
575,577,4
576,432,4
576,578,4
577,536,4
577,575,4
578,576,4
578,600,4
579,526,4
579,581,4
580,399,4
580,1507,4
581,579,4
581,1661,4
582,511,4
582,583,4
583,445,4
583,582,4
584,585,4
584,588,4
585,584,4
585,612,4
586,531,4
586,587,4
587,483,4
587,586,4
588,584,4
588,589,4
589,588,4
589,1177,4
590,572,4
590,591,4
591,590,4
591,856,4
592,595,4
592,1556,4
593,468,4
593,1556,4
594,595,4
594,599,4
595,592,4
595,594,4
596,156,4
596,566,4
597,598,4
597,642,4
598,502,4
598,597,4
599,594,4
599,600,4
600,578,4
600,599,4
601,1436,4
601,1858,4
602,603,4
602,825,4
603,602,4
603,1727,4
604,605,4
604,659,4
605,604,4
605,617,4
606,520,4
606,607,4
607,606,4
607,680,4
608,609,4
608,629,4
609,608,4
609,616,4
610,611,4
610,624,4
611,508,4
611,610,4
612,585,4
612,613,4
613,612,4
613,786,4
614,615,4
614,1995,4
615,614,4
615,625,4
616,609,4
616,617,4
617,605,4
617,616,4
618,620,4
618,665,4
619,674,4
619,1621,4
620,532,4
620,618,4
621,574,4
621,622,4
622,621,4
622,831,4
623,624,4
623,638,4
624,610,4
624,623,4
625,615,4
625,626,4
626,625,4
626,631,4
627,223,4
627,628,4
628,627,4
628,644,4
629,608,4
629,630,4
630,629,4
630,702,4
631,626,4
631,633,4
632,634,4
632,660,4
633,573,4
633,631,4
634,632,4
634,1602,4
635,636,4
635,677,4
636,635,4
636,662,4
637,1719,4
637,1958,4
638,623,4
638,1719,4
639,698,4
639,1859,4
640,661,4
640,1859,4
641,642,4
641,645,4
642,597,4
642,641,4
643,645,4
643,651,4
644,628,4
644,647,4
645,641,4
645,643,4
646,246,4
646,647,4
647,644,4
647,646,4
648,649,4
648,1961,4
649,471,4
649,648,4
650,651,4
650,696,4
651,643,4
651,650,4
652,653,4
652,723,4
653,652,4
653,896,4
654,655,4
654,778,4
655,397,4
655,654,4
656,450,4
656,657,4
657,656,4
657,706,4
658,659,4
658,695,4
659,604,4
659,658,4
660,632,4
660,661,4
661,640,4
661,660,4
662,636,4
662,663,4
663,662,4
663,781,4
664,501,4
664,665,4
665,618,4
665,664,4
666,667,4
666,678,4
667,666,4
667,787,4
668,669,4
668,701,4
669,668,4
669,672,4
670,671,4
670,684,4
671,670,4
671,1207,4
672,552,4
672,669,4
673,674,4
673,784,4
674,619,4
674,673,4
675,676,4
675,733,4
676,675,4
676,727,4
677,635,4
677,678,4
678,666,4
678,677,4
679,689,4
679,1401,4
680,607,4
680,681,4
681,680,4
681,739,4
682,683,4
682,693,4
683,682,4
683,715,4
684,670,4
684,685,4
685,684,4
685,1380,4
686,687,4
686,737,4
687,541,4
687,686,4
688,689,4
688,822,4
689,679,4
689,688,4
690,1687,4
690,1988,4
691,1142,4
691,1687,4
692,693,4
692,717,4
693,682,4
693,692,4
694,695,4
694,1951,4
695,658,4
695,694,4
696,650,4
696,698,4
697,730,4
697,1266,4
698,639,4
698,696,4
699,700,4
699,949,4
700,699,4
700,747,4
701,668,4
701,703,4
702,630,4
702,704,4
703,701,4
703,711,4
704,702,4
704,767,4
705,706,4
705,1829,4
706,657,4
706,705,4
707,708,4
707,1614,4
708,707,4
708,780,4
709,710,4
709,755,4
710,550,4
710,709,4
711,703,4
711,921,4
712,714,4
712,749,4
713,360,4
713,771,4
714,562,4
714,712,4
715,683,4
715,716,4
716,715,4
716,724,4
717,692,4
717,718,4
718,717,4
718,1631,4
719,720,4
719,860,4
720,719,4
720,776,4
721,194,4
721,947,4
722,723,4
722,992,4
723,652,4
723,722,4
724,716,4
724,725,4
725,724,4
725,728,4
726,727,4
726,818,4
727,676,4
727,726,4
728,725,4
728,1876,4
729,730,4
729,814,4
730,697,4
730,729,4
731,732,4
731,748,4
732,731,4
732,843,4
733,675,4
733,734,4
734,733,4
734,738,4
735,736,4
735,797,4
736,735,4
736,834,4
737,686,4
737,738,4
738,734,4
738,737,4
739,681,4
739,740,4
740,739,4
740,1928,4
741,742,4
741,750,4
742,741,4
742,819,4
743,808,4
743,1952,4
744,745,4
744,803,4
745,744,4
745,779,4
746,747,4
746,1963,4
747,700,4
747,746,4
748,731,4
748,749,4
749,712,4
749,748,4
750,741,4
750,751,4
751,750,4
751,756,4
752,753,4
752,809,4
753,752,4
753,1002,4
754,756,4
754,841,4
755,709,4
755,1729,4
756,751,4
756,754,4
757,758,4
757,783,4
758,757,4
758,782,4
759,760,4
759,1926,4
760,759,4
760,800,4
761,762,4
761,1664,4
762,761,4
762,844,4
763,764,4
763,790,4
764,763,4
764,765,4
765,764,4
765,767,4
766,768,4
766,802,4
767,704,4
767,765,4
768,766,4
768,848,4
769,770,4
769,829,4
770,769,4
770,854,4
771,417,4
771,713,4
771,1291,4
772,1330,4
772,1444,4
773,774,4
773,1998,4
774,773,4
774,785,4
775,776,4
775,793,4
776,720,4
776,775,4
777,778,4
777,847,4
778,654,4
778,777,4
779,73,4
779,745,4
780,708,4
780,1729,4
781,663,4
781,1983,4
782,758,4
782,783,4
783,757,4
783,782,4
784,673,4
784,785,4
785,774,4
785,784,4
786,613,4
786,787,4
787,667,4
787,786,4
788,789,4
788,794,4
789,788,4
789,997,4
790,763,4
790,791,4
791,790,4
791,812,4
792,793,4
792,1125,4
793,775,4
793,792,4
794,788,4
794,795,4
795,794,4
795,865,4
796,218,4
796,797,4
797,735,4
797,796,4
798,1433,4
798,1992,4
799,800,4
799,908,4
800,760,4
800,799,4
801,274,4
801,802,4
802,766,4
802,801,4
803,744,4
803,804,4
804,803,4
804,849,4
805,806,4
805,861,4
806,805,4
806,828,4
807,808,4
807,1771,4
808,743,4
808,807,4
809,752,4
809,810,4
810,809,4
810,817,4
811,812,4
811,880,4
812,791,4
812,811,4
813,814,4
813,842,4
814,729,4
814,813,4
815,816,4
815,1629,4
816,815,4
816,827,4
817,810,4
817,818,4
818,726,4
818,817,4
819,742,4
819,820,4
820,819,4
820,833,4
821,535,4
821,823,4
822,688,4
822,824,4
823,821,4
823,832,4
824,111,4
824,822,4
825,602,4
825,827,4
826,964,4
826,1348,4
827,816,4
827,825,4
828,806,4
828,829,4
829,769,4
829,828,4
830,831,4
830,1124,4
831,622,4
831,830,4
832,823,4
832,833,4
833,820,4
833,832,4
834,736,4
834,1728,4
835,1431,4
835,1995,4
836,211,4
836,1728,4
837,838,4
837,866,4
838,837,4
838,1998,4
839,867,4
839,1071,4
840,843,4
840,916,4
841,754,4
841,885,4
842,813,4
842,844,4
843,732,4
843,840,4
844,762,4
844,842,4
845,851,4
845,1821,4
846,979,4
846,1821,4
847,777,4
847,1420,4
848,768,4
848,1420,4
849,804,4
849,850,4
850,271,4
850,849,4
851,845,4
851,852,4
852,46,4
852,851,4
853,864,4
853,1784,4
854,770,4
854,855,4
855,854,4
855,1284,4
856,591,4
856,857,4
857,856,4
857,858,4
858,857,4
858,859,4
859,858,4
859,890,4
860,719,4
860,861,4
861,805,4
861,860,4
862,863,4
862,1997,4
863,862,4
863,883,4
864,853,4
864,866,4
865,795,4
865,867,4
866,837,4
866,864,4
867,839,4
867,865,4
868,869,4
868,878,4
869,868,4
869,976,4
870,871,4
870,1414,4
871,870,4
871,912,4
872,439,4
872,873,4
873,872,4
873,942,4
874,876,4
874,923,4
875,909,4
875,971,4
876,874,4
876,910,4
877,878,4
877,918,4
878,868,4
878,877,4
879,880,4
879,1381,4
880,811,4
880,879,4
881,882,4
881,1063,4
882,881,4
882,1081,4
883,863,4
883,884,4
884,883,4
884,903,4
885,841,4
885,1999,4
886,887,4
886,892,4
887,886,4
887,1047,4
888,890,4
888,1380,4
889,1850,4
889,1995,4
890,859,4
890,888,4
891,892,4
891,972,4
892,886,4
892,891,4
893,485,4
893,895,4
894,1039,4
894,1351,4
895,893,4
895,1984,4
896,653,4
896,897,4
897,382,4
897,896,4
898,899,4
898,1329,4
899,898,4
899,925,4
900,146,4
900,1036,4
901,902,4
901,1995,4
902,901,4
902,937,4
903,884,4
903,905,4
904,906,4
904,956,4
905,903,4
905,906,4
906,904,4
906,905,4
907,908,4
907,941,4
908,799,4
908,907,4
909,875,4
909,912,4
910,876,4
910,1201,4
911,991,4
911,1161,4
912,871,4
912,909,4
913,914,4
913,946,4
914,913,4
914,981,4
915,916,4
915,983,4
916,840,4
916,915,4
917,918,4
917,1387,4
918,877,4
918,917,4
919,920,4
919,996,4
920,919,4
920,932,4
921,711,4
921,927,4
922,923,4
922,2000,4
923,874,4
923,922,4
924,232,4
924,1071,4
925,899,4
925,926,4
926,925,4
926,1060,4
927,921,4
927,928,4
928,927,4
928,931,4
929,930,4
929,985,4
930,929,4
930,1015,4
931,928,4
931,932,4
932,920,4
932,931,4
933,934,4
933,944,4
934,326,4
934,933,4
935,936,4
935,1575,4
936,935,4
936,1088,4
937,902,4
937,938,4
938,937,4
938,943,4
939,969,4
939,1390,4
940,963,4
940,1812,4
941,907,4
941,1720,4
942,873,4
942,1812,4
943,938,4
943,944,4
944,933,4
944,943,4
945,8,4
945,946,4
946,913,4
946,945,4
947,721,4
947,948,4
948,947,4
948,995,4
949,699,4
949,950,4
950,949,4
950,1998,4
951,952,4
951,980,4
952,307,4
952,951,4
953,956,4
953,1001,4
954,955,4
954,1210,4
955,954,4
955,1678,4
956,904,4
956,953,4
957,15,4
957,1424,4
958,1046,4
958,1625,4
959,1008,4
959,1625,4
960,961,4
960,968,4
961,960,4
961,1019,4
962,963,4
962,1998,4
963,940,4
963,962,4
964,826,4
964,965,4
965,964,4
965,1041,4
966,967,4
966,1032,4
967,966,4
967,1266,4
968,960,4
968,1959,4
969,939,4
969,970,4
970,969,4
970,1214,4
971,875,4
971,1023,4
972,891,4
972,973,4
973,972,4
973,978,4
974,975,4
974,1027,4
975,974,4
975,994,4
976,869,4
976,977,4
977,976,4
977,1995,4
978,973,4
978,979,4
979,846,4
979,978,4
980,951,4
980,981,4
981,914,4
981,980,4
982,983,4
982,987,4
983,915,4
983,982,4
984,999,4
984,1506,4
985,929,4
985,1506,4
986,987,4
986,1042,4
987,982,4
987,986,4
988,989,4
988,1000,4
989,988,4
989,1149,4
990,991,4
990,1026,4
991,911,4
991,990,4
992,722,4
992,1479,4
993,994,4
993,1017,4
994,975,4
994,993,4
995,948,4
995,996,4
996,919,4
996,995,4
997,217,4
997,789,4
998,295,4
998,999,4
999,984,4
999,998,4
1000,988,4
1000,1001,4
1001,953,4
1001,1000,4
1002,753,4
1002,1003,4
1003,1002,4
1003,1077,4
1004,1005,4
1004,1052,4
1005,1004,4
1005,1854,4
1006,1076,4
1006,1429,4
1007,1036,4
1007,1429,4
1008,959,4
1008,1009,4
1009,210,4
1009,1008,4
1010,1011,4
1010,1302,4
1011,1010,4
1011,1065,4
1012,1248,4
1012,1379,4
1013,1237,4
1013,1379,4
1014,1016,4
1014,1999,4
1015,930,4
1015,1267,4
1016,1014,4
1016,1037,4
1017,993,4
1017,1018,4
1018,1017,4
1018,1859,4
1019,961,4
1019,1020,4
1020,1019,4
1020,1091,4
1021,1022,4
1021,1439,4
1022,1021,4
1022,1178,4
1023,971,4
1023,1024,4
1024,1023,4
1024,1038,4
1025,1026,4
1025,1062,4
1026,990,4
1026,1025,4
1027,974,4
1027,1028,4
1028,1027,4
1028,1122,4
1029,1159,4
1029,1929,4
1030,1031,4
1030,1033,4
1031,1030,4
1031,1049,4
1032,966,4
1032,1033,4
1033,1030,4
1033,1032,4
1034,1035,4
1034,1147,4
1035,1034,4
1035,1981,4
1036,900,4
1036,1007,4
1037,1016,4
1037,1891,4
1038,1024,4
1038,1039,4
1039,894,4
1039,1038,4
1040,1325,4
1040,1855,4
1041,965,4
1041,1042,4
1042,986,4
1042,1041,4
1043,1044,4
1043,1205,4
1044,1043,4
1044,1067,4
1045,1047,4
1045,1074,4
1046,958,4
1046,1307,4
1047,887,4
1047,1045,4
1048,1049,4
1048,1059,4
1049,1031,4
1049,1048,4
1050,1051,4
1050,1999,4
1051,1050,4
1051,1188,4
1052,1004,4
1052,1053,4
1053,1052,4
1053,1090,4
1054,348,4
1054,1729,4
1055,1056,4
1055,1758,4
1056,1055,4
1056,1152,4
1057,1058,4
1057,1354,4
1058,304,4
1058,1057,4
1059,1048,4
1059,1060,4
1060,926,4
1060,1059,4
1061,1062,4
1061,1083,4
1062,1025,4
1062,1061,4
1063,881,4
1063,1065,4
1064,1066,4
1064,1085,4
1065,1011,4
1065,1063,4
1066,1064,4
1066,1075,4
1067,1044,4
1067,1068,4
1068,1067,4
1068,1101,4
1069,1070,4
1069,1158,4
1070,1069,4
1070,1150,4
1071,839,4
1071,924,4
1072,1073,4
1072,1620,4
1073,134,4
1073,1072,4
1074,1045,4
1074,1075,4
1075,1066,4
1075,1074,4
1076,1006,4
1076,1077,4
1077,1003,4
1077,1076,4
1078,1079,4
1078,1123,4
1079,1078,4
1079,1104,4
1080,1081,4
1080,1146,4
1081,882,4
1081,1080,4
1082,1083,4
1082,1094,4
1083,1061,4
1083,1082,4
1084,22,4
1084,1085,4
1085,1064,4
1085,1084,4
1086,54,4
1086,1087,4
1087,184,4
1087,1086,4
1088,936,4
1088,1089,4
1089,1088,4
1089,1997,4
1090,1053,4
1090,1091,4
1091,1020,4
1091,1090,4
1092,1093,4
1092,1730,4
1093,1092,4
1093,1112,4
1094,1082,4
1094,1095,4
1095,1094,4
1095,1172,4
1096,1097,4
1096,1109,4
1097,1096,4
1097,1722,4
1098,1099,4
1098,1144,4
1099,1098,4
1099,1911,4
1100,1101,4
1100,1118,4
1101,1068,4
1101,1100,4
1102,415,4
1102,1981,4
1103,1104,4
1103,1871,4
1104,1079,4
1104,1103,4
1105,1106,4
1105,1199,4
1106,1105,4
1106,1211,4
1107,1108,4
1107,1667,4
1108,1107,4
1108,1133,4
1109,1096,4
1109,1907,4
1110,1111,4
1110,1230,4
1111,1110,4
1111,1296,4
1112,1093,4
1112,1114,4
1113,1132,4
1113,1509,4
1114,1112,4
1114,1136,4
1115,1116,4
1115,1853,4
1116,1115,4
1116,1195,4
1117,1118,4
1117,1382,4
1118,1100,4
1118,1117,4
1119,296,4
1119,1121,4
1120,1122,4
1120,1971,4
1121,1119,4
1121,1161,4
1122,1028,4
1122,1120,4
1123,1078,4
1123,1124,4
1124,830,4
1124,1123,4
1125,792,4
1125,1126,4
1126,1125,4
1126,1186,4
1127,14,4
1127,1884,4
1128,1129,4
1128,1261,4
1129,1128,4
1129,1141,4
1130,1131,4
1130,1173,4
1131,1130,4
1131,1702,4
1132,1113,4
1132,1236,4
1133,1108,4
1133,1134,4
1134,1133,4
1134,1167,4
1135,1138,4
1135,1220,4
1136,1114,4
1136,1648,4
1137,1770,4
1137,1906,4
1138,1135,4
1138,1163,4
1139,1140,4
1139,1208,4
1140,1139,4
1140,1182,4
1141,1129,4
1141,1142,4
1142,691,4
1142,1141,4
1143,1144,4
1143,1493,4
1144,1098,4
1144,1143,4
1145,1146,4
1145,1987,4
1146,1080,4
1146,1145,4
1147,1034,4
1147,1778,4
1148,1567,4
1148,1778,4
1149,989,4
1149,1150,4
1150,1070,4
1150,1149,4
1151,1152,4
1151,1168,4
1152,1056,4
1152,1151,4
1153,1154,4
1153,1155,4
1154,1153,4
1154,1176,4
1155,1153,4
1155,1156,4
1156,1155,4
1156,2000,4
1157,1309,4
1157,1396,4
1158,1069,4
1158,1396,4
1159,1029,4
1159,1160,4
1160,345,4
1160,1159,4
1161,911,4
1161,1121,4
1162,1163,4
1162,1174,4
1163,1138,4
1163,1162,4
1164,1166,4
1164,1828,4
1165,1290,4
1165,1895,4
1166,1164,4
1166,1180,4
1167,1134,4
1167,1168,4
1168,1151,4
1168,1167,4
1169,1170,4
1169,1238,4
1170,1169,4
1170,1200,4
1171,1172,4
1171,1859,4
1172,1095,4
1172,1171,4
1173,1130,4
1173,1174,4
1174,1162,4
1174,1173,4
1175,1176,4
1175,1536,4
1176,1154,4
1176,1175,4
1177,589,4
1177,1178,4
1178,1022,4
1178,1177,4
1179,1180,4
1179,1227,4
1180,1166,4
1180,1179,4
1181,1182,4
1181,1189,4
1182,1140,4
1182,1181,4
1183,1184,4
1183,1589,4
1184,1183,4
1184,1929,4
1185,1219,4
1185,1838,4
1186,1126,4
1186,1838,4
1187,1188,4
1187,1648,4
1188,1051,4
1188,1187,4
1189,172,4
1189,1181,4
1190,1191,4
1190,1229,4
1191,1190,4
1191,1740,4
1192,379,4
1192,1223,4
1193,1194,4
1193,1845,4
1194,413,4
1194,1193,4
1195,1116,4
1195,1196,4
1196,1195,4
1196,1243,4
1197,1198,4
1197,1202,4
1198,1197,4
1198,1314,4
1199,1105,4
1199,1200,4
1200,1170,4
1200,1199,4
1201,910,4
1201,1270,4
1202,1197,4
1202,1203,4
1203,1202,4
1203,1306,4
1204,1205,4
1204,1239,4
1205,1043,4
1205,1204,4
1206,1207,4
1206,1269,4
1207,671,4
1207,1206,4
1208,1139,4
1208,1209,4
1209,1208,4
1209,1236,4
1210,954,4
1210,1998,4
1211,1106,4
1211,1212,4
1212,1211,4
1212,1217,4
1213,1255,4
1213,1340,4
1214,970,4
1214,1215,4
1215,1214,4
1215,1976,4
1216,1510,4
1216,1606,4
1217,1212,4
1217,1218,4
1218,1217,4
1218,1286,4
1219,1185,4
1219,1220,4
1220,1135,4
1220,1219,4
1221,1222,4
1221,1228,4
1222,1221,4
1222,1539,4
1223,1192,4
1223,1224,4
1224,1223,4
1224,1234,4
1225,1226,4
1225,1997,4
1226,1225,4
1226,1263,4
1227,1179,4
1227,1229,4
1228,1221,4
1228,1570,4
1229,1190,4
1229,1227,4
1230,1110,4
1230,1231,4
1231,1230,4
1231,1408,4
1232,1234,4
1232,1254,4
1233,1235,4
1233,1315,4
1234,1224,4
1234,1232,4
1235,1233,4
1235,1275,4
1236,1132,4
1236,1209,4
1237,1013,4
1237,1238,4
1238,1169,4
1238,1237,4
1239,239,4
1239,1204,4
1240,1241,4
1240,1246,4
1241,1240,4
1241,1247,4
1242,1365,4
1242,1976,4
1243,1196,4
1243,1244,4
1244,1243,4
1244,1251,4
1245,425,4
1245,1274,4
1246,1240,4
1246,1247,4
1247,1241,4
1247,1246,4
1248,1012,4
1248,1249,4
1249,1248,4
1249,1333,4
1250,1251,4
1250,1751,4
1251,1244,4
1251,1250,4
1252,1253,4
1252,1981,4
1253,1252,4
1253,1278,4
1254,1232,4
1254,1255,4
1255,1213,4
1255,1254,4
1256,1696,4
1256,2000,4
1257,1262,4
1257,1696,4
1258,1259,4
1258,1292,4
1259,1258,4
1259,1279,4
1260,1261,4
1260,1320,4
1261,1128,4
1261,1260,4
1262,1257,4
1262,1264,4
1263,1226,4
1263,1265,4
1264,1262,4
1264,1978,4
1265,1263,4
1265,1978,4
1266,697,4
1266,967,4
1267,469,4
1267,1015,4
1268,1269,4
1268,1413,4
1269,1206,4
1269,1268,4
1270,1201,4
1270,1271,4
1271,1270,4
1271,1469,4
1272,285,4
1272,1388,4
1273,1388,4
1273,1402,4
1274,384,4
1274,1245,4
1275,1235,4
1275,1276,4
1276,1275,4
1276,1283,4
1277,1278,4
1277,1673,4
1278,1253,4
1278,1277,4
1279,1259,4
1279,1280,4
1280,1279,4
1280,1303,4
1281,1282,4
1281,1327,4
1282,1281,4
1282,1321,4
1283,1276,4
1283,1284,4
1284,855,4
1284,1283,4
1285,1286,4
1285,1312,4
1286,1218,4
1286,1285,4
1287,260,4
1287,1310,4
1288,1311,4
1288,1570,4
1289,1290,4
1289,1990,4
1290,1165,4
1290,1289,4
1291,771,4
1291,1370,4
1292,303,4
1292,1258,4
1293,1294,4
1293,1305,4
1294,1293,4
1294,1964,4
1295,449,4
1295,1934,4
1296,1111,4
1296,1297,4
1297,1296,4
1297,1667,4
1298,1299,4
1298,1350,4
1299,1298,4
1299,1452,4
1300,1301,4
1300,1786,4
1301,1300,4
1301,1416,4
1302,1010,4
1302,1303,4
1303,1280,4
1303,1302,4
1304,390,4
1304,1779,4
1305,1293,4
1305,1306,4
1306,1203,4
1306,1305,4
1307,1046,4
1307,1422,4
1308,1309,4
1308,1313,4
1309,1157,4
1309,1308,4
1310,1287,4
1310,1311,4
1311,1288,4
1311,1310,4
1312,1285,4
1312,1313,4
1313,1308,4
1313,1312,4
1314,1198,4
1314,1315,4
1315,1233,4
1315,1314,4
1316,1324,4
1316,1552,4
1317,1415,4
1317,1552,4
1318,1319,4
1318,1325,4
1319,1318,4
1319,2000,4
1320,1260,4
1320,1322,4
1321,1282,4
1321,1437,4
1322,1320,4
1322,1326,4
1323,1652,4
1323,1695,4
1324,1316,4
1324,1539,4
1325,1040,4
1325,1318,4
1326,1322,4
1326,1327,4
1327,1281,4
1327,1326,4
1328,1329,4
1328,1339,4
1329,898,4
1329,1328,4
1330,772,4
1330,1331,4
1331,386,4
1331,1330,4
1332,1333,4
1332,1334,4
1333,1249,4
1333,1332,4
1334,1332,4
1334,1335,4
1335,1334,4
1335,1344,4
1336,1337,4
1336,1347,4
1337,1336,4
1337,1345,4
1338,1339,4
1338,1372,4
1339,1328,4
1339,1338,4
1340,1213,4
1340,1455,4
1341,118,4
1341,1956,4
1342,1343,4
1342,1405,4
1343,1342,4
1343,1389,4
1344,1335,4
1344,1345,4
1345,1337,4
1345,1344,4
1346,1347,4
1346,1869,4
1347,1336,4
1347,1346,4
1348,826,4
1348,1374,4
1349,1350,4
1349,1987,4
1350,1298,4
1350,1349,4
1351,894,4
1351,1975,4
1352,1353,4
1352,1987,4
1353,1352,4
1353,1765,4
1354,1057,4
1354,1355,4
1355,1354,4
1355,1798,4
1356,1430,4
1356,1641,4
1357,1641,4
1357,1722,4
1358,1359,4
1358,1765,4
1359,1358,4
1359,1453,4
1360,1361,4
1360,1995,4
1361,1360,4
1361,1747,4
1362,1363,4
1362,1368,4
1363,1362,4
1363,1364,4
1364,1363,4
1364,1365,4
1365,1242,4
1365,1364,4
1366,1367,4
1366,1373,4
1367,1366,4
1367,1459,4
1368,1362,4
1368,1369,4
1369,1368,4
1369,1446,4
1370,1291,4
1370,1372,4
1371,273,4
1371,1674,4
1372,1338,4
1372,1370,4
1372,1996,4
1373,1366,4
1373,1374,4
1373,1381,4
1374,1348,4
1374,1373,4
1374,1381,4
1375,198,4
1375,1376,4
1375,1989,4
1376,1375,4
1376,1627,4
1376,1939,4
1377,1398,4
1377,1575,4
1377,1576,4
1378,1380,4
1378,1397,4
1378,1502,4
1379,1012,4
1379,1013,4
1379,1395,4
1380,685,4
1380,888,4
1380,1378,4
1381,879,4
1381,1373,4
1381,1374,4
1382,1117,4
1382,1389,4
1382,1393,4
1383,1384,4
1383,1518,4
1383,1707,4
1384,1383,4
1384,1891,4
1384,1900,4
1385,1390,4
1385,1435,4
1385,1438,4
1386,1387,4
1386,1456,4
1386,1863,4
1387,917,4
1387,1386,4
1387,1489,4
1388,1272,4
1388,1273,4
1388,1823,4
1389,1343,4
1389,1382,4
1389,1393,4
1390,488,4
1390,939,4
1390,1385,4
1391,1397,4
1391,1939,4
1391,1969,4
1392,1400,4
1392,1494,4
1392,1593,4
1393,1382,4
1393,1389,4
1393,1503,4
1394,1395,4
1394,1398,4
1394,1448,4
1395,1379,4
1395,1394,4
1395,1398,4
1396,1157,4
1396,1158,4
1396,1931,4
1397,1378,4
1397,1391,4
1397,1400,4
1398,1377,4
1398,1394,4
1398,1395,4
1399,1402,4
1399,1403,4
1399,1712,4
1400,1392,4
1400,1397,4
1400,1502,4
1401,679,4
1401,1414,4
1401,1454,4
1402,1273,4
1402,1399,4
1402,1403,4
1403,1399,4
1403,1402,4
1403,1585,4
1404,65,4
1404,1409,4
1404,1991,4
1405,1342,4
1405,1406,4
1405,1411,4
1406,351,4
1406,1405,4
1406,1411,4
1407,329,4
1407,330,4
1407,1999,4
1408,544,4
1408,545,4
1408,1231,4
1409,1404,4
1409,1442,4
1409,1640,4
1410,378,4
1410,1414,4
1410,1478,4
1411,1405,4
1411,1406,4
1411,1487,4
1412,128,4
1412,1413,4
1412,1415,4
1413,1268,4
1413,1412,4
1413,1415,4
1414,870,4
1414,1401,4
1414,1410,4
1415,1317,4
1415,1412,4
1415,1413,4
1416,1301,4
1416,1417,4
1416,1717,4
1417,1416,4
1417,1429,4
1417,1718,4
1418,1419,4
1418,1421,4
1418,1958,4
1419,1418,4
1419,1421,4
1419,1458,4
1420,847,4
1420,848,4
1420,1964,4
1421,1418,4
1421,1419,4
1421,1555,4
1422,1307,4
1422,1425,4
1422,1956,4
1423,558,4
1423,1424,4
1423,1428,4
1424,957,4
1424,1423,4
1424,1495,4
1425,1422,4
1425,1426,4
1425,1594,4
1426,1425,4
1426,1432,4
1426,1535,4
1427,1428,4
1427,1920,4
1427,1982,4
1428,1423,4
1428,1427,4
1428,1524,4
1429,1006,4
1429,1007,4
1429,1417,4
1430,1356,4
1430,1722,4
1430,1724,4
1431,835,4
1431,1466,4
1431,1617,4
1432,1426,4
1432,1439,4
1432,1952,4
1433,798,4
1433,1434,4
1433,1492,4
1434,1433,4
1434,1475,4
1434,1665,4
1435,1385,4
1435,1705,4
1435,1759,4
1436,601,4
1436,1439,4
1436,1440,4
1437,1321,4
1437,1713,4
1437,1957,4
1438,1385,4
1438,1731,4
1438,1807,4
1439,1021,4
1439,1432,4
1439,1436,4
1440,1436,4
1440,1443,4
1440,1486,4
1441,441,4
1441,1442,4
1441,1598,4
1442,1409,4
1442,1441,4
1442,1640,4
1443,1440,4
1443,1445,4
1443,1500,4
1444,772,4
1444,1445,4
1444,1449,4
1445,1443,4
1445,1444,4
1445,1451,4
1446,1369,4
1446,1627,4
1446,1630,4
1447,1450,4
1447,1481,4
1447,1820,4
1448,1394,4
1448,1704,4
1448,1708,4
1449,1444,4
1449,1452,4
1449,1569,4
1450,1447,4
1450,1757,4
1450,1819,4
1451,1445,4
1451,1464,4
1451,1465,4
1452,1299,4
1452,1449,4
1452,1455,4
1453,484,4
1453,1359,4
1453,1454,4
1454,1401,4
1454,1453,4
1454,1830,4
1455,1340,4
1455,1452,4
1455,1460,4
1456,477,4
1456,1386,4
1456,1980,4
1457,1459,4
1457,1868,4
1457,1922,4
1458,1419,4
1458,1460,4
1458,1464,4
1459,1367,4
1459,1457,4
1459,1762,4
1460,1455,4
1460,1458,4
1460,1464,4
1461,1462,4
1461,1576,4
1461,1720,4
1462,1461,4
1462,1802,4
1462,1998,4
1463,151,4
1463,1466,4
1463,1872,4
1464,1451,4
1464,1458,4
1464,1460,4
1465,1451,4
1465,1469,4
1465,1519,4
1466,1431,4
1466,1463,4
1466,1512,4
1467,1471,4
1467,1947,4
1467,1957,4
1468,100,4
1468,1533,4
1468,1730,4
1469,1271,4
1469,1465,4
1469,1476,4
1470,1472,4
1470,1918,4
1470,1977,4
1471,1467,4
1471,1718,4
1471,1797,4
1472,1470,4
1472,1861,4
1472,1963,4
1473,1474,4
1473,1599,4
1473,1963,4
1474,1473,4
1474,1524,4
1474,1794,4
1475,434,4
1475,1434,4
1475,1477,4
1476,1469,4
1476,1483,4
1476,1508,4
1477,1475,4
1477,1574,4
1477,1612,4
1478,1410,4
1478,1480,4
1478,1560,4
1479,992,4
1479,1491,4
1479,1989,4
1480,1478,4
1480,1651,4
1480,1755,4
1481,1447,4
1481,1496,4
1481,1619,4
1482,1726,4
1482,1801,4
1482,1802,4
1483,571,4
1483,1476,4
1483,1872,4
1484,288,4
1484,289,4
1484,1566,4
1485,1486,4
1485,1872,4
1485,1879,4
1486,1440,4
1486,1485,4
1486,1872,4
1487,1411,4
1487,1488,4
1487,1966,4
1488,1487,4
1488,1491,4
1488,1552,4
1489,1387,4
1489,1490,4
1489,1513,4
1490,1489,4
1490,1501,4
1490,1584,4
1491,1479,4
1491,1488,4
1491,1979,4
1492,1433,4
1492,1833,4
1492,1961,4
1493,247,4
1493,1143,4
1493,1494,4
1494,1392,4
1494,1493,4
1494,1591,4
1495,1424,4
1495,1657,4
1495,1659,4
1496,1481,4
1496,1497,4
1496,1862,4
1497,1496,4
1497,1895,4
1497,1956,4
1498,1499,4
1498,1500,4
1498,1508,4
1499,238,4
1499,240,4
1499,1498,4
1500,1443,4
1500,1498,4
1500,1508,4
1501,188,4
1501,1490,4
1501,1833,4
1502,1378,4
1502,1400,4
1502,1992,4
1503,1393,4
1503,1504,4
1503,1663,4
1504,512,4
1504,1503,4
1504,1866,4
1505,1507,4
1505,1764,4
1505,1842,4
1506,984,4
1506,985,4
1506,1532,4
1507,580,4
1507,1505,4
1507,1761,4
1508,1476,4
1508,1498,4
1508,1500,4
1509,1113,4
1509,1901,4
1509,1982,4
1510,1216,4
1510,1751,4
1510,1928,4
1511,1514,4
1511,1515,4
1511,1654,4
1512,1466,4
1512,1520,4
1512,1824,4
1513,1489,4
1513,1790,4
1513,1824,4
1514,1511,4
1514,1515,4
1514,1835,4
1515,1511,4
1515,1514,4
1515,1565,4
1516,1519,4
1516,1523,4
1516,1935,4
1517,1751,4
1517,1752,4
1517,1785,4
1518,1383,4
1518,1520,4
1518,1869,4
1519,1465,4
1519,1516,4
1519,1523,4
1520,1512,4
1520,1518,4
1520,1521,4
1521,371,4
1521,561,4
1521,1520,4
1522,1524,4
1522,1666,4
1522,1675,4
1523,1516,4
1523,1519,4
1523,1953,4
1524,1428,4
1524,1474,4
1524,1522,4
1525,1527,4
1525,1727,4
1525,1758,4
1526,1530,4
1526,1531,4
1526,1606,4
1527,1525,4
1527,1621,4
1527,1761,4
1528,1533,4
1528,1733,4
1528,1781,4
1529,1637,4
1529,1758,4
1529,1759,4
1530,1526,4
1530,1531,4
1530,1965,4
1531,1526,4
1531,1530,4
1531,1579,4
1532,1506,4
1532,1535,4
1532,1536,4
1533,1468,4
1533,1528,4
1533,1741,4
1534,1537,4
1534,1749,4
1534,1957,4
1535,1426,4
1535,1532,4
1535,1540,4
1536,1175,4
1536,1532,4
1536,1540,4
1537,1534,4
1537,1939,4
1537,1969,4
1538,1542,4
1538,1556,4
1538,1881,4
1539,1222,4
1539,1324,4
1539,1695,4
1540,241,4
1540,1535,4
1540,1536,4
1541,1544,4
1541,1545,4
1541,1553,4
1542,1538,4
1542,1752,4
1542,1817,4
1543,1587,4
1543,1590,4
1543,1715,4
1544,1541,4
1544,1545,4
1544,1699,4
1545,1541,4
1545,1544,4
1545,1709,4
1546,1547,4
1546,1548,4
1546,2000,4
1547,1546,4
1547,1548,4
1547,1642,4
1548,1546,4
1548,1547,4
1548,1993,4
1549,1550,4
1549,1650,4
1549,1952,4
1550,1549,4
1550,1744,4
1550,1746,4
1551,1553,4
1551,1554,4
1551,1994,4
1552,1316,4
1552,1317,4
1552,1488,4
1553,1541,4
1553,1551,4
1553,1554,4
1554,1551,4
1554,1553,4
1554,1989,4
1555,1421,4
1555,1557,4
1555,1562,4
1556,592,4
1556,593,4
1556,1538,4
1557,1555,4
1557,1562,4
1557,1624,4
1558,1559,4
1558,1932,4
1558,1956,4
1559,1558,4
1559,1668,4
1559,1768,4
1560,1478,4
1560,1561,4
1560,1698,4
1561,1560,4
1561,1616,4
1561,1660,4
1562,1555,4
1562,1557,4
1562,1982,4
1563,1565,4
1563,1566,4
1563,1998,4
1564,141,4
1564,1924,4
1564,1993,4
1565,1515,4
1565,1563,4
1565,1566,4
1566,1484,4
1566,1563,4
1566,1565,4
1567,1148,4
1567,1571,4
1567,1575,4
1568,1569,4
1568,1573,4
1568,1625,4
1569,1449,4
1569,1568,4
1569,1573,4
1570,1228,4
1570,1288,4
1570,1690,4
1571,540,4
1571,1567,4
1571,1680,4
1572,1574,4
1572,1616,4
1572,1748,4
1573,1568,4
1573,1569,4
1573,1603,4
1574,163,4
1574,1477,4
1574,1572,4
1575,935,4
1575,1377,4
1575,1567,4
1576,1377,4
1576,1461,4
1576,1706,4
1577,1578,4
1577,1579,4
1577,1992,4
1578,1577,4
1578,1579,4
1578,1999,4
1579,1531,4
1579,1577,4
1579,1578,4
1580,1870,4
1580,1901,4
1580,1982,4
1581,1583,4
1581,1846,4
1581,1921,4
1582,1585,4
1582,1586,4
1582,1689,4
1583,1581,4
1583,1683,4
1583,2000,4
1584,1490,4
1584,1588,4
1584,1921,4
1585,1403,4
1585,1582,4
1585,1586,4
1586,1582,4
1586,1585,4
1586,1726,4
1587,1543,4
1587,1592,4
1587,1638,4
1588,1584,4
1588,1793,4
1588,1979,4
1589,1183,4
1589,1591,4
1589,1685,4
1590,1543,4
1590,1592,4
1590,1644,4
1591,249,4
1591,1494,4
1591,1589,4
1592,1587,4
1592,1590,4
1592,1615,4
1593,1392,4
1593,1596,4
1593,1663,4
1594,1425,4
1594,1595,4
1594,1597,4
1595,1594,4
1595,1597,4
1595,1874,4
1596,1593,4
1596,1929,4
1596,1932,4
1597,1594,4
1597,1595,4
1597,1953,4
1598,1441,4
1598,1600,4
1598,1706,4
1599,442,4
1599,443,4
1599,1473,4
1600,438,4
1600,1598,4
1600,1921,4
1601,53,4
1601,54,4
1601,1997,4
1602,555,4
1602,634,4
1602,1603,4
1603,1573,4
1603,1602,4
1603,1605,4
1604,1608,4
1604,1611,4
1604,1948,4
1605,99,4
1605,1603,4
1605,1646,4
1606,1216,4
1606,1526,4
1606,1967,4
1607,1610,4
1607,1969,4
1607,1970,4
1608,1604,4
1608,1611,4
1608,1696,4
1609,1611,4
1609,1658,4
1609,1666,4
1610,1607,4
1610,1936,4
1610,1990,4
1611,1604,4
1611,1608,4
1611,1609,4
1612,1477,4
1612,1613,4
1612,1648,4
1613,224,4
1613,1612,4
1613,1657,4
1614,707,4
1614,1616,4
1614,1738,4
1615,1592,4
1615,1618,4
1615,1995,4
1616,1561,4
1616,1572,4
1616,1614,4
1617,1431,4
1617,1633,4
1617,1784,4
1618,1615,4
1618,1620,4
1618,1628,4
1619,1481,4
1619,1850,4
1619,1896,4
1620,1072,4
1620,1618,4
1620,1624,4
1621,619,4
1621,1527,4
1621,1809,4
1622,148,4
1622,1626,4
1622,1698,4
1623,1664,4
1623,1665,4
1623,1992,4
1624,1557,4
1624,1620,4
1624,1628,4
1625,958,4
1625,959,4
1625,1568,4
1626,1622,4
1626,1697,4
1626,1996,4
1627,1376,4
1627,1446,4
1627,1970,4
1628,1618,4
1628,1624,4
1628,1631,4
1629,815,4
1629,1633,4
1629,1754,4
1630,1446,4
1630,1633,4
1630,1634,4
1631,718,4
1631,1628,4
1631,1635,4
1632,1634,4
1632,1791,4
1632,1980,4
1633,1617,4
1633,1629,4
1633,1630,4
1634,1630,4
1634,1632,4
1634,1961,4
1635,1631,4
1635,1636,4
1635,1937,4
1636,1635,4
1636,1642,4
1636,1700,4
1637,1529,4
1637,1639,4
1637,1963,4
1638,1587,4
1638,1783,4
1638,1785,4
1639,151,4
1639,1637,4
1639,1884,4
1640,1409,4
1640,1442,4
1640,1646,4
1641,1356,4
1641,1357,4
1641,1669,4
1642,1547,4
1642,1636,4
1642,1643,4
1643,1642,4
1643,1644,4
1643,2000,4
1644,1590,4
1644,1643,4
1644,1645,4
1645,1644,4
1645,1649,4
1645,1776,4
1646,7,4
1646,1605,4
1646,1640,4
1647,1707,4
1647,1711,4
1647,1714,4
1648,1136,4
1648,1187,4
1648,1612,4
1649,1645,4
1649,1650,4
1649,2000,4
1650,1549,4
1650,1649,4
1650,1655,4
1651,1480,4
1651,1652,4
1651,1711,4
1652,1323,4
1652,1651,4
1652,1996,4
1653,1654,4
1653,1898,4
1653,1909,4
1654,1511,4
1654,1653,4
1654,1805,4
1655,1650,4
1655,1656,4
1655,2000,4
1656,1655,4
1656,1658,4
1656,1693,4
1657,1495,4
1657,1613,4
1657,1725,4
1658,1609,4
1658,1656,4
1658,1957,4
1659,1495,4
1659,1717,4
1659,1742,4
1660,1561,4
1660,1661,4
1660,1748,4
1661,581,4
1661,1660,4
1661,1979,4
1662,196,4
1662,197,4
1662,1952,4
1663,1503,4
1663,1593,4
1663,1999,4
1664,761,4
1664,1623,4
1664,1962,4
1665,1434,4
1665,1623,4
1665,1677,4
1666,1522,4
1666,1609,4
1666,1668,4
1667,1107,4
1667,1297,4
1667,1671,4
1668,1559,4
1668,1666,4
1668,1983,4
1669,1641,4
1669,1670,4
1669,1983,4
1670,1669,4
1670,1675,4
1670,1827,4
1671,224,4
1671,1667,4
1671,1677,4
1672,1673,4
1672,1723,4
1672,1750,4
1673,1277,4
1673,1672,4
1673,1866,4
1674,1371,4
1674,1676,4
1674,1767,4
1675,1522,4
1675,1670,4
1675,1983,4
1676,1674,4
1676,1732,4
1676,1922,4
1677,566,4
1677,1665,4
1677,1671,4
1678,955,4
1678,1769,4
1678,1834,4
1679,1684,4
1679,1688,4
1679,1974,4
1680,1571,4
1680,1681,4
1680,1962,4
1681,260,4
1681,1680,4
1681,1805,4
1682,277,4
1682,1683,4
1682,1961,4
1683,1583,4
1683,1682,4
1683,1809,4
1684,1679,4
1684,1687,4
1684,1688,4
1685,1589,4
1685,1686,4
1685,1978,4
1686,1685,4
1686,1737,4
1686,1989,4
1687,690,4
1687,691,4
1687,1684,4
1688,1679,4
1688,1684,4
1688,1782,4
1689,1582,4
1689,1692,4
1689,1986,4
1690,385,4
1690,1570,4
1690,1691,4
1691,386,4
1691,1690,4
1691,1796,4
1692,1689,4
1692,1693,4
1692,1929,4
1693,1656,4
1693,1692,4
1693,1699,4
1694,1697,4
1694,1889,4
1694,1933,4
1695,1323,4
1695,1539,4
1695,1704,4
1696,1256,4
1696,1257,4
1696,1608,4
1697,1626,4
1697,1694,4
1697,1996,4
1698,1560,4
1698,1622,4
1698,1997,4
1699,1544,4
1699,1693,4
1699,1700,4
1700,1636,4
1700,1699,4
1700,1701,4
1701,1700,4
1701,1702,4
1701,2000,4
1702,1131,4
1702,1701,4
1702,1703,4
1703,1702,4
1703,1704,4
1703,1928,4
1704,1448,4
1704,1695,4
1704,1703,4
1705,1435,4
1705,1706,4
1705,1723,4
1706,1576,4
1706,1598,4
1706,1705,4
1707,1383,4
1707,1647,4
1707,1992,4
1708,1448,4
1708,1774,4
1708,1906,4
1709,1545,4
1709,1715,4
1709,1906,4
1710,1719,4
1710,1756,4
1710,1757,4
1711,528,4
1711,1647,4
1711,1651,4
1712,1399,4
1712,1713,4
1712,1945,4
1713,1437,4
1713,1712,4
1713,1947,4
1714,412,4
1714,413,4
1714,1647,4
1715,1543,4
1715,1709,4
1715,1906,4
1716,1721,4
1716,1723,4
1716,1837,4
1717,1416,4
1717,1659,4
1717,1997,4
1718,1417,4
1718,1471,4
1718,1780,4
1719,637,4
1719,638,4
1719,1710,4
1720,941,4
1720,1461,4
1720,1789,4
1721,301,4
1721,1716,4
1721,1723,4
1721,1945,4
1722,1097,4
1722,1357,4
1722,1430,4
1722,1725,4
1723,1672,4
1723,1705,4
1723,1716,4
1723,1721,4
1724,99,4
1724,1430,4
1724,1725,4
1724,1812,4
1725,1657,4
1725,1722,4
1725,1724,4
1725,1740,4
1726,1482,4
1726,1586,4
1726,1727,4
1726,1734,4
1727,603,4
1727,1525,4
1727,1726,4
1727,1734,4
1728,834,4
1728,836,4
1728,1816,4
1728,1988,4
1729,755,4
1729,780,4
1729,1054,4
1729,1989,4
1730,109,4
1730,1092,4
1730,1468,4
1730,1773,4
1731,514,4
1731,515,4
1731,1438,4
1731,1789,4
1732,1676,4
1732,1733,4
1732,1738,4
1732,1830,4
1733,1528,4
1733,1732,4
1733,1738,4
1733,1781,4
1734,1726,4
1734,1727,4
1734,1738,4
1734,1739,4
1735,1736,4
1735,1739,4
1735,1788,4
1735,1941,4
1736,136,4
1736,1735,4
1736,1739,4
1736,1834,4
1737,1686,4
1737,1846,4
1737,1847,4
1737,1989,4
1738,1614,4
1738,1732,4
1738,1733,4
1738,1734,4
1739,1734,4
1739,1735,4
1739,1736,4
1739,1885,4
1740,1191,4
1740,1725,4
1740,1741,4
1740,1742,4
1741,1533,4
1741,1740,4
1741,1742,4
1741,1753,4
1742,1659,4
1742,1740,4
1742,1741,4
1742,1747,4
1743,1744,4
1743,1746,4
1743,1825,4
1743,1919,4
1744,1550,4
1744,1743,4
1744,1745,4
1744,1777,4
1745,1744,4
1745,1747,4
1745,1801,4
1745,1888,4
1746,1550,4
1746,1743,4
1746,1747,4
1746,1777,4
1747,1361,4
1747,1742,4
1747,1745,4
1747,1746,4
1748,1572,4
1748,1660,4
1748,1749,4
1748,1750,4
1749,1534,4
1749,1748,4
1749,1750,4
1749,1947,4
1750,1672,4
1750,1748,4
1750,1749,4
1750,1759,4
1751,1250,4
1751,1510,4
1751,1517,4
1751,1752,4
1752,1517,4
1752,1542,4
1752,1751,4
1752,1783,4
1753,1741,4
1753,1754,4
1753,1755,4
1753,1811,4
1754,1629,4
1754,1753,4
1754,1755,4
1754,1778,4
1755,1480,4
1755,1753,4
1755,1754,4
1755,1792,4
1756,1710,4
1756,1757,4
1756,1771,4
1756,1775,4
1757,1450,4
1757,1710,4
1757,1756,4
1757,1780,4
1758,1055,4
1758,1525,4
1758,1529,4
1758,1759,4
1759,1435,4
1759,1529,4
1759,1750,4
1759,1758,4
1760,1761,4
1760,1762,4
1760,1904,4
1760,1999,4
1761,1507,4
1761,1527,4
1761,1760,4
1761,1762,4
1762,514,4
1762,1459,4
1762,1760,4
1762,1761,4
1763,1764,4
1763,1765,4
1763,1773,4
1763,1783,4
1764,1505,4
1764,1763,4
1764,1765,4
1764,1890,4
1765,1353,4
1765,1358,4
1765,1763,4
1765,1764,4
1766,554,4
1766,1767,4
1766,1768,4
1766,1990,4
1767,1674,4
1767,1766,4
1767,1768,4
1767,1903,4
1768,524,4
1768,1559,4
1768,1766,4
1768,1767,4
1769,1678,4
1769,1771,4
1769,1772,4
1769,1838,4
1770,1137,4
1770,1830,4
1770,1831,4
1770,1992,4
1771,807,4
1771,1756,4
1771,1769,4
1771,1772,4
1772,1769,4
1772,1771,4
1772,1792,4
1772,1814,4
1773,1730,4
1773,1763,4
1773,1774,4
1773,1775,4
1774,1708,4
1774,1773,4
1774,1775,4
1774,1945,4
1775,1756,4
1775,1773,4
1775,1774,4
1775,1787,4
1776,1645,4
1776,1777,4
1776,1960,4
1776,1980,4
1777,1744,4
1777,1746,4
1777,1776,4
1777,1958,4
1778,1147,4
1778,1148,4
1778,1754,4
1778,1915,4
1779,1304,4
1779,1782,4
1779,1919,4
1779,1958,4
1780,1718,4
1780,1757,4
1780,1907,4
1780,1961,4
1781,1528,4
1781,1733,4
1781,1782,4
1781,1958,4
1782,1688,4
1782,1779,4
1782,1781,4
1782,1892,4
1783,1638,4
1783,1752,4
1783,1763,4
1783,1785,4
1784,853,4
1784,1617,4
1784,1878,4
1784,1954,4
1785,1517,4
1785,1638,4
1785,1783,4
1785,1917,4
1786,1300,4
1786,1787,4
1786,1788,4
1786,1811,4
1787,1775,4
1787,1786,4
1787,1788,4
1787,1795,4
1788,1735,4
1788,1786,4
1788,1787,4
1788,1999,4
1789,1720,4
1789,1731,4
1789,1790,4
1789,1791,4
1790,1513,4
1790,1789,4
1790,1791,4
1790,1885,4
1791,1632,4
1791,1789,4
1791,1790,4
1791,1980,4
1792,1755,4
1792,1772,4
1792,1793,4
1792,1794,4
1793,1588,4
1793,1792,4
1793,1794,4
1793,1979,4
1794,1474,4
1794,1792,4
1794,1793,4
1794,1959,4
1795,1787,4
1795,1796,4
1795,1799,4
1795,1801,4
1796,1691,4
1796,1795,4
1796,1799,4
1796,1983,4
1797,255,4
1797,1471,4
1797,1798,4
1797,1800,4
1798,1355,4
1798,1797,4
1798,1800,4
1798,1955,4
1799,1795,4
1799,1796,4
1799,1881,4
1799,1920,4
1800,1797,4
1800,1798,4
1800,1881,4
1800,1920,4
1801,1482,4
1801,1745,4
1801,1795,4
1801,1803,4
1802,1462,4
1802,1482,4
1802,1803,4
1802,1998,4
1803,1801,4
1803,1802,4
1803,1894,4
1803,1994,4
1804,320,4
1804,1805,4
1804,1950,4
1804,1951,4
1805,1654,4
1805,1681,4
1805,1804,4
1805,1950,4
1806,1807,4
1806,1950,4
1806,1967,4
1806,1996,4
1807,1438,4
1807,1806,4
1807,1808,4
1807,1887,4
1808,1807,4
1808,1809,4
1808,1844,4
1808,1976,4
1809,1621,4
1809,1683,4
1809,1808,4
1809,1810,4
1810,1809,4
1810,1811,4
1810,1887,4
1810,1893,4
1811,1753,4
1811,1786,4
1811,1810,4
1811,1813,4
1812,940,4
1812,942,4
1812,1724,4
1812,1877,4
1813,1811,4
1813,1814,4
1813,1864,4
1813,1983,4
1814,1772,4
1814,1813,4
1814,1815,4
1814,1923,4
1815,1814,4
1815,1816,4
1815,1849,4
1815,1994,4
1816,1728,4
1816,1815,4
1816,1817,4
1816,1984,4
1817,1542,4
1817,1816,4
1817,1818,4
1817,1949,4
1818,1817,4
1818,1819,4
1818,1839,4
1818,1877,4
1819,1450,4
1819,1818,4
1819,1820,4
1819,1913,4
1820,1447,4
1820,1819,4
1820,1822,4
1820,1862,4
1821,845,4
1821,846,4
1821,1836,4
1821,1870,4
1822,1820,4
1822,1826,4
1822,1886,4
1822,1986,4
1823,74,4
1823,75,4
1823,1388,4
1823,1997,4
1824,177,4
1824,1512,4
1824,1513,4
1824,1970,4
1825,561,4
1825,562,4
1825,1743,4
1825,1943,4
1826,1822,4
1826,1827,4
1826,1942,4
1826,1988,4
1827,1670,4
1827,1826,4
1827,1828,4
1827,1983,4
1828,1164,4
1828,1827,4
1828,1829,4
1828,1962,4
1829,705,4
1829,1828,4
1829,1830,4
1829,1985,4
1830,1454,4
1830,1732,4
1830,1770,4
1830,1829,4
1831,1770,4
1831,1832,4
1831,1851,4
1831,1985,4
1832,1831,4
1832,1833,4
1832,1946,4
1832,1993,4
1833,1492,4
1833,1501,4
1833,1832,4
1833,1834,4
1834,1678,4
1834,1736,4
1834,1833,4
1834,1835,4
1835,1514,4
1835,1834,4
1835,1836,4
1835,1923,4
1836,1821,4
1836,1835,4
1836,1837,4
1836,1870,4
1837,1716,4
1837,1836,4
1837,1839,4
1837,1902,4
1838,1185,4
1838,1186,4
1838,1769,4
1838,1845,4
1839,1818,4
1839,1837,4
1839,1912,4
1839,1935,4
1840,1841,4
1840,1910,4
1840,1935,4
1840,1972,4
1841,1840,4
1841,1852,4
1841,1935,4
1841,1949,4
1842,1505,4
1842,1843,4
1842,1845,4
1842,1902,4
1843,316,4
1843,1842,4
1843,1845,4
1843,1915,4
1844,414,4
1844,416,4
1844,1808,4
1844,1976,4
1845,1193,4
1845,1838,4
1845,1842,4
1845,1843,4
1846,1581,4
1846,1737,4
1846,1851,4
1846,1931,4
1847,1737,4
1847,1851,4
1847,1856,4
1847,1966,4
1848,1849,4
1848,1852,4
1848,1960,4
1848,1996,4
1849,1815,4
1849,1848,4
1849,1852,4
1849,1994,4
1850,889,4
1850,1619,4
1850,1853,4
1850,1854,4
1851,1831,4
1851,1846,4
1851,1847,4
1851,1985,4
1852,1841,4
1852,1848,4
1852,1849,4
1852,1860,4
1853,1115,4
1853,1850,4
1853,1854,4
1853,1971,4
1854,1005,4
1854,1850,4
1854,1853,4
1854,1985,4
1855,1040,4
1855,1856,4
1855,1857,4
1855,1860,4
1856,1847,4
1856,1855,4
1856,1857,4
1856,1966,4
1857,101,4
1857,1855,4
1857,1856,4
1857,1972,4
1858,601,4
1858,1860,4
1858,1862,4
1858,1875,4
1859,639,4
1859,640,4
1859,1018,4
1859,1171,4
1859,1916,4
1860,1852,4
1860,1855,4
1860,1858,4
1860,1862,4
1860,1876,4
1861,1472,4
1861,1863,4
1861,1913,4
1861,1992,4
1861,1993,4
1862,1496,4
1862,1820,4
1862,1858,4
1862,1860,4
1862,1996,4
1863,1386,4
1863,1861,4
1863,1907,4
1863,1992,4
1863,1993,4
1864,1813,4
1864,1867,4
1864,1871,4
1864,1973,4
1864,1983,4
1865,1866,4
1865,1868,4
1865,1873,4
1865,1944,4
1865,1955,4
1866,1504,4
1866,1673,4
1866,1865,4
1866,1868,4
1866,1873,4
1867,1864,4
1867,1871,4
1867,1883,4
1867,1897,4
1867,1993,4
1868,1457,4
1868,1865,4
1868,1866,4
1868,1873,4
1868,1922,4
1869,1346,4
1869,1518,4
1869,1874,4
1869,1877,4
1869,1992,4
1870,1580,4
1870,1821,4
1870,1836,4
1870,1961,4
1870,2000,4
1871,1103,4
1871,1864,4
1871,1867,4
1871,1912,4
1871,1972,4
1872,1463,4
1872,1483,4
1872,1485,4
1872,1486,4
1872,1917,4
1873,1865,4
1873,1866,4
1873,1868,4
1873,1935,4
1873,1940,4
1874,1595,4
1874,1869,4
1874,1877,4
1874,1924,4
1874,1926,4
1875,1858,4
1875,1878,4
1875,1879,4
1875,1890,4
1875,1953,4
1876,175,4
1876,728,4
1876,1860,4
1876,1938,4
1876,1952,4
1877,1812,4
1877,1818,4
1877,1869,4
1877,1874,4
1877,1912,4
1878,1784,4
1878,1875,4
1878,1879,4
1878,1890,4
1878,1954,4
1879,1485,4
1879,1875,4
1879,1878,4
1879,1890,4
1879,1931,4
1880,161,4
1880,1881,4
1880,1883,4
1880,1888,4
1880,1968,4
1881,1538,4
1881,1799,4
1881,1800,4
1881,1880,4
1881,1883,4
1882,1885,4
1882,1886,4
1882,1892,4
1882,1904,4
1882,1999,4
1883,1867,4
1883,1880,4
1883,1881,4
1883,1946,4
1883,1993,4
1884,1,4
1884,6,4
1884,1127,4
1884,1639,4
1884,1936,4
1885,1739,4
1885,1790,4
1885,1882,4
1885,1886,4
1885,1892,4
1886,1822,4
1886,1882,4
1886,1885,4
1886,1892,4
1886,1986,4
1887,282,4
1887,283,4
1887,1807,4
1887,1810,4
1887,1958,4
1888,1745,4
1888,1880,4
1888,1889,4
1888,1896,4
1888,1968,4
1889,1694,4
1889,1888,4
1889,1896,4
1889,1914,4
1889,1940,4
1890,1764,4
1890,1875,4
1890,1878,4
1890,1879,4
1890,1892,4
1891,1037,4
1891,1384,4
1891,1900,4
1891,1907,4
1891,1963,4
1892,1782,4
1892,1882,4
1892,1885,4
1892,1886,4
1892,1890,4
1893,574,4
1893,1810,4
1893,1903,4
1893,1930,4
1893,1939,4
1894,1803,4
1894,1895,4
1894,1899,4
1894,1955,4
1894,1974,4
1895,1165,4
1895,1497,4
1895,1894,4
1895,1899,4
1895,1974,4
1896,410,4
1896,1619,4
1896,1888,4
1896,1889,4
1896,1995,4
1897,1867,4
1897,1898,4
1897,1900,4
1897,1924,4
1897,1926,4
1898,1653,4
1898,1897,4
1898,1900,4
1898,1909,4
1898,1973,4
1899,1894,4
1899,1895,4
1899,1927,4
1899,1950,4
1899,1974,4
1900,380,4
1900,1384,4
1900,1891,4
1900,1897,4
1900,1898,4
1901,1509,4
1901,1580,4
1901,1908,4
1901,1910,4
1901,1974,4
1902,41,4
1902,1837,4
1902,1842,4
1902,1904,4
1902,1909,4
1903,454,4
1903,1767,4
1903,1893,4
1903,1925,4
1903,1939,4
1904,1760,4
1904,1882,4
1904,1902,4
1904,1909,4
1904,1941,4
1905,114,4
1905,363,4
1905,364,4
1905,1936,4
1905,1990,4
1906,1137,4
1906,1708,4
1906,1709,4
1906,1715,4
1906,1992,4
1907,337,4
1907,1109,4
1907,1780,4
1907,1863,4
1907,1891,4
1908,1901,4
1908,1910,4
1908,1911,4
1908,1960,4
1908,1990,4
1909,1653,4
1909,1898,4
1909,1902,4
1909,1904,4
1909,1959,4
1910,1840,4
1910,1901,4
1910,1908,4
1910,1911,4
1910,1977,4
1911,1099,4
1911,1908,4
1911,1910,4
1911,1913,4
1911,1932,4
1912,1839,4
1912,1871,4
1912,1877,4
1912,1914,4
1912,1915,4
1913,1819,4
1913,1861,4
1913,1911,4
1913,1916,4
1913,1917,4
1914,404,4
1914,1889,4
1914,1912,4
1914,1915,4
1914,1933,4
1915,1778,4
1915,1843,4
1915,1912,4
1915,1914,4
1915,1950,4
1916,1859,4
1916,1913,4
1916,1917,4
1916,1918,4
1916,1981,4
1917,1785,4
1917,1872,4
1917,1913,4
1917,1916,4
1917,1918,4
1918,1470,4
1918,1916,4
1918,1917,4
1918,1919,4
1918,1977,4
1919,1743,4
1919,1779,4
1919,1918,4
1919,1920,4
1919,1921,4
1919,1986,4
1920,1427,4
1920,1799,4
1920,1800,4
1920,1919,4
1920,1921,4
1920,1922,4
1921,1581,4
1921,1584,4
1921,1600,4
1921,1919,4
1921,1920,4
1921,1922,4
1922,1457,4
1922,1676,4
1922,1868,4
1922,1920,4
1922,1921,4
1922,1926,4
1923,1814,4
1923,1835,4
1923,1924,4
1923,1925,4
1923,1926,4
1923,1971,4
1924,1564,4
1924,1874,4
1924,1897,4
1924,1923,4
1924,1925,4
1924,1927,4
1925,1903,4
1925,1923,4
1925,1924,4
1925,1927,4
1925,1937,4
1925,1968,4
1926,759,4
1926,1874,4
1926,1897,4
1926,1922,4
1926,1923,4
1926,1927,4
1927,1899,4
1927,1924,4
1927,1925,4
1927,1926,4
1927,1950,4
1927,1989,4
1928,740,4
1928,1510,4
1928,1703,4
1928,1930,4
1928,1931,4
1928,1933,4
1929,1029,4
1929,1184,4
1929,1596,4
1929,1692,4
1929,1959,4
1929,1963,4
1930,486,4
1930,1893,4
1930,1928,4
1930,1931,4
1930,1933,4
1930,1934,4
1931,1396,4
1931,1846,4
1931,1879,4
1931,1928,4
1931,1930,4
1931,1933,4
1932,1558,4
1932,1596,4
1932,1911,4
1932,1934,4
1932,1937,4
1932,1940,4
1933,1694,4
1933,1914,4
1933,1928,4
1933,1930,4
1933,1931,4
1933,1991,4
1934,1295,4
1934,1930,4
1934,1932,4
1934,1937,4
1934,1940,4
1934,1958,4
1935,1516,4
1935,1839,4
1935,1840,4
1935,1841,4
1935,1873,4
1935,1991,4
1936,23,4
1936,1610,4
1936,1884,4
1936,1905,4
1936,1969,4
1936,1990,4
1937,1635,4
1937,1925,4
1937,1932,4
1937,1934,4
1937,1940,4
1937,1968,4
1938,420,4
1938,486,4
1938,1876,4
1938,1952,4
1938,1970,4
1938,1974,4
1939,214,4
1939,1376,4
1939,1391,4
1939,1537,4
1939,1893,4
1939,1903,4
1940,1873,4
1940,1889,4
1940,1932,4
1940,1934,4
1940,1937,4
1940,1991,4
1941,1735,4
1941,1904,4
1941,1942,4
1941,1943,4
1941,1944,4
1941,1999,4
1942,1826,4
1942,1941,4
1942,1943,4
1942,1944,4
1942,1984,4
1942,1988,4
1943,233,4
1943,1825,4
1943,1941,4
1943,1942,4
1943,1944,4
1943,1986,4
1944,1865,4
1944,1941,4
1944,1942,4
1944,1943,4
1944,1955,4
1944,1975,4
1945,1712,4
1945,1721,4
1945,1774,4
1945,1946,4
1945,1947,4
1945,1948,4
1946,1832,4
1946,1883,4
1946,1945,4
1946,1947,4
1946,1948,4
1946,1993,4
1947,1467,4
1947,1713,4
1947,1749,4
1947,1945,4
1947,1946,4
1947,1948,4
1948,1604,4
1948,1945,4
1948,1946,4
1948,1947,4
1948,1951,4
1948,1998,4
1949,1817,4
1949,1841,4
1949,1951,4
1949,1955,4
1949,1957,4
1949,1985,4
1950,1804,4
1950,1805,4
1950,1806,4
1950,1899,4
1950,1915,4
1950,1927,4
1951,694,4
1951,1804,4
1951,1948,4
1951,1949,4
1951,1955,4
1951,1957,4
1952,15,4
1952,743,4
1952,1432,4
1952,1549,4
1952,1662,4
1952,1876,4
1952,1938,4
1953,82,4
1953,1523,4
1953,1597,4
1953,1875,4
1953,1960,4
1953,1965,4
1953,1980,4
1954,1784,4
1954,1878,4
1954,1962,4
1954,1964,4
1954,1976,4
1954,1990,4
1954,1995,4
1955,1798,4
1955,1865,4
1955,1894,4
1955,1944,4
1955,1949,4
1955,1951,4
1955,1957,4
1956,280,4
1956,1341,4
1956,1422,4
1956,1497,4
1956,1558,4
1956,1966,4
1956,1979,4
1957,1437,4
1957,1467,4
1957,1534,4
1957,1658,4
1957,1949,4
1957,1951,4
1957,1955,4
1958,637,4
1958,1418,4
1958,1777,4
1958,1779,4
1958,1781,4
1958,1887,4
1958,1934,4
1959,278,4
1959,968,4
1959,1794,4
1959,1909,4
1959,1929,4
1959,1963,4
1959,1973,4
1960,1776,4
1960,1848,4
1960,1908,4
1960,1953,4
1960,1965,4
1960,1967,4
1960,1980,4
1961,648,4
1961,1492,4
1961,1634,4
1961,1682,4
1961,1780,4
1961,1870,4
1961,1994,4
1962,1664,4
1962,1680,4
1962,1828,4
1962,1954,4
1962,1964,4
1962,1990,4
1962,1995,4
1963,746,4
1963,1472,4
1963,1473,4
1963,1637,4
1963,1891,4
1963,1929,4
1963,1959,4
1964,422,4
1964,1294,4
1964,1420,4
1964,1954,4
1964,1962,4
1964,1971,4
1964,1972,4
1965,244,4
1965,415,4
1965,1530,4
1965,1953,4
1965,1960,4
1965,1980,4
1965,1987,4
1966,1487,4
1966,1847,4
1966,1856,4
1966,1956,4
1966,1979,4
1966,1986,4
1966,1991,4
1967,126,4
1967,1606,4
1967,1806,4
1967,1960,4
1967,1968,4
1967,1970,4
1967,1976,4
1968,1880,4
1968,1888,4
1968,1925,4
1968,1937,4
1968,1967,4
1968,1970,4
1968,1976,4
1969,102,4
1969,1391,4
1969,1537,4
1969,1607,4
1969,1936,4
1969,1974,4
1969,1983,4
1970,447,4
1970,1607,4
1970,1627,4
1970,1824,4
1970,1938,4
1970,1967,4
1970,1968,4
1970,1976,4
1971,237,4
1971,1120,4
1971,1853,4
1971,1923,4
1971,1964,4
1971,1972,4
1971,1973,4
1971,1975,4
1972,1840,4
1972,1857,4
1972,1871,4
1972,1964,4
1972,1971,4
1972,1973,4
1972,1975,4
1972,1977,4
1973,62,4
1973,1864,4
1973,1898,4
1973,1959,4
1973,1971,4
1973,1972,4
1973,1975,4
1973,1977,4
1974,103,4
1974,1679,4
1974,1894,4
1974,1895,4
1974,1899,4
1974,1901,4
1974,1938,4
1974,1969,4
1975,405,4
1975,449,4
1975,1351,4
1975,1944,4
1975,1971,4
1975,1972,4
1975,1973,4
1975,1977,4
1976,1215,4
1976,1242,4
1976,1808,4
1976,1844,4
1976,1954,4
1976,1967,4
1976,1968,4
1976,1970,4
1977,1470,4
1977,1910,4
1977,1918,4
1977,1972,4
1977,1973,4
1977,1975,4
1977,1978,4
1977,1981,4
1978,323,4
1978,1264,4
1978,1265,4
1978,1685,4
1978,1977,4
1978,1981,4
1978,1984,4
1978,1985,4
1979,227,4
1979,1491,4
1979,1588,4
1979,1661,4
1979,1793,4
1979,1956,4
1979,1966,4
1979,1986,4
1980,1456,4
1980,1632,4
1980,1776,4
1980,1791,4
1980,1953,4
1980,1960,4
1980,1965,4
1980,1986,4
1981,40,4
1981,1035,4
1981,1102,4
1981,1252,4
1981,1916,4
1981,1977,4
1981,1978,4
1981,1984,4
1981,1985,4
1982,1427,4
1982,1509,4
1982,1562,4
1982,1580,4
1982,1987,4
1982,1988,4
1982,1994,4
1982,1996,4
1982,1997,4
1983,781,4
1983,1668,4
1983,1669,4
1983,1675,4
1983,1796,4
1983,1813,4
1983,1827,4
1983,1864,4
1983,1969,4
1984,139,4
1984,895,4
1984,1816,4
1984,1942,4
1984,1978,4
1984,1981,4
1984,1985,4
1984,1988,4
1984,1989,4
1985,1829,4
1985,1831,4
1985,1851,4
1985,1854,4
1985,1949,4
1985,1978,4
1985,1981,4
1985,1984,4
1985,1989,4
1986,319,4
1986,1689,4
1986,1822,4
1986,1886,4
1986,1919,4
1986,1943,4
1986,1966,4
1986,1979,4
1986,1980,4
1987,1145,4
1987,1349,4
1987,1352,4
1987,1965,4
1987,1982,4
1987,1988,4
1987,1990,4
1987,1995,4
1987,1996,4
1988,690,4
1988,1728,4
1988,1826,4
1988,1942,4
1988,1982,4
1988,1984,4
1988,1987,4
1988,1990,4
1988,1995,4
1988,1996,4
1989,1375,4
1989,1479,4
1989,1554,4
1989,1686,4
1989,1729,4
1989,1737,4
1989,1927,4
1989,1984,4
1989,1985,4
1989,1992,4
1989,1993,4
1990,1289,4
1990,1610,4
1990,1766,4
1990,1905,4
1990,1908,4
1990,1936,4
1990,1954,4
1990,1962,4
1990,1987,4
1990,1988,4
1990,1995,4
1991,1404,4
1991,1933,4
1991,1935,4
1991,1940,4
1991,1966,4
1991,1994,4
1991,1996,4
1991,1997,4
1991,1998,4
1991,1999,4
1991,2000,4
1992,798,4
1992,1502,4
1992,1577,4
1992,1623,4
1992,1707,4
1992,1770,4
1992,1861,4
1992,1863,4
1992,1869,4
1992,1906,4
1992,1989,4
1992,1993,4
1993,420,4
1993,453,4
1993,1548,4
1993,1564,4
1993,1832,4
1993,1861,4
1993,1863,4
1993,1867,4
1993,1883,4
1993,1946,4
1993,1989,4
1993,1992,4
1994,474,4
1994,1551,4
1994,1803,4
1994,1815,4
1994,1849,4
1994,1961,4
1994,1982,4
1994,1991,4
1994,1996,4
1994,1997,4
1994,1998,4
1994,1999,4
1995,614,4
1995,835,4
1995,889,4
1995,901,4
1995,977,4
1995,1360,4
1995,1615,4
1995,1896,4
1995,1954,4
1995,1962,4
1995,1987,4
1995,1988,4
1995,1990,4
1996,1372,4
1996,1626,4
1996,1652,4
1996,1697,4
1996,1806,4
1996,1848,4
1996,1862,4
1996,1982,4
1996,1987,4
1996,1988,4
1996,1991,4
1996,1994,4
1996,1997,4
1997,196,4
1997,862,4
1997,1089,4
1997,1225,4
1997,1601,4
1997,1698,4
1997,1717,4
1997,1823,4
1997,1982,4
1997,1991,4
1997,1994,4
1997,1996,4
1997,1998,4
1997,1999,4
1998,559,4
1998,773,4
1998,838,4
1998,950,4
1998,962,4
1998,1210,4
1998,1462,4
1998,1563,4
1998,1802,4
1998,1948,4
1998,1991,4
1998,1994,4
1998,1997,4
1998,1999,4
1998,2000,4
1999,461,4
1999,885,4
1999,1014,4
1999,1050,4
1999,1407,4
1999,1578,4
1999,1663,4
1999,1760,4
1999,1788,4
1999,1882,4
1999,1941,4
1999,1991,4
1999,1994,4
1999,1997,4
1999,1998,4
1999,2000,4
2000,922,4
2000,1156,4
2000,1256,4
2000,1319,4
2000,1546,4
2000,1583,4
2000,1643,4
2000,1649,4
2000,1655,4
2000,1701,4
2000,1870,4
2000,1991,4
2000,1998,4
2000,1999,4
1,2,5
1,169,5
2,1,5
3,4,5
3,19,5
4,3,5
4,87,5
5,43,5
5,1882,5
6,7,5
6,63,5
7,6,5
7,1646,5
8,10,5
8,17,5
9,82,5
9,1062,5
10,8,5
10,16,5
11,12,5
11,57,5
12,11,5
12,118,5
13,70,5
13,1305,5
14,15,5
14,288,5
15,14,5
15,23,5
16,10,5
16,695,5
17,8,5
17,18,5
18,17,5
18,20,5
19,3,5
19,20,5
20,18,5
20,19,5
21,22,5
21,254,5
22,21,5
22,39,5
23,15,5
23,24,5
24,23,5
24,111,5
25,26,5
25,56,5
26,25,5
26,106,5
27,29,5
27,1913,5
28,29,5
28,1829,5
29,27,5
29,28,5
30,31,5
30,86,5
31,30,5
31,46,5
32,33,5
32,49,5
33,32,5
33,654,5
34,35,5
34,1077,5
35,34,5
35,178,5
36,37,5
36,104,5
37,36,5
37,1240,5
38,39,5
38,1990,5
39,22,5
39,38,5
40,41,5
40,223,5
41,40,5
41,1902,5
42,43,5
42,162,5
43,5,5
43,42,5
44,45,5
44,360,5
45,44,5
45,149,5
46,31,5
46,48,5
47,216,5
47,1245,5
48,46,5
48,1964,5
49,32,5
49,50,5
50,49,5
50,52,5
51,52,5
51,1518,5
52,50,5
52,51,5
53,331,5
53,471,5
54,55,5
54,100,5
55,54,5
55,1995,5
56,25,5
56,57,5
57,11,5
57,56,5
58,60,5
58,1998,5
59,84,5
59,1765,5
60,58,5
60,68,5
61,62,5
61,1922,5
62,61,5
62,127,5
63,6,5
63,1656,5
64,1529,5
64,1579,5
65,66,5
65,136,5
66,65,5
66,141,5
67,68,5
67,1800,5
68,60,5
68,67,5
69,70,5
69,184,5
70,13,5
70,69,5
71,94,5
71,1033,5
72,76,5
72,1946,5
73,74,5
73,951,5
74,73,5
74,1998,5
75,77,5
75,233,5
76,72,5
76,817,5
77,75,5
77,88,5
78,79,5
78,154,5
79,78,5
79,160,5
80,851,5
80,1998,5
81,82,5
81,1181,5
82,9,5
82,81,5
83,84,5
83,212,5
84,59,5
84,83,5
85,87,5
85,91,5
86,30,5
86,1359,5
87,4,5
87,85,5
88,77,5
88,331,5
89,90,5
89,117,5
90,89,5
90,93,5
91,85,5
91,182,5
92,93,5
92,203,5
93,90,5
93,92,5
94,71,5
94,96,5
95,994,5
95,1278,5
96,94,5
96,206,5
97,98,5
97,109,5
98,97,5
98,135,5
99,1060,5
99,1470,5
100,54,5
100,101,5
101,100,5
101,156,5
102,103,5
102,1184,5
103,102,5
103,1974,5
104,36,5
104,105,5
105,104,5
105,137,5
106,26,5
106,1775,5
107,205,5
107,1775,5
108,109,5
108,246,5
109,97,5
109,108,5
110,111,5
110,112,5
111,24,5
111,110,5
112,110,5
112,113,5
113,112,5
113,230,5
114,116,5
114,186,5
115,117,5
115,1572,5
116,114,5
116,920,5
117,89,5
117,115,5
118,12,5
118,119,5
119,118,5
119,1473,5
120,121,5
120,166,5
121,120,5
121,142,5
122,123,5
122,1556,5
123,122,5
123,143,5
124,125,5
124,1431,5
125,124,5
125,128,5
126,127,5
126,265,5
127,62,5
127,126,5
128,125,5
128,129,5
129,128,5
129,133,5
130,131,5
130,309,5
131,130,5
131,159,5
132,333,5
132,1268,5
133,129,5
133,134,5
134,133,5
134,171,5
135,98,5
135,1809,5
136,65,5
136,1809,5
137,105,5
137,789,5
138,139,5
138,1794,5
139,138,5
139,144,5
140,141,5
140,213,5
141,66,5
141,140,5
142,121,5
142,143,5
143,123,5
143,142,5
144,139,5
144,145,5
145,144,5
145,1116,5
146,222,5
146,1460,5
147,209,5
147,1460,5
148,149,5
148,207,5
149,45,5
149,148,5
150,152,5
150,440,5
151,1517,5
151,1917,5
152,150,5
152,1298,5
153,154,5
153,163,5
154,78,5
154,153,5
155,156,5
155,187,5
156,101,5
156,155,5
157,229,5
157,1670,5
158,1603,5
158,1670,5
159,131,5
159,160,5
160,79,5
160,159,5
161,173,5
161,1971,5
162,42,5
162,163,5
163,153,5
163,162,5
164,165,5
164,307,5
165,164,5
165,251,5
166,120,5
166,167,5
167,166,5
167,439,5
168,169,5
168,273,5
169,1,5
169,168,5
170,171,5
170,324,5
171,134,5
171,170,5
172,173,5
172,1927,5
173,161,5
173,172,5
174,175,5
174,190,5
175,174,5
175,193,5
176,177,5
176,198,5
177,176,5
177,194,5
178,35,5
178,179,5
179,178,5
179,256,5
180,181,5
180,446,5
181,180,5
181,458,5
182,91,5
182,1589,5
183,422,5
183,1716,5
184,69,5
184,185,5
185,184,5
185,304,5
186,114,5
186,187,5
187,155,5
187,186,5
188,190,5
188,191,5
189,792,5
189,1497,5
190,174,5
190,188,5
191,188,5
191,192,5
192,191,5
192,1773,5
193,175,5
193,194,5
194,177,5
194,193,5
195,196,5
195,237,5
196,195,5
196,201,5
197,198,5
197,767,5
198,176,5
198,197,5
199,238,5
199,1933,5
200,201,5
200,482,5
201,196,5
201,200,5
202,204,5
202,211,5
203,92,5
203,205,5
204,202,5
204,234,5
205,107,5
205,203,5
206,96,5
206,207,5
207,148,5
207,206,5
208,209,5
208,513,5
209,147,5
209,208,5
210,797,5
210,1950,5
211,202,5
211,1806,5
212,83,5
212,213,5
213,140,5
213,212,5
214,235,5
214,1939,5
215,217,5
215,323,5
216,47,5
216,1057,5
217,215,5
217,231,5
218,219,5
218,355,5
219,218,5
219,252,5
220,1705,5
220,1810,5
221,310,5
221,1810,5
222,146,5
222,223,5
223,40,5
223,222,5
224,281,5
224,1384,5
225,226,5
225,279,5
226,225,5
226,228,5
227,228,5
227,1979,5
228,226,5
228,227,5
229,157,5
229,231,5
230,113,5
230,1059,5
231,217,5
231,229,5
232,233,5
232,615,5
233,75,5
233,232,5
234,204,5
234,235,5
235,214,5
235,234,5
236,237,5
236,382,5
237,195,5
237,236,5
238,199,5
238,240,5
239,1239,5
239,1999,5
240,238,5
240,754,5
241,296,5
241,1215,5
242,243,5
242,275,5
243,242,5
243,269,5
244,245,5
244,1968,5
245,244,5
245,292,5
246,108,5
246,646,5
247,263,5
247,318,5
248,403,5
248,1142,5
249,250,5
249,257,5
250,249,5
250,299,5
251,165,5
251,252,5
252,219,5
252,251,5
253,254,5
253,297,5
254,21,5
254,253,5
255,256,5
255,342,5
256,179,5
256,255,5
257,249,5
257,258,5
258,257,5
258,271,5
259,260,5
259,308,5
260,259,5
260,329,5
261,262,5
261,435,5
262,261,5
262,419,5
263,247,5
263,358,5
264,265,5
264,321,5
265,126,5
265,264,5
266,267,5
266,339,5
267,266,5
267,286,5
268,269,5
268,274,5
269,243,5
269,268,5
270,271,5
270,289,5
271,258,5
271,270,5
272,273,5
272,332,5
273,168,5
273,272,5
274,268,5
274,275,5
275,242,5
275,274,5
276,341,5
276,356,5
277,278,5
277,282,5
278,277,5
278,361,5
279,225,5
279,1887,5
280,360,5
280,1983,5
281,224,5
281,1887,5
282,277,5
282,1886,5
283,284,5
283,984,5
284,283,5
284,343,5
285,286,5
285,326,5
286,267,5
286,285,5
287,288,5
287,472,5
288,14,5
288,287,5
289,270,5
289,290,5
290,289,5
290,1128,5
291,292,5
291,1739,5
292,245,5
292,291,5
293,294,5
293,301,5
294,293,5
294,1374,5
295,297,5
295,998,5
296,241,5
296,1168,5
297,253,5
297,295,5
298,299,5
298,303,5
299,250,5
299,298,5
300,301,5
300,315,5
301,293,5
301,300,5
302,304,5
302,736,5
303,298,5
303,1292,5
304,185,5
304,302,5
305,306,5
305,316,5
306,305,5
306,350,5
307,164,5
307,308,5
308,259,5
308,307,5
309,130,5
309,310,5
310,221,5
310,309,5
311,312,5
311,428,5
312,311,5
312,372,5
313,398,5
313,864,5
314,315,5
314,327,5
315,300,5
315,314,5
316,305,5
316,317,5
317,316,5
317,336,5
318,247,5
318,320,5
319,335,5
319,768,5
320,318,5
320,1998,5
321,264,5
321,322,5
322,321,5
322,352,5
323,215,5
323,324,5
324,170,5
324,323,5
325,326,5
325,1956,5
326,285,5
326,325,5
327,314,5
327,328,5
328,327,5
328,370,5
329,260,5
329,330,5
330,329,5
330,1756,5
331,53,5
331,88,5
332,272,5
332,333,5
333,132,5
333,332,5
334,335,5
334,337,5
335,319,5
335,334,5
336,317,5
336,1770,5
337,334,5
337,1774,5
338,603,5
338,1883,5
339,266,5
339,340,5
340,339,5
340,405,5
341,276,5
341,452,5
342,255,5
342,343,5
343,284,5
343,342,5
344,345,5
344,408,5
345,344,5
345,476,5
346,347,5
346,373,5
347,346,5
347,437,5
348,349,5
348,351,5
349,348,5
349,1998,5
350,306,5
350,351,5
351,348,5
351,350,5
352,322,5
352,353,5
353,352,5
353,1718,5
354,355,5
354,664,5
355,218,5
355,354,5
356,276,5
356,357,5
357,356,5
357,410,5
358,263,5
358,361,5
359,375,5
359,1584,5
360,44,5
360,280,5
360,713,5
361,278,5
361,358,5
362,363,5
362,367,5
363,362,5
363,700,5
364,365,5
364,936,5
365,364,5
365,380,5
366,367,5
366,386,5
367,362,5
367,366,5
368,369,5
368,409,5
369,368,5
369,548,5
370,328,5
370,371,5
371,370,5
371,400,5
372,312,5
372,373,5
373,346,5
373,372,5
374,516,5
374,578,5
375,359,5
375,376,5
376,375,5
376,456,5
377,378,5
377,427,5
378,377,5
378,391,5
379,380,5
379,392,5
380,365,5
380,379,5
381,382,5
381,1434,5
382,236,5
382,381,5
383,384,5
383,436,5
384,383,5
384,1308,5
385,386,5
385,441,5
386,366,5
386,385,5
387,388,5
387,1999,5
388,387,5
388,538,5
389,390,5
389,406,5
390,389,5
390,591,5
391,378,5
391,392,5
392,379,5
392,391,5
393,394,5
393,539,5
394,393,5
394,447,5
395,396,5
395,1898,5
396,395,5
396,475,5
397,398,5
397,558,5
398,313,5
398,397,5
399,543,5
399,1688,5
400,371,5
400,1688,5
401,402,5
401,1902,5
402,401,5
402,1510,5
403,248,5
403,404,5
404,403,5
404,463,5
405,340,5
405,406,5
406,389,5
406,405,5
407,434,5
407,1917,5
408,344,5
408,409,5
409,368,5
409,408,5
410,357,5
410,411,5
411,410,5
411,618,5
412,413,5
412,816,5
413,412,5
413,424,5
414,415,5
414,1425,5
415,414,5
415,455,5
416,417,5
416,457,5
417,416,5
417,729,5
418,489,5
418,825,5
419,262,5
419,420,5
420,419,5
420,1938,5
421,422,5
421,1999,5
422,183,5
422,421,5
423,425,5
423,734,5
424,413,5
424,1124,5
425,423,5
425,484,5
426,427,5
426,1632,5
427,377,5
427,426,5
428,311,5
428,429,5
429,428,5
429,583,5
430,431,5
430,1588,5
431,430,5
431,499,5
432,526,5
432,1858,5
433,856,5
433,1858,5
434,407,5
434,435,5
435,261,5
435,434,5
436,383,5
436,437,5
437,347,5
437,436,5
438,439,5
438,504,5
439,167,5
439,438,5
440,150,5
440,441,5
441,385,5
441,440,5
442,460,5
442,809,5
443,501,5
443,1599,5
444,445,5
444,536,5
445,444,5
445,575,5
446,180,5
446,447,5
447,394,5
447,446,5
448,449,5
448,517,5
449,448,5
449,478,5
450,451,5
450,1997,5
451,450,5
451,466,5
452,341,5
452,453,5
453,452,5
453,485,5
454,464,5
454,1896,5
455,415,5
455,1541,5
456,376,5
456,1950,5
457,416,5
457,458,5
458,181,5
458,457,5
459,599,5
459,1922,5
460,442,5
460,462,5
461,1964,5
461,1999,5
462,460,5
462,1999,5
463,404,5
463,464,5
464,454,5
464,463,5
465,466,5
465,1449,5
466,451,5
466,465,5
467,468,5
467,495,5
468,467,5
468,535,5
469,470,5
469,597,5
470,469,5
470,553,5
471,53,5
471,1999,5
472,287,5
472,473,5
473,472,5
473,882,5
474,475,5
474,1994,5
475,396,5
475,474,5
476,345,5
476,477,5
477,476,5
477,507,5
478,449,5
478,479,5
479,478,5
479,1415,5
480,530,5
480,1774,5
481,482,5
481,492,5
482,200,5
482,481,5
483,484,5
483,1107,5
484,425,5
484,483,5
485,453,5
485,1074,5
486,487,5
486,1938,5
487,486,5
487,488,5
488,487,5
488,505,5
489,418,5
489,490,5
490,489,5
490,566,5
491,492,5
491,614,5
492,481,5
492,491,5
493,494,5
493,568,5
494,493,5
494,775,5
495,467,5
495,1948,5
496,497,5
496,508,5
497,496,5
497,544,5
498,499,5
498,557,5
499,431,5
499,498,5
500,501,5
500,551,5
501,443,5
501,500,5
502,503,5
502,598,5
503,502,5
503,541,5
504,438,5
504,505,5
505,488,5
505,504,5
506,507,5
506,667,5
507,477,5
507,506,5
508,496,5
508,509,5
509,508,5
509,622,5
510,511,5
510,835,5
511,510,5
511,561,5
512,513,5
512,514,5
513,208,5
513,512,5
514,512,5
514,515,5
515,514,5
515,1294,5
516,374,5
516,517,5
517,448,5
517,516,5
518,519,5
518,563,5
519,518,5
519,588,5
520,722,5
520,1990,5
521,1053,5
521,1834,5
522,587,5
522,1834,5
523,524,5
523,989,5
524,523,5
524,542,5
525,526,5
525,881,5
526,432,5
526,525,5
527,552,5
527,1862,5
528,545,5
528,1864,5
529,530,5
529,1435,5
530,480,5
530,529,5
531,532,5
531,1744,5
532,531,5
532,1998,5
533,534,5
533,1931,5
534,533,5
534,1154,5
535,468,5
535,536,5
536,444,5
536,535,5
537,538,5
537,550,5
538,388,5
538,537,5
539,393,5
539,540,5
540,539,5
540,604,5
541,503,5
541,542,5
542,524,5
542,541,5
543,399,5
543,914,5
544,497,5
544,1408,5
545,528,5
545,1408,5
546,548,5
546,581,5
547,643,5
547,1276,5
548,369,5
548,546,5
549,551,5
549,564,5
550,537,5
550,552,5
551,500,5
551,549,5
552,527,5
552,550,5
553,470,5
553,554,5
554,553,5
554,642,5
555,556,5
555,573,5
556,555,5
556,1507,5
557,498,5
557,558,5
558,397,5
558,557,5
559,560,5
559,1998,5
560,559,5
560,1586,5
561,511,5
561,1962,5
562,563,5
562,1871,5
563,518,5
563,562,5
564,549,5
564,1753,5
565,633,5
565,1753,5
566,490,5
566,1677,5
567,569,5
567,717,5
568,493,5
568,1021,5
569,567,5
569,893,5
570,571,5
570,961,5
571,570,5
571,611,5
572,573,5
572,621,5
573,555,5
573,572,5
574,575,5
574,590,5
575,445,5
575,574,5
576,577,5
576,625,5
577,576,5
577,600,5
578,374,5
578,1172,5
579,581,5
579,668,5
580,1809,5
580,2000,5
581,546,5
581,579,5
582,583,5
582,610,5
583,429,5
583,582,5
584,1792,5
584,1844,5
585,684,5
585,1792,5
586,587,5
586,592,5
587,522,5
587,586,5
588,519,5
588,589,5
589,588,5
589,635,5
590,574,5
590,591,5
591,390,5
591,590,5
592,586,5
592,593,5
593,592,5
593,821,5
594,595,5
594,805,5
595,594,5
595,666,5
596,597,5
596,662,5
597,469,5
597,596,5
598,502,5
598,1879,5
599,459,5
599,600,5
600,577,5
600,599,5
601,641,5
601,1559,5
602,603,5
602,826,5
603,338,5
603,602,5
604,540,5
604,605,5
605,604,5
605,617,5
606,607,5
606,1201,5
607,606,5
607,637,5
608,609,5
608,1858,5
609,608,5
609,626,5
610,582,5
610,611,5
611,571,5
611,610,5
612,613,5
612,670,5
613,612,5
613,652,5
614,491,5
614,1798,5
615,232,5
615,1668,5
616,617,5
616,1937,5
617,605,5
617,616,5
618,411,5
618,1867,5
619,620,5
619,1280,5
620,619,5
620,663,5
621,572,5
621,622,5
622,509,5
622,621,5
623,624,5
623,673,5
624,623,5
624,648,5
625,576,5
625,626,5
626,609,5
626,625,5
627,628,5
627,1018,5
628,627,5
628,644,5
629,630,5
629,646,5
630,629,5
630,1063,5
631,632,5
631,639,5
632,631,5
632,1715,5
633,565,5
633,1498,5
634,721,5
634,1498,5
635,589,5
635,636,5
636,635,5
636,669,5
637,607,5
637,1719,5
638,784,5
638,1719,5
639,631,5
639,640,5
640,639,5
640,678,5
641,601,5
641,642,5
642,554,5
642,641,5
643,547,5
643,644,5
644,628,5
644,643,5
645,647,5
645,1240,5
646,246,5
646,629,5
647,645,5
647,648,5
648,624,5
648,647,5
649,650,5
649,1999,5
650,649,5
650,747,5
651,652,5
651,695,5
652,613,5
652,651,5
653,654,5
653,914,5
654,33,5
654,653,5
655,656,5
655,737,5
656,655,5
656,1997,5
657,658,5
657,671,5
658,657,5
658,718,5
659,660,5
659,907,5
660,659,5
660,770,5
661,662,5
661,715,5
662,596,5
662,661,5
663,620,5
663,664,5
664,354,5
664,663,5
665,666,5
665,829,5
666,595,5
666,665,5
667,506,5
667,668,5
668,579,5
668,667,5
669,636,5
669,670,5
670,612,5
670,669,5
671,657,5
671,672,5
672,671,5
672,690,5
673,623,5
673,1853,5
674,688,5
674,1853,5
675,676,5
675,723,5
676,675,5
676,681,5
677,678,5
677,1989,5
678,640,5
678,677,5
679,697,5
679,1444,5
680,744,5
680,1444,5
681,676,5
681,682,5
682,681,5
682,1999,5
683,684,5
683,705,5
684,585,5
684,683,5
685,686,5
685,1380,5
686,685,5
686,741,5
687,688,5
687,1471,5
688,674,5
688,687,5
689,690,5
689,730,5
690,672,5
690,689,5
691,692,5
691,742,5
692,691,5
692,707,5
693,694,5
693,1999,5
694,693,5
694,773,5
695,16,5
695,651,5
696,697,5
696,1920,5
697,679,5
697,696,5
698,699,5
698,703,5
699,698,5
699,759,5
700,363,5
700,1536,5
701,716,5
701,1536,5
702,703,5
702,1130,5
703,698,5
703,702,5
704,706,5
704,711,5
705,683,5
705,1816,5
706,704,5
706,1789,5
707,692,5
707,708,5
708,707,5
708,780,5
709,710,5
709,793,5
710,709,5
710,819,5
711,704,5
711,712,5
712,711,5
712,746,5
713,360,5
713,771,5
714,715,5
714,1840,5
715,661,5
715,714,5
716,701,5
716,717,5
717,567,5
717,716,5
718,658,5
718,720,5
719,860,5
719,1313,5
720,718,5
720,1978,5
721,634,5
721,722,5
722,520,5
722,721,5
723,675,5
723,1281,5
724,725,5
724,1660,5
725,724,5
725,845,5
726,727,5
726,818,5
727,726,5
727,952,5
728,730,5
728,851,5
729,417,5
729,731,5
730,689,5
730,728,5
731,729,5
731,810,5
732,734,5
732,1149,5
733,783,5
733,1157,5
734,423,5
734,732,5
735,737,5
735,1999,5
736,302,5
736,1397,5
737,655,5
737,735,5
738,944,5
738,1997,5
739,740,5
739,1012,5
740,739,5
740,1928,5
741,686,5
741,742,5
742,691,5
742,741,5
743,744,5
743,1752,5
744,680,5
744,743,5
745,746,5
745,788,5
746,712,5
746,745,5
747,650,5
747,749,5
748,817,5
748,1547,5
749,747,5
749,760,5
750,751,5
750,790,5
751,750,5
751,766,5
752,753,5
752,791,5
753,752,5
753,922,5
754,240,5
754,755,5
755,754,5
755,1906,5
756,757,5
756,802,5
757,756,5
757,1454,5
758,759,5
758,774,5
759,699,5
759,758,5
760,749,5
760,761,5
761,760,5
761,941,5
762,764,5
762,1971,5
763,765,5
763,801,5
764,762,5
764,1859,5
765,763,5
765,1859,5
766,751,5
766,767,5
767,197,5
767,766,5
768,319,5
768,807,5
769,770,5
769,1863,5
770,660,5
770,769,5
771,713,5
771,1291,5
772,1522,5
772,1675,5
773,694,5
773,774,5
774,758,5
774,773,5
775,494,5
775,776,5
776,775,5
776,1003,5
777,778,5
777,822,5
778,777,5
778,854,5
779,794,5
779,1729,5
780,708,5
780,1729,5
781,1046,5
781,1983,5
782,783,5
782,868,5
783,733,5
783,782,5
784,638,5
784,1980,5
785,786,5
785,884,5
786,785,5
786,796,5
787,788,5
787,804,5
788,745,5
788,787,5
789,137,5
789,820,5
790,750,5
790,791,5
791,752,5
791,790,5
792,189,5
792,1823,5
793,709,5
793,794,5
794,779,5
794,793,5
795,796,5
795,954,5
796,786,5
796,795,5
797,210,5
797,1975,5
798,799,5
798,853,5
799,798,5
799,1981,5
800,801,5
800,828,5
801,763,5
801,800,5
802,756,5
802,803,5
803,802,5
803,809,5
804,787,5
804,805,5
805,594,5
805,804,5
806,807,5
806,980,5
807,768,5
807,806,5
808,813,5
808,1947,5
809,442,5
809,803,5
810,731,5
810,811,5
811,810,5
811,880,5
812,813,5
812,1146,5
813,808,5
813,812,5
814,846,5
814,1982,5
815,816,5
815,847,5
816,412,5
816,815,5
817,76,5
817,748,5
818,726,5
818,819,5
819,710,5
819,818,5
820,789,5
820,1927,5
821,593,5
821,822,5
822,777,5
822,821,5
823,824,5
823,913,5
824,823,5
824,826,5
825,418,5
825,964,5
826,602,5
826,824,5
827,828,5
827,916,5
828,800,5
828,827,5
829,665,5
829,830,5
830,829,5
830,1124,5
831,832,5
831,970,5
832,831,5
832,875,5
833,902,5
833,1965,5
834,836,5
834,1055,5
835,510,5
835,1431,5
836,834,5
836,888,5
837,838,5
837,839,5
838,837,5
838,1951,5
839,837,5
839,1071,5
840,843,5
840,1893,5
841,863,5
841,885,5
842,844,5
842,871,5
843,840,5
843,844,5
844,842,5
844,843,5
845,725,5
845,846,5
846,814,5
846,845,5
847,815,5
847,848,5
848,847,5
848,986,5
849,850,5
849,864,5
850,849,5
850,909,5
851,80,5
851,728,5
852,853,5
852,869,5
853,798,5
853,852,5
854,778,5
854,1229,5
855,856,5
855,947,5
856,433,5
856,855,5
857,931,5
857,1944,5
858,940,5
858,1393,5
859,860,5
859,1617,5
860,719,5
860,859,5
861,1405,5
861,1949,5
862,863,5
862,1125,5
863,841,5
863,862,5
864,313,5
864,849,5
865,866,5
865,1397,5
866,865,5
866,886,5
867,869,5
867,892,5
868,782,5
868,870,5
869,852,5
869,867,5
870,868,5
870,1414,5
871,842,5
871,872,5
872,871,5
872,1108,5
873,874,5
873,1726,5
874,873,5
874,1496,5
875,832,5
875,876,5
876,875,5
876,1533,5
877,878,5
877,1062,5
878,877,5
878,1672,5
879,880,5
879,904,5
880,811,5
880,879,5
881,525,5
881,882,5
882,473,5
882,881,5
883,884,5
883,926,5
884,785,5
884,883,5
885,841,5
885,1009,5
886,866,5
886,887,5
887,886,5
887,1047,5
888,836,5
888,890,5
889,1896,5
889,1995,5
890,888,5
890,900,5
891,892,5
891,911,5
892,867,5
892,891,5
893,569,5
893,1058,5
894,895,5
894,897,5
895,894,5
895,933,5
896,924,5
896,1511,5
897,894,5
897,1511,5
898,900,5
898,915,5
899,903,5
899,1269,5
900,890,5
900,898,5
901,977,5
901,1848,5
902,833,5
902,903,5
903,899,5
903,902,5
904,879,5
904,905,5
905,904,5
905,930,5
906,907,5
906,1961,5
907,659,5
907,906,5
908,909,5
908,1981,5
909,850,5
909,908,5
910,911,5
910,1111,5
911,891,5
911,910,5
912,913,5
912,1378,5
913,823,5
913,912,5
914,543,5
914,653,5
915,898,5
915,916,5
916,827,5
916,915,5
917,918,5
917,919,5
918,917,5
918,1025,5
919,917,5
919,920,5
920,116,5
920,919,5
921,922,5
921,973,5
922,753,5
922,921,5
923,924,5
923,929,5
924,896,5
924,923,5
925,926,5
925,939,5
926,883,5
926,925,5
927,928,5
927,978,5
928,927,5
928,1375,5
929,923,5
929,930,5
930,905,5
930,929,5
931,857,5
931,932,5
932,931,5
932,943,5
933,895,5
933,1666,5
934,1015,5
934,1679,5
935,936,5
935,1001,5
936,364,5
936,935,5
937,1506,5
937,1656,5
938,1080,5
938,1506,5
939,925,5
939,940,5
940,858,5
940,939,5
941,761,5
941,1720,5
942,943,5
942,1726,5
943,932,5
943,942,5
944,738,5
944,1079,5
945,955,5
945,1944,5
946,947,5
946,948,5
947,855,5
947,946,5
948,946,5
948,949,5
949,948,5
949,960,5
950,951,5
950,1948,5
951,73,5
951,950,5
952,727,5
952,954,5
953,955,5
953,1024,5
954,795,5
954,952,5
955,945,5
955,953,5
956,957,5
956,974,5
957,956,5
957,1981,5
958,959,5
958,962,5
959,958,5
959,1008,5
960,949,5
960,961,5
961,570,5
961,960,5
962,958,5
962,963,5
963,962,5
963,1016,5
964,825,5
964,965,5
965,964,5
965,1041,5
966,967,5
966,1002,5
967,966,5
967,1981,5
968,969,5
968,1007,5
969,968,5
969,975,5
970,831,5
970,971,5
971,970,5
971,1033,5
972,973,5
972,1704,5
973,921,5
973,972,5
974,956,5
974,975,5
975,969,5
975,974,5
976,983,5
976,1935,5
977,901,5
977,978,5
978,927,5
978,977,5
979,980,5
979,1133,5
980,806,5
980,979,5
981,982,5
981,1713,5
982,981,5
982,988,5
983,976,5
983,984,5
984,283,5
984,983,5
985,986,5
985,1082,5
986,848,5
986,985,5
987,1265,5
987,1669,5
988,982,5
988,989,5
989,523,5
989,988,5
990,991,5
990,1019,5
991,990,5
991,992,5
992,991,5
992,993,5
993,992,5
993,1122,5
994,95,5
994,995,5
995,994,5
995,1005,5
996,997,5
996,1004,5
997,996,5
997,1049,5
998,295,5
998,999,5
999,998,5
999,1091,5
1000,1001,5
1000,1011,5
1001,935,5
1001,1000,5
1002,966,5
1002,1003,5
1003,776,5
1003,1002,5
1004,996,5
1004,1547,5
1005,995,5
1005,1006,5
1006,1005,5
1006,1013,5
1007,968,5
1007,1008,5
1008,959,5
1008,1007,5
1009,885,5
1009,1010,5
1010,1009,5
1010,1115,5
1011,1000,5
1011,1012,5
1012,739,5
1012,1011,5
1013,1006,5
1013,1014,5
1014,1013,5
1014,1050,5
1015,934,5
1015,1016,5
1016,963,5
1016,1015,5
1017,1401,5
1017,1739,5
1018,627,5
1018,1739,5
1019,990,5
1019,1888,5
1020,1888,5
1020,1953,5
1021,568,5
1021,1034,5
1022,1023,5
1022,1828,5
1023,1022,5
1023,1307,5
1024,953,5
1024,1405,5
1025,918,5
1025,1111,5
1026,1087,5
1026,1405,5
1027,1028,5
1027,1064,5
1028,1027,5
1028,1161,5
1029,1030,5
1029,1036,5
1030,1029,5
1030,1051,5
1031,1032,5
1031,1561,5
1032,1031,5
1032,1043,5
1033,71,5
1033,971,5
1034,1021,5
1034,1412,5
1035,1412,5
1035,1981,5
1036,1029,5
1036,1037,5
1037,1036,5
1037,1044,5
1038,1039,5
1038,1148,5
1039,1038,5
1039,1070,5
1040,1041,5
1040,1084,5
1041,965,5
1041,1040,5
1042,1095,5
1042,1878,5
1043,1032,5
1043,1044,5
1044,1037,5
1044,1043,5
1045,1046,5
1045,1212,5
1046,781,5
1046,1045,5
1047,887,5
1047,1816,5
1048,1049,5
1048,1059,5
1049,997,5
1049,1048,5
1050,1014,5
1050,1051,5
1051,1030,5
1051,1050,5
1052,1053,5
1052,1058,5
1053,521,5
1053,1052,5
1054,1056,5
1054,1067,5
1055,834,5
1055,1057,5
1056,1054,5
1056,1959,5
1057,216,5
1057,1055,5
1058,893,5
1058,1052,5
1059,230,5
1059,1048,5
1060,99,5
1060,1061,5
1061,1060,5
1061,1083,5
1062,9,5
1062,877,5
1063,630,5
1063,1065,5
1064,1027,5
1064,1066,5
1065,1063,5
1065,1807,5
1066,1064,5
1066,1075,5
1067,1054,5
1067,1068,5
1068,1067,5
1068,1140,5
1069,1070,5
1069,1151,5
1070,1039,5
1070,1069,5
1071,839,5
1071,1179,5
1072,1073,5
1072,1211,5
1073,1072,5
1073,1150,5
1074,485,5
1074,1078,5
1075,1066,5
1075,1076,5
1076,1075,5
1076,1237,5
1077,34,5
1077,1078,5
1078,1074,5
1078,1077,5
1079,944,5
1079,1999,5
1080,938,5
1080,1081,5
1081,1080,5
1081,1250,5
1082,985,5
1082,1083,5
1083,1061,5
1083,1082,5
1084,1040,5
1084,1085,5
1085,1084,5
1085,1110,5
1086,1087,5
1086,1173,5
1087,1026,5
1087,1086,5
1088,1126,5
1088,1889,5
1089,1889,5
1089,1997,5
1090,1091,5
1090,1911,5
1091,999,5
1091,1090,5
1092,1096,5
1092,1166,5
1093,1094,5
1093,1208,5
1094,1093,5
1094,1862,5
1095,1042,5
1095,1096,5
1096,1092,5
1096,1095,5
1097,1243,5
1097,1995,5
1098,1253,5
1098,1998,5
1099,1100,5
1099,1165,5
1100,1099,5
1100,2000,5
1101,1102,5
1101,1182,5
1102,1101,5
1102,1495,5
1103,1104,5
1103,1114,5
1104,1103,5
1104,1129,5
1105,1106,5
1105,1193,5
1106,1105,5
1106,1992,5
1107,483,5
1107,1108,5
1108,872,5
1108,1107,5
1109,1110,5
1109,1119,5
1110,1085,5
1110,1109,5
1111,910,5
1111,1025,5
1112,1113,5
1112,1311,5
1113,1112,5
1113,1138,5
1114,1103,5
1114,1115,5
1115,1010,5
1115,1114,5
1116,145,5
1116,1117,5
1117,1116,5
1117,1987,5
1118,1119,5
1118,1170,5
1119,1109,5
1119,1118,5
1120,1121,5
1120,1131,5
1121,1120,5
1121,1594,5
1122,993,5
1122,1123,5
1123,1122,5
1123,1303,5
1124,424,5
1124,830,5
1125,862,5
1125,1880,5
1126,1088,5
1126,1880,5
1127,1128,5
1127,1884,5
1128,290,5
1128,1127,5
1129,1104,5
1129,1130,5
1130,702,5
1130,1129,5
1131,1120,5
1131,1132,5
1132,1131,5
1132,1954,5
1133,979,5
1133,1135,5
1134,1136,5
1134,1169,5
1135,1133,5
1135,1142,5
1136,1134,5
1136,1220,5
1137,1383,5
1137,1770,5
1138,1113,5
1138,1139,5
1139,1138,5
1139,1276,5
1140,1068,5
1140,1141,5
1141,1140,5
1141,1153,5
1142,248,5
1142,1135,5
1143,1144,5
1143,1155,5
1144,1143,5
1144,1177,5
1145,1147,5
1145,1987,5
1146,812,5
1146,1211,5
1147,1145,5
1147,1195,5
1148,1038,5
1148,1149,5
1149,732,5
1149,1148,5
1150,1073,5
1150,1151,5
1151,1069,5
1151,1150,5
1152,1354,5
1152,1530,5
1153,1141,5
1153,1530,5
1154,534,5
1154,1848,5
1155,1143,5
1155,1156,5
1156,1155,5
1156,1200,5
1157,733,5
1157,1162,5
1158,1159,5
1158,1209,5
1159,1158,5
1159,1993,5
1160,1161,5
1160,1978,5
1161,1028,5
1161,1160,5
1162,1157,5
1162,1163,5
1163,1162,5
1163,1185,5
1164,1165,5
1164,1330,5
1165,1099,5
1165,1164,5
1166,1092,5
1166,1254,5
1167,1851,5
1167,1867,5
1168,296,5
1168,1236,5
1169,1134,5
1169,1170,5
1170,1118,5
1170,1169,5
1171,1172,5
1171,1424,5
1172,578,5
1172,1171,5
1173,1086,5
1173,1174,5
1174,1173,5
1174,1218,5
1175,1176,5
1175,1625,5
1176,1175,5
1176,1258,5
1177,1144,5
1177,1534,5
1178,1179,5
1178,1444,5
1179,1071,5
1179,1178,5
1180,1181,5
1180,1562,5
1181,81,5
1181,1180,5
1182,1101,5
1182,1183,5
1183,1182,5
1183,1978,5
1184,102,5
1184,1434,5
1185,1163,5
1185,1186,5
1186,1185,5
1186,1221,5
1187,1648,5
1187,1966,5
1188,1189,5
1188,1902,5
1189,1188,5
1189,1267,5
1190,1191,5
1190,1203,5
1191,1190,5
1191,1198,5
1192,1193,5
1192,1385,5
1193,1105,5
1193,1192,5
1194,1195,5
1194,1448,5
1195,1147,5
1195,1194,5
1196,1197,5
1196,1259,5
1197,1196,5
1197,1919,5
1198,1191,5
1198,1199,5
1199,1198,5
1199,1204,5
1200,1156,5
1200,1201,5
1201,606,5
1201,1200,5
1202,1203,5
1202,1348,5
1203,1190,5
1203,1202,5
1204,1199,5
1204,1205,5
1205,1204,5
1205,1222,5
1206,1269,5
1206,1748,5
1207,1233,5
1207,1748,5
1208,1093,5
1208,1930,5
1209,1158,5
1209,1210,5
1210,1209,5
1210,1998,5
1211,1072,5
1211,1146,5
1212,1045,5
1212,1214,5
1213,1287,5
1213,1340,5
1214,1212,5
1214,1296,5
1215,241,5
1215,1241,5
1216,1217,5
1216,1751,5
1217,1216,5
1217,1278,5
1218,1174,5
1218,1591,5
1219,1220,5
1219,1247,5
1220,1136,5
1220,1219,5
1221,1186,5
1221,1222,5
1222,1205,5
1222,1221,5
1223,1224,5
1223,1437,5
1224,1223,5
1224,1234,5
1225,1899,5
1225,1997,5
1226,1606,5
1226,1957,5
1227,1228,5
1227,1957,5
1228,1227,5
1228,1244,5
1229,854,5
1229,1270,5
1230,1231,5
1230,1545,5
1231,1230,5
1231,1408,5
1232,1233,5
1232,1342,5
1233,1207,5
1233,1232,5
1234,1224,5
1234,1954,5
1235,1236,5
1235,1466,5
1236,1168,5
1236,1235,5
1237,1076,5
1237,1238,5
1238,1237,5
1238,1289,5
1239,239,5
1239,1257,5
1240,37,5
1240,645,5
1241,1215,5
1241,1242,5
1242,1241,5
1242,1295,5
1243,1097,5
1243,1279,5
1244,1228,5
1244,1245,5
1245,47,5
1245,1244,5
1246,1379,5
1246,1982,5
1247,1219,5
1247,1248,5
1248,1247,5
1248,1667,5
1249,1331,5
1249,1898,5
1250,1081,5
1250,1898,5
1251,1252,5
1251,1293,5
1252,1251,5
1252,1859,5
1253,1098,5
1253,1254,5
1254,1166,5
1254,1253,5
1255,1256,5
1255,1310,5
1256,1255,5
1256,1621,5
1257,1239,5
1257,1258,5
1258,1176,5
1258,1257,5
1259,1196,5
1259,1641,5
1260,1460,5
1260,1641,5
1261,1262,5
1261,1515,5
1262,1261,5
1262,1381,5
1263,1526,5
1263,1851,5
1264,1685,5
1264,1851,5
1265,987,5
1265,1978,5
1266,1267,5
1266,1916,5
1267,1189,5
1267,1266,5
1268,132,5
1268,1413,5
1269,899,5
1269,1206,5
1270,1229,5
1270,1271,5
1271,1270,5
1271,1469,5
1272,1273,5
1272,1275,5
1273,1272,5
1273,1406,5
1274,1275,5
1274,1972,5
1275,1272,5
1275,1274,5
1276,547,5
1276,1139,5
1277,1367,5
1277,1999,5
1278,95,5
1278,1217,5
1279,1243,5
1279,1280,5
1280,619,5
1280,1279,5
1281,723,5
1281,1323,5
1282,1283,5
1282,1781,5
1283,1282,5
1283,1288,5
1284,1285,5
1284,1420,5
1285,1284,5
1285,1314,5
1286,1309,5
1286,1716,5
1287,1213,5
1287,1289,5
1288,1283,5
1288,1290,5
1289,1238,5
1289,1287,5
1290,1288,5
1290,1506,5
1291,771,5
1291,1962,5
1292,303,5
1292,1980,5
1293,1251,5
1293,1294,5
1294,515,5
1294,1293,5
1295,1242,5
1295,1296,5
1296,1214,5
1296,1295,5
1297,1298,5
1297,1667,5
1298,152,5
1298,1297,5
1299,1300,5
1299,1883,5
1300,1299,5
1300,1372,5
1301,1302,5
1301,1386,5
1302,1301,5
1302,1318,5
1303,1123,5
1303,1304,5
1304,1303,5
1304,1321,5
1305,13,5
1305,1339,5
1306,1307,5
1306,1340,5
1307,1023,5
1307,1306,5
1308,384,5
1308,1309,5
1309,1286,5
1309,1308,5
1310,1255,5
1310,1311,5
1311,1112,5
1311,1310,5
1312,1613,5
1312,1975,5
1313,719,5
1313,1322,5
1314,1285,5
1314,1316,5
1315,1365,5
1315,1368,5
1316,1314,5
1316,1324,5
1317,1318,5
1317,1677,5
1318,1302,5
1318,1317,5
1319,1515,5
1319,1683,5
1320,1464,5
1320,1515,5
1321,1304,5
1321,1322,5
1322,1313,5
1322,1321,5
1323,1281,5
1323,1324,5
1324,1316,5
1324,1323,5
1325,1326,5
1325,1337,5
1326,1325,5
1326,1419,5
1327,1336,5
1327,1532,5
1328,1366,5
1328,1532,5
1329,1343,5
1329,1881,5
1330,1164,5
1330,1881,5
1331,1249,5
1331,1332,5
1332,1331,5
1332,1412,5
1333,1334,5
1333,1362,5
1334,1333,5
1334,1479,5
1335,1860,5
1335,1963,5
1336,1327,5
1336,1902,5
1337,1325,5
1337,1902,5
1338,1339,5
1338,1432,5
1339,1305,5
1339,1338,5
1340,1213,5
1340,1306,5
1341,1342,5
1341,1692,5
1342,1232,5
1342,1341,5
1343,1329,5
1343,1344,5
1344,1343,5
1344,1532,5
1345,1346,5
1345,1356,5
1346,1345,5
1346,1869,5
1347,1484,5
1347,1995,5
1348,1202,5
1348,1350,5
1349,1351,5
1349,1965,5
1350,1348,5
1350,1351,5
1351,1349,5
1351,1350,5
1352,1970,5
1352,1987,5
1353,1354,5
1353,1765,5
1354,1152,5
1354,1353,5
1355,1356,5
1355,1363,5
1356,1345,5
1356,1355,5
1357,1358,5
1357,1995,5
1358,1357,5
1358,1765,5
1359,86,5
1359,1964,5
1360,1361,5
1360,1850,5
1361,1360,5
1361,1659,5
1362,1333,5
1362,1363,5
1363,1355,5
1363,1362,5
1364,1365,5
1364,1417,5
1365,1315,5
1365,1364,5
1366,1328,5
1366,1367,5
1367,1277,5
1367,1366,5
1368,1315,5
1368,1445,5
1369,1371,5
1369,1418,5
1370,1833,5
1370,1835,5
1371,1369,5
1371,1393,5
1372,1300,5
1372,1373,5
1372,1962,5
1373,1372,5
1373,1487,5
1373,1962,5
1374,294,5
1374,1553,5
1374,1554,5
1375,928,5
1375,1376,5
1375,1686,5
1376,1375,5
1376,1939,5
1376,1970,5
1377,1379,5
1377,1382,5
1377,1483,5
1378,912,5
1378,1400,5
1378,1528,5
1379,1246,5
1379,1377,5
1379,1382,5
1380,685,5
1380,1503,5
1380,1969,5
1381,1262,5
1381,1700,5
1381,1701,5
1382,1377,5
1382,1379,5
1382,1965,5
1383,1137,5
1383,1384,5
1383,1518,5
1384,224,5
1384,1383,5
1384,1434,5
1385,1192,5
1385,1681,5
1385,1682,5
1386,1301,5
1386,1387,5
1386,1980,5
1387,1386,5
1387,1513,5
1387,1738,5
1388,1389,5
1388,1390,5
1388,1717,5
1389,1388,5
1389,1390,5
1389,1403,5
1390,1388,5
1390,1389,5
1390,1947,5
1391,1392,5
1391,1939,5
1391,1970,5
1392,1391,5
1392,1494,5
1392,1663,5
1393,858,5
1393,1371,5
1393,1944,5
1394,1395,5
1394,1396,5
1394,1734,5
1395,1394,5
1395,1396,5
1395,1555,5
1396,1394,5
1396,1395,5
1396,1455,5
1397,736,5
1397,865,5
1397,1528,5
1398,1399,5
1398,1402,5
1398,1805,5
1399,1398,5
1399,1402,5
1399,1485,5
1400,1378,5
1400,1401,5
1400,1502,5
1401,1017,5
1401,1400,5
1401,1457,5
1402,1398,5
1402,1399,5
1402,1516,5
1403,1389,5
1403,1406,5
1403,1407,5
1404,1409,5
1404,1616,5
1404,1748,5
1405,861,5
1405,1024,5
1405,1026,5
1406,1273,5
1406,1403,5
1406,1415,5
1407,1403,5
1407,1415,5
1407,1904,5
1408,544,5
1408,545,5
1408,1231,5
1409,1404,5
1409,1442,5
1409,1791,5
1410,1414,5
1410,1942,5
1410,1984,5
1411,1416,5
1411,1537,5
1411,1933,5
1412,1034,5
1412,1035,5
1412,1332,5
1413,1268,5
1413,1800,5
1413,1801,5
1414,870,5
1414,1410,5
1414,1454,5
1415,479,5
1415,1406,5
1415,1407,5
1416,1411,5
1416,1939,5
1416,1980,5
1417,1364,5
1417,1418,5
1417,1420,5
1418,1369,5
1418,1417,5
1418,1420,5
1419,1326,5
1419,1912,5
1419,1914,5
1420,1284,5
1420,1417,5
1420,1418,5
1421,1422,5
1421,1425,5
1421,1635,5
1422,1421,5
1422,1425,5
1422,1565,5
1423,1424,5
1423,1428,5
1423,1474,5
1424,1171,5
1424,1423,5
1424,1916,5
1425,414,5
1425,1421,5
1425,1422,5
1426,1429,5
1426,1430,5
1426,1631,5
1427,1428,5
1427,1509,5
1427,1580,5
1428,1423,5
1428,1427,5
1428,1691,5
1429,1426,5
1429,1430,5
1429,1955,5
1430,1426,5
1430,1429,5
1430,1971,5
1431,124,5
1431,835,5
1431,1520,5
1432,1338,5
1432,1517,5
1432,1724,5
1433,1435,5
1433,1584,5
1433,1721,5
1434,381,5
1434,1184,5
1434,1384,5
1435,529,5
1435,1433,5
1435,1665,5
1436,1439,5
1436,1440,5
1436,1597,5
1437,1223,5
1437,1438,5
1437,1534,5
1438,1437,5
1438,1441,5
1438,1576,5
1439,1436,5
1439,1440,5
1439,1445,5
1440,1436,5
1440,1439,5
1440,1445,5
1441,1438,5
1441,1442,5
1441,1461,5
1442,1409,5
1442,1441,5
1442,1632,5
1443,1500,5
1443,1672,5
1443,1673,5
1444,679,5
1444,680,5
1444,1178,5
1445,1368,5
1445,1439,5
1445,1440,5
1446,1448,5
1446,1449,5
1446,1488,5
1447,1450,5
1447,1496,5
1447,1806,5
1448,1194,5
1448,1446,5
1448,1449,5
1449,465,5
1449,1446,5
1449,1448,5
1450,1447,5
1450,1471,5
1450,1472,5
1451,1452,5
1451,1455,5
1451,1569,5
1452,1451,5
1452,1458,5
1452,1476,5
1453,1456,5
1453,1602,5
1453,1964,5
1454,757,5
1454,1414,5
1454,1561,5
1455,1396,5
1455,1451,5
1455,1458,5
1456,1453,5
1456,1640,5
1456,1776,5
1457,1401,5
1457,1459,5
1457,1661,5
1458,1452,5
1458,1455,5
1458,1629,5
1459,1457,5
1459,1673,5
1459,1866,5
1460,146,5
1460,147,5
1460,1260,5
1461,1441,5
1461,1462,5
1461,1598,5
1462,1461,5
1462,1604,5
1462,1804,5
1463,1466,5
1463,1639,5
1463,1785,5
1464,1320,5
1464,1465,5
1464,1468,5
1465,1464,5
1465,1468,5
1465,1989,5
1466,1235,5
1466,1463,5
1466,1512,5
1467,1472,5
1467,1534,5
1467,1957,5
1468,1464,5
1468,1465,5
1468,1952,5
1469,1271,5
1469,1476,5
1469,1479,5
1470,99,5
1470,1473,5
1470,1605,5
1471,687,5
1471,1450,5
1471,1916,5
1472,1450,5
1472,1467,5
1472,1473,5
1473,119,5
1473,1470,5
1473,1472,5
1474,1423,5
1474,1475,5
1474,1567,5
1475,1474,5
1475,1657,5
1475,1665,5
1476,1452,5
1476,1469,5
1476,1479,5
1477,1478,5
1477,1755,5
1477,1835,5
1478,1477,5
1478,1942,5
1478,1984,5
1479,1334,5
1479,1469,5
1479,1476,5
1480,1481,5
1480,1612,5
1480,1814,5
1481,1480,5
1481,1626,5
1481,1697,5
1482,1483,5
1482,1484,5
1482,1965,5
1483,1377,5
1483,1482,5
1483,1484,5
1484,1347,5
1484,1482,5
1484,1483,5
1485,1399,5
1485,1486,5
1485,1487,5
1486,1485,5
1486,1487,5
1486,1551,5
1487,1373,5
1487,1485,5
1487,1486,5
1488,1446,5
1488,1491,5
1488,1495,5
1489,1490,5
1489,1614,5
1489,1739,5
1490,1489,5
1490,1492,5
1490,1581,5
1491,1488,5
1491,1495,5
1491,1560,5
1492,1490,5
1492,1493,5
1492,1501,5
1493,1492,5
1493,1984,5
1493,1988,5
1494,1392,5
1494,1496,5
1494,1836,5
1495,1102,5
1495,1488,5
1495,1491,5
1496,874,5
1496,1447,5
1496,1494,5
1497,189,5
1497,1501,5
1497,1929,5
1498,633,5
1498,634,5
1498,1779,5
1499,1500,5
1499,1508,5
1499,1511,5
1500,1443,5
1500,1499,5
1500,1508,5
1501,1492,5
1501,1497,5
1501,1712,5
1502,1400,5
1502,1681,5
1502,1992,5
1503,1380,5
1503,1504,5
1503,1591,5
1504,1503,5
1504,1590,5
1504,1762,5
1505,1507,5
1505,1782,5
1505,1890,5
1506,937,5
1506,938,5
1506,1290,5
1507,556,5
1507,1505,5
1507,2000,5
1508,1499,5
1508,1500,5
1508,1548,5
1509,1427,5
1509,1512,5
1509,1799,5
1510,402,5
1510,1758,5
1510,1928,5
1511,896,5
1511,897,5
1511,1499,5
1512,1466,5
1512,1509,5
1512,1543,5
1513,1387,5
1513,1520,5
1513,1790,5
1514,1516,5
1514,1702,5
1514,1965,5
1515,1261,5
1515,1319,5
1515,1320,5
1516,1402,5
1516,1514,5
1516,1965,5
1517,151,5
1517,1432,5
1517,1723,5
1518,51,5
1518,1383,5
1518,1521,5
1519,1523,5
1519,1526,5
1519,1989,5
1520,1431,5
1520,1513,5
1520,1617,5
1521,1518,5
1521,1630,5
1521,1633,5
1522,772,5
1522,1524,5
1522,1962,5
1523,1519,5
1523,1875,5
1523,1965,5
1524,1522,5
1524,1864,5
1524,1983,5
1525,1703,5
1525,1855,5
1525,1928,5
1526,1263,5
1526,1519,5
1526,1529,5
1527,1687,5
1527,1855,5
1527,2000,5
1528,1378,5
1528,1397,5
1528,1533,5
1529,64,5
1529,1526,5
1529,1531,5
1530,1152,5
1530,1153,5
1530,1987,5
1531,1529,5
1531,1535,5
1531,1579,5
1532,1327,5
1532,1328,5
1532,1344,5
1533,876,5
1533,1528,5
1533,1786,5
1534,1177,5
1534,1437,5
1534,1467,5
1535,1531,5
1535,1539,5
1535,1647,5
1536,700,5
1536,701,5
1536,1568,5
1537,1411,5
1537,1538,5
1537,1970,5
1538,1537,5
1538,1901,5
1538,1982,5
1539,1535,5
1539,1540,5
1539,2000,5
1540,1539,5
1540,1543,5
1540,1642,5
1541,455,5
1541,1636,5
1541,1896,5
1542,1549,5
1542,1550,5
1542,1730,5
1543,1512,5
1543,1540,5
1543,1544,5
1544,1543,5
1544,1545,5
1544,1698,5
1545,1230,5
1545,1544,5
1545,1546,5
1546,1545,5
1546,1548,5
1546,1643,5
1547,748,5
1547,1004,5
1547,1690,5
1548,1508,5
1548,1546,5
1548,1552,5
1549,1542,5
1549,1741,5
1549,1786,5
1550,1542,5
1550,1558,5
1550,1763,5
1551,1486,5
1551,1763,5
1551,1764,5
1552,1548,5
1552,1553,5
1552,1592,5
1553,1374,5
1553,1552,5
1553,1582,5
1554,1374,5
1554,1555,5
1554,1989,5
1555,1395,5
1555,1554,5
1555,1556,5
1556,122,5
1556,1555,5
1556,1557,5
1557,1556,5
1557,1562,5
1557,1624,5
1558,1550,5
1558,1929,5
1558,1932,5
1559,601,5
1559,1560,5
1559,1858,5
1560,1491,5
1560,1559,5
1560,1988,5
1561,1031,5
1561,1454,5
1561,1616,5
1562,1180,5
1562,1557,5
1562,1563,5
1563,1562,5
1563,1565,5
1563,1802,5
1564,1567,5
1564,1832,5
1564,1924,5
1565,1422,5
1565,1563,5
1565,1566,5
1566,1565,5
1566,1569,5
1566,1960,5
1567,1474,5
1567,1564,5
1567,1575,5
1568,1536,5
1568,1577,5
1568,1582,5
1569,1451,5
1569,1566,5
1569,1570,5
1570,1569,5
1570,1573,5
1570,1854,5
1571,1572,5
1571,1664,5
1571,1962,5
1572,115,5
1572,1571,5
1572,1736,5
1573,1570,5
1573,1577,5
1573,1602,5
1574,1575,5
1574,1612,5
1574,1711,5
1575,1567,5
1575,1574,5
1575,1653,5
1576,1438,5
1576,1580,5
1576,1598,5
1577,1568,5
1577,1573,5
1577,1707,5
1578,1772,5
1578,1773,5
1578,1941,5
1579,64,5
1579,1531,5
1579,1656,5
1580,1427,5
1580,1576,5
1580,1799,5
1581,1490,5
1581,1583,5
1581,1600,5
1582,1553,5
1582,1568,5
1582,1585,5
1583,1581,5
1583,1761,5
1583,2000,5
1584,359,5
1584,1433,5
1584,1600,5
1585,1582,5
1585,1586,5
1585,1732,5
1586,560,5
1586,1585,5
1586,1587,5
1587,1586,5
1587,1592,5
1587,1608,5
1588,430,5
1588,1589,5
1588,1661,5
1589,182,5
1589,1588,5
1589,1685,5
1590,1504,5
1590,1609,5
1590,1611,5
1591,1218,5
1591,1503,5
1591,1870,5
1592,1552,5
1592,1587,5
1592,1594,5
1593,1596,5
1593,1674,5
1593,1745,5
1594,1121,5
1594,1592,5
1594,1595,5
1595,1594,5
1595,1597,5
1595,1993,5
1596,1593,5
1596,1895,5
1596,1932,5
1597,1436,5
1597,1595,5
1597,1601,5
1598,1461,5
1598,1576,5
1598,1600,5
1599,443,5
1599,1765,5
1599,1819,5
1600,1581,5
1600,1584,5
1600,1598,5
1601,1597,5
1601,1604,5
1601,1717,5
1602,1453,5
1602,1573,5
1602,1603,5
1603,158,5
1603,1602,5
1603,1605,5
1604,1462,5
1604,1601,5
1604,1606,5
1605,1470,5
1605,1603,5
1605,1724,5
1606,1226,5
1606,1604,5
1606,1608,5
1607,1824,5
1607,1969,5
1607,1985,5
1608,1587,5
1608,1606,5
1608,1990,5
1609,1590,5
1609,1618,5
1609,1992,5
1610,1612,5
1610,1652,5
1610,1766,5
1611,1590,5
1611,1618,5
1611,1992,5
1612,1480,5
1612,1574,5
1612,1610,5
1613,1312,5
1613,1614,5
1613,1671,5
1614,1489,5
1614,1613,5
1614,1790,5
1615,1620,5
1615,1625,5
1615,1641,5
1616,1404,5
1616,1561,5
1616,1617,5
1617,859,5
1617,1520,5
1617,1616,5
1618,1609,5
1618,1611,5
1618,1628,5
1619,1621,5
1619,1722,5
1619,1995,5
1620,1615,5
1620,1625,5
1620,1992,5
1621,1256,5
1621,1619,5
1621,2000,5
1622,1626,5
1622,1728,5
1622,1988,5
1623,1624,5
1623,1628,5
1623,1992,5
1624,1557,5
1624,1623,5
1624,1628,5
1625,1175,5
1625,1615,5
1625,1620,5
1626,1481,5
1626,1622,5
1626,1652,5
1627,1629,5
1627,1938,5
1627,1969,5
1628,1618,5
1628,1623,5
1628,1624,5
1629,1458,5
1629,1627,5
1629,1989,5
1630,1521,5
1630,1632,5
1630,1944,5
1631,1426,5
1631,1635,5
1631,1636,5
1632,426,5
1632,1442,5
1632,1630,5
1633,1521,5
1633,1682,5
1633,1766,5
1634,1682,5
1634,1766,5
1634,1798,5
1635,1421,5
1635,1631,5
1635,1636,5
1636,1541,5
1636,1631,5
1636,1635,5
1637,1639,5
1637,1718,5
1637,1757,5
1638,1785,5
1638,1877,5
1638,1955,5
1639,1463,5
1639,1637,5
1639,1872,5
1640,1456,5
1640,1648,5
1640,1907,5
1641,1259,5
1641,1260,5
1641,1615,5
1642,1540,5
1642,1643,5
1642,1644,5
1643,1546,5
1643,1642,5
1643,1645,5
1644,1642,5
1644,1645,5
1644,1866,5
1645,1643,5
1645,1644,5
1645,1980,5
1646,7,5
1646,1651,5
1646,1724,5
1647,1535,5
1647,1649,5
1647,1650,5
1648,1187,5
1648,1640,5
1648,1651,5
1649,1647,5
1649,1650,5
1649,1655,5
1650,1647,5
1650,1649,5
1650,1811,5
1651,1646,5
1651,1648,5
1651,1772,5
1652,1610,5
1652,1626,5
1652,1653,5
1653,1575,5
1653,1652,5
1653,1796,5
1654,1657,5
1654,1733,5
1654,1743,5
1655,1649,5
1655,1658,5
1655,1662,5
1656,63,5
1656,937,5
1656,1579,5
1657,1475,5
1657,1654,5
1657,1671,5
1658,1655,5
1658,1662,5
1658,1957,5
1659,1361,5
1659,1660,5
1659,1997,5
1660,724,5
1660,1659,5
1660,1856,5
1661,1457,5
1661,1588,5
1661,1663,5
1662,1655,5
1662,1658,5
1662,1753,5
1663,1392,5
1663,1661,5
1663,1745,5
1664,1571,5
1664,1665,5
1664,1680,5
1665,1435,5
1665,1475,5
1665,1664,5
1666,933,5
1666,1679,5
1666,1962,5
1667,1248,5
1667,1297,5
1667,1671,5
1668,615,5
1668,1768,5
1668,1798,5
1669,987,5
1669,1675,5
1669,1684,5
1670,157,5
1670,158,5
1670,1909,5
1671,1613,5
1671,1657,5
1671,1667,5
1672,878,5
1672,1443,5
1672,1705,5
1673,1443,5
1673,1459,5
1673,1762,5
1674,1593,5
1674,1676,5
1674,1756,5
1675,772,5
1675,1669,5
1675,1684,5
1676,1674,5
1676,1793,5
1676,1868,5
1677,566,5
1677,1317,5
1677,1723,5
1678,1680,5
1678,1694,5
1678,1834,5
1679,934,5
1679,1666,5
1679,1974,5
1680,1664,5
1680,1678,5
1680,1828,5
1681,1385,5
1681,1502,5
1681,1733,5
1682,1385,5
1682,1633,5
1682,1634,5
1683,1319,5
1683,1685,5
1683,2000,5
1684,1669,5
1684,1675,5
1684,2000,5
1685,1264,5
1685,1589,5
1685,1683,5
1686,1375,5
1686,1694,5
1686,1915,5
1687,1527,5
1687,1689,5
1687,1690,5
1688,399,5
1688,400,5
1688,1716,5
1689,1687,5
1689,1690,5
1689,1695,5
1690,1547,5
1690,1687,5
1690,1689,5
1691,1428,5
1691,1692,5
1691,1693,5
1692,1341,5
1692,1691,5
1692,1693,5
1693,1691,5
1693,1692,5
1693,1710,5
1694,1678,5
1694,1686,5
1694,1834,5
1695,1689,5
1695,1696,5
1695,1699,5
1696,1695,5
1696,1699,5
1696,1912,5
1697,1481,5
1697,1698,5
1697,1820,5
1698,1544,5
1698,1697,5
1698,1988,5
1699,1695,5
1699,1696,5
1699,1984,5
1700,1381,5
1700,1701,5
1700,1708,5
1701,1381,5
1701,1700,5
1701,2000,5
1702,1514,5
1702,1703,5
1702,1994,5
1703,1525,5
1703,1702,5
1703,1704,5
1704,972,5
1704,1703,5
1704,1709,5
1705,220,5
1705,1672,5
1705,1706,5
1706,1705,5
1706,1720,5
1706,1731,5
1707,1577,5
1707,1711,5
1707,1992,5
1708,1700,5
1708,1709,5
1708,1710,5
1709,1704,5
1709,1708,5
1709,1873,5
1710,1693,5
1710,1708,5
1710,1714,5
1711,1574,5
1711,1707,5
1711,1755,5
1712,1501,5
1712,1713,5
1712,1921,5
1713,981,5
1713,1712,5
1713,1947,5
1714,1710,5
1714,1891,5
1714,1983,5
1715,632,5
1715,1721,5
1715,1722,5
1716,183,5
1716,1286,5
1716,1688,5
1717,1388,5
1717,1601,5
1717,1718,5
1718,353,5
1718,1637,5
1718,1717,5
1719,637,5
1719,638,5
1719,1940,5
1720,941,5
1720,1706,5
1720,1731,5
1721,1433,5
1721,1715,5
1721,1722,5
1721,1921,5
1722,1619,5
1722,1715,5
1722,1721,5
1722,1896,5
1723,1517,5
1723,1677,5
1723,1724,5
1723,1740,5
1724,1432,5
1724,1605,5
1724,1646,5
1724,1723,5
1725,1726,5
1725,1727,5
1725,1740,5
1725,1808,5
1726,873,5
1726,942,5
1726,1725,5
1726,1727,5
1727,1725,5
1727,1726,5
1727,1751,5
1727,1758,5
1728,1622,5
1728,1730,5
1728,1731,5
1728,1988,5
1729,779,5
1729,780,5
1729,1737,5
1729,1915,5
1730,1542,5
1730,1728,5
1730,1731,5
1730,1752,5
1731,1706,5
1731,1720,5
1731,1728,5
1731,1730,5
1732,1585,5
1732,1734,5
1732,1735,5
1732,1922,5
1733,1654,5
1733,1681,5
1733,1859,5
1733,1860,5
1734,1394,5
1734,1732,5
1734,1735,5
1734,1885,5
1735,1732,5
1735,1734,5
1735,1760,5
1735,1904,5
1736,1572,5
1736,1737,5
1736,1738,5
1736,1769,5
1737,1729,5
1737,1736,5
1737,1738,5
1737,1927,5
1738,1387,5
1738,1736,5
1738,1737,5
1738,1885,5
1739,291,5
1739,1017,5
1739,1018,5
1739,1489,5
1740,1723,5
1740,1725,5
1740,1741,5
1740,1742,5
1741,1549,5
1741,1740,5
1741,1742,5
1741,1952,5
1742,1740,5
1742,1741,5
1742,1747,5
1742,1997,5
1743,1654,5
1743,1744,5
1743,1779,5
1743,1940,5
1744,531,5
1744,1743,5
1744,1783,5
1744,1940,5
1745,1593,5
1745,1663,5
1745,1746,5
1745,1940,5
1746,1745,5
1746,1749,5
1746,1783,5
1746,1817,5
1747,1742,5
1747,1750,5
1747,1823,5
1747,1989,5
1748,1206,5
1748,1207,5
1748,1404,5
1748,1769,5
1749,1746,5
1749,1750,5
1749,1947,5
1749,1957,5
1750,1747,5
1750,1749,5
1750,1784,5
1750,1976,5
1751,1216,5
1751,1727,5
1751,1752,5
1751,1959,5
1752,743,5
1752,1730,5
1752,1751,5
1752,1959,5
1753,564,5
1753,565,5
1753,1662,5
1753,1952,5
1754,1755,5
1754,1843,5
1754,1927,5
1754,1959,5
1755,1477,5
1755,1711,5
1755,1754,5
1755,1756,5
1756,330,5
1756,1674,5
1756,1755,5
1756,1757,5
1757,1637,5
1757,1756,5
1757,1758,5
1757,1861,5
1758,1510,5
1758,1727,5
1758,1757,5
1758,1759,5
1759,1758,5
1759,1760,5
1759,1878,5
1759,1976,5
1760,1735,5
1760,1759,5
1760,1761,5
1760,1904,5
1761,1583,5
1761,1760,5
1761,1762,5
1761,1809,5
1762,1504,5
1762,1673,5
1762,1761,5
1762,1763,5
1763,1550,5
1763,1551,5
1763,1762,5
1763,1777,5
1764,1551,5
1764,1767,5
1764,1837,5
1764,1842,5
1765,59,5
1765,1353,5
1765,1358,5
1765,1599,5
1766,1610,5
1766,1633,5
1766,1634,5
1766,1820,5
1767,1764,5
1767,1768,5
1767,1787,5
1767,1795,5
1768,1668,5
1768,1767,5
1768,1769,5
1768,1953,5
1769,1736,5
1769,1748,5
1769,1768,5
1769,1771,5
1770,336,5
1770,1137,5
1770,1869,5
1770,1883,5
1771,1769,5
1771,1773,5
1771,1787,5
1771,1801,5
1772,1578,5
1772,1651,5
1772,1777,5
1772,1923,5
1773,192,5
1773,1578,5
1773,1771,5
1773,1777,5
1774,337,5
1774,480,5
1774,1879,5
1774,1945,5
1775,106,5
1775,107,5
1775,1925,5
1775,1968,5
1776,1456,5
1776,1861,5
1776,1863,5
1776,1885,5
1777,1763,5
1777,1772,5
1777,1773,5
1777,1778,5
1778,1777,5
1778,1779,5
1778,1899,5
1778,1950,5
1779,1498,5
1779,1743,5
1779,1778,5
1779,1907,5
1780,1782,5
1780,1797,5
1780,1907,5
1780,1963,5
1781,1282,5
1781,1782,5
1781,1907,5
1781,1986,5
1782,1505,5
1782,1780,5
1782,1781,5
1782,1842,5
1783,1744,5
1783,1746,5
1783,1784,5
1783,1955,5
1784,1750,5
1784,1783,5
1784,1955,5
1784,1976,5
1785,1463,5
1785,1638,5
1785,1786,5
1785,1872,5
1786,1533,5
1786,1549,5
1786,1785,5
1786,1787,5
1787,1767,5
1787,1771,5
1787,1786,5
1787,1788,5
1788,1787,5
1788,1882,5
1788,1941,5
1788,1992,5
1789,706,5
1789,1790,5
1789,1791,5
1789,1810,5
1790,1513,5
1790,1614,5
1790,1789,5
1790,1791,5
1791,1409,5
1791,1789,5
1791,1790,5
1791,1907,5
1792,584,5
1792,585,5
1792,1853,5
1792,1971,5
1793,1676,5
1793,1794,5
1793,1795,5
1793,1830,5
1794,138,5
1794,1793,5
1794,1795,5
1794,1796,5
1795,1767,5
1795,1793,5
1795,1794,5
1795,1888,5
1796,1653,5
1796,1794,5
1796,1797,5
1796,1799,5
1797,1780,5
1797,1796,5
1797,1799,5
1797,1963,5
1798,614,5
1798,1634,5
1798,1668,5
1798,1815,5
1799,1509,5
1799,1580,5
1799,1796,5
1799,1797,5
1800,67,5
1800,1413,5
1800,1801,5
1800,1982,5
1801,1413,5
1801,1771,5
1801,1800,5
1801,1888,5
1802,1563,5
1802,1837,5
1802,1838,5
1802,1948,5
1803,1804,5
1803,1805,5
1803,1815,5
1803,1849,5
1804,1462,5
1804,1803,5
1804,1805,5
1804,1951,5
1805,1398,5
1805,1803,5
1805,1804,5
1805,1986,5
1806,211,5
1806,1447,5
1806,1950,5
1806,1990,5
1807,1065,5
1807,1810,5
1807,1811,5
1807,1812,5
1808,1725,5
1808,1900,5
1808,1935,5
1808,1949,5
1809,135,5
1809,136,5
1809,580,5
1809,1761,5
1810,220,5
1810,221,5
1810,1789,5
1810,1807,5
1811,1650,5
1811,1807,5
1811,1812,5
1811,1952,5
1812,1807,5
1812,1811,5
1812,1839,5
1812,1857,5
1813,1814,5
1813,1827,5
1813,1952,5
1813,1973,5
1814,1480,5
1814,1813,5
1814,1952,5
1814,1971,5
1815,1798,5
1815,1803,5
1815,1817,5
1815,1952,5
1816,705,5
1816,1047,5
1816,1826,5
1816,1942,5
1817,1746,5
1817,1815,5
1817,1818,5
1817,1841,5
1818,1817,5
1818,1839,5
1818,1893,5
1818,1918,5
1819,1599,5
1819,1893,5
1819,1894,5
1819,1963,5
1820,1697,5
1820,1766,5
1820,1821,5
1820,1894,5
1821,1820,5
1821,1822,5
1821,1903,5
1821,1968,5
1822,1821,5
1822,1823,5
1822,1825,5
1822,1986,5
1823,792,5
1823,1747,5
1823,1822,5
1823,1999,5
1824,1607,5
1824,1825,5
1824,1826,5
1824,1969,5
1825,1822,5
1825,1824,5
1825,1826,5
1825,1986,5
1826,1816,5
1826,1824,5
1826,1825,5
1826,1984,5
1827,1813,5
1827,1828,5
1827,1829,5
1827,1973,5
1828,1022,5
1828,1680,5
1828,1827,5
1828,1829,5
1829,28,5
1829,1827,5
1829,1828,5
1829,1841,5
1830,1793,5
1830,1831,5
1830,1832,5
1830,1979,5
1831,1830,5
1831,1832,5
1831,1852,5
1831,1949,5
1832,1564,5
1832,1830,5
1832,1831,5
1832,1874,5
1833,1370,5
1833,1836,5
1833,1846,5
1833,1945,5
1834,521,5
1834,522,5
1834,1678,5
1834,1694,5
1835,1370,5
1835,1477,5
1835,1836,5
1835,1923,5
1836,1494,5
1836,1833,5
1836,1835,5
1836,1880,5
1837,1764,5
1837,1802,5
1837,1839,5
1837,1892,5
1838,1802,5
1838,1839,5
1838,1914,5
1838,1940,5
1839,1812,5
1839,1818,5
1839,1837,5
1839,1838,5
1840,714,5
1840,1841,5
1840,1842,5
1840,1910,5
1841,1817,5
1841,1829,5
1841,1840,5
1841,1842,5
1842,1764,5
1842,1782,5
1842,1840,5
1842,1841,5
1843,1754,5
1843,1844,5
1843,1845,5
1843,1950,5
1844,584,5
1844,1843,5
1844,1845,5
1844,1900,5
1845,1843,5
1845,1844,5
1845,1933,5
1845,1935,5
1846,1833,5
1846,1847,5
1846,1849,5
1846,1945,5
1847,1846,5
1847,1852,5
1847,1889,5
1847,1991,5
1848,901,5
1848,1154,5
1848,1908,5
1848,1996,5
1849,1803,5
1849,1846,5
1849,1852,5
1849,1975,5
1850,1360,5
1850,1861,5
1850,1947,5
1850,1995,5
1851,1167,5
1851,1263,5
1851,1264,5
1851,1949,5
1852,1831,5
1852,1847,5
1852,1849,5
1852,1860,5
1853,673,5
1853,674,5
1853,1792,5
1853,1923,5
1854,1570,5
1854,1856,5
1854,1857,5
1854,1985,5
1855,1525,5
1855,1527,5
1855,1876,5
1855,1985,5
1856,1660,5
1856,1854,5
1856,1857,5
1856,1991,5
1857,1812,5
1857,1854,5
1857,1856,5
1857,1910,5
1858,432,5
1858,433,5
1858,608,5
1858,1559,5
1859,764,5
1859,765,5
1859,1252,5
1859,1733,5
1859,1860,5
1860,1335,5
1860,1733,5
1860,1852,5
1860,1859,5
1860,1985,5
1861,1757,5
1861,1776,5
1861,1850,5
1861,1913,5
1861,1975,5
1862,527,5
1862,1094,5
1862,1864,5
1862,1936,5
1862,1996,5
1863,769,5
1863,1776,5
1863,1865,5
1863,1866,5
1863,1990,5
1864,528,5
1864,1524,5
1864,1862,5
1864,1898,5
1864,1983,5
1865,1863,5
1865,1866,5
1865,1894,5
1865,1990,5
1865,1994,5
1866,1459,5
1866,1644,5
1866,1863,5
1866,1865,5
1866,1868,5
1867,618,5
1867,1167,5
1867,1924,5
1867,1926,5
1867,1946,5
1868,1676,5
1868,1866,5
1868,1870,5
1868,1872,5
1868,1979,5
1869,1346,5
1869,1770,5
1869,1874,5
1869,1906,5
1869,1925,5
1870,1591,5
1870,1868,5
1870,1872,5
1870,1873,5
1870,1880,5
1871,562,5
1871,1897,5
1871,1918,5
1871,1924,5
1871,1977,5
1872,1639,5
1872,1785,5
1872,1868,5
1872,1870,5
1872,1873,5
1873,1709,5
1873,1870,5
1873,1872,5
1873,1876,5
1873,1991,5
1874,1832,5
1874,1869,5
1874,1883,5
1874,1925,5
1874,1993,5
1875,1523,5
1875,1878,5
1875,1899,5
1875,1930,5
1875,1953,5
1876,1855,5
1876,1873,5
1876,1884,5
1876,1890,5
1876,1985,5
1877,1638,5
1877,1900,5
1877,1924,5
1877,1972,5
1877,1977,5
1878,1042,5
1878,1759,5
1878,1875,5
1878,1935,5
1878,1976,5
1879,598,5
1879,1774,5
1879,1885,5
1879,1931,5
1879,1948,5
1880,1125,5
1880,1126,5
1880,1836,5
1880,1870,5
1880,1925,5
1881,1329,5
1881,1330,5
1881,1901,5
1881,1920,5
1881,1982,5
1882,5,5
1882,1788,5
1882,1913,5
1882,1941,5
1882,1946,5
1883,338,5
1883,1299,5
1883,1770,5
1883,1874,5
1883,1946,5
1884,1127,5
1884,1876,5
1884,1890,5
1884,1891,5
1884,1917,5
1885,1734,5
1885,1738,5
1885,1776,5
1885,1879,5
1885,1975,5
1886,282,5
1886,1917,5
1886,1919,5
1886,1922,5
1886,1943,5
1887,279,5
1887,281,5
1887,1930,5
1887,1934,5
1887,1958,5
1888,1019,5
1888,1020,5
1888,1795,5
1888,1801,5
1888,1937,5
1889,1088,5
1889,1089,5
1889,1847,5
1889,1966,5
1889,1991,5
1890,1505,5
1890,1876,5
1890,1884,5
1890,1891,5
1890,1892,5
1891,1714,5
1891,1884,5
1891,1890,5
1891,1892,5
1891,1954,5
1892,1837,5
1892,1890,5
1892,1891,5
1892,1895,5
1892,1901,5
1893,840,5
1893,1818,5
1893,1819,5
1893,1894,5
1893,1958,5
1894,1819,5
1894,1820,5
1894,1865,5
1894,1893,5
1894,1994,5
1895,1596,5
1895,1892,5
1895,1901,5
1895,1903,5
1895,1956,5
1896,454,5
1896,889,5
1896,1541,5
1896,1722,5
1896,1995,5
1897,1871,5
1897,1900,5
1897,1926,5
1897,1946,5
1897,1993,5
1898,395,5
1898,1249,5
1898,1250,5
1898,1864,5
1898,1959,5
1899,1225,5
1899,1778,5
1899,1875,5
1899,1930,5
1899,1989,5
1900,1808,5
1900,1844,5
1900,1877,5
1900,1897,5
1900,1954,5
1901,1538,5
1901,1881,5
1901,1892,5
1901,1895,5
1901,1903,5
1902,41,5
1902,401,5
1902,1188,5
1902,1336,5
1902,1337,5
1903,1821,5
1903,1895,5
1903,1901,5
1903,1906,5
1903,1937,5
1904,1407,5
1904,1735,5
1904,1760,5
1904,1905,5
1904,1909,5
1905,1904,5
1905,1909,5
1905,1967,5
1905,1990,5
1905,1996,5
1906,755,5
1906,1869,5
1906,1903,5
1906,1908,5
1906,1910,5
1907,1640,5
1907,1779,5
1907,1780,5
1907,1781,5
1907,1791,5
1908,1848,5
1908,1906,5
1908,1910,5
1908,1911,5
1908,1996,5
1909,1670,5
1909,1904,5
1909,1905,5
1909,1959,5
1909,1973,5
1910,1840,5
1910,1857,5
1910,1906,5
1910,1908,5
1910,1911,5
1911,1090,5
1911,1908,5
1911,1910,5
1911,1918,5
1911,1956,5
1912,1419,5
1912,1696,5
1912,1915,5
1912,1972,5
1912,1977,5
1913,27,5
1913,1861,5
1913,1882,5
1913,1946,5
1913,1963,5
1914,1419,5
1914,1838,5
1914,1916,5
1914,1933,5
1914,1991,5
1915,1686,5
1915,1729,5
1915,1912,5
1915,1916,5
1915,1950,5
1916,1266,5
1916,1424,5
1916,1471,5
1916,1914,5
1916,1915,5
1917,151,5
1917,407,5
1917,1884,5
1917,1886,5
1917,1920,5
1918,1818,5
1918,1871,5
1918,1911,5
1918,1919,5
1918,1921,5
1919,1197,5
1919,1886,5
1919,1918,5
1919,1921,5
1919,1923,5
1919,1943,5
1920,696,5
1920,1881,5
1920,1917,5
1920,1922,5
1920,1938,5
1920,1982,5
1921,1712,5
1921,1721,5
1921,1918,5
1921,1919,5
1921,1923,5
1921,1931,5
1922,61,5
1922,459,5
1922,1732,5
1922,1886,5
1922,1920,5
1922,1979,5
1923,1772,5
1923,1835,5
1923,1853,5
1923,1919,5
1923,1921,5
1923,1929,5
1924,1564,5
1924,1867,5
1924,1871,5
1924,1877,5
1924,1925,5
1924,1993,5
1925,1775,5
1925,1869,5
1925,1874,5
1925,1880,5
1925,1924,5
1925,1968,5
1926,1867,5
1926,1897,5
1926,1928,5
1926,1929,5
1926,1932,5
1926,1993,5
1927,172,5
1927,820,5
1927,1737,5
1927,1754,5
1927,1947,5
1927,1949,5
1928,740,5
1928,1510,5
1928,1525,5
1928,1926,5
1928,1929,5
1928,1932,5
1929,1497,5
1929,1558,5
1929,1923,5
1929,1926,5
1929,1928,5
1929,1932,5
1930,1208,5
1930,1875,5
1930,1887,5
1930,1899,5
1930,1934,5
1930,1958,5
1931,533,5
1931,1879,5
1931,1921,5
1931,1934,5
1931,1936,5
1931,1937,5
1932,1558,5
1932,1596,5
1932,1926,5
1932,1928,5
1932,1929,5
1932,1934,5
1933,199,5
1933,1411,5
1933,1845,5
1933,1914,5
1933,1935,5
1933,1939,5
1934,1887,5
1934,1930,5
1934,1931,5
1934,1932,5
1934,1936,5
1934,1958,5
1935,976,5
1935,1808,5
1935,1845,5
1935,1878,5
1935,1933,5
1935,1966,5
1936,1862,5
1936,1931,5
1936,1934,5
1936,1937,5
1936,1960,5
1936,1967,5
1937,616,5
1937,1888,5
1937,1903,5
1937,1931,5
1937,1936,5
1937,1941,5
1938,420,5
1938,486,5
1938,1627,5
1938,1920,5
1938,1939,5
1938,1948,5
1939,214,5
1939,1376,5
1939,1391,5
1939,1416,5
1939,1933,5
1939,1938,5
1940,1719,5
1940,1743,5
1940,1744,5
1940,1745,5
1940,1838,5
1940,1966,5
1941,1578,5
1941,1788,5
1941,1882,5
1941,1937,5
1941,1942,5
1941,1943,5
1942,1410,5
1942,1478,5
1942,1816,5
1942,1941,5
1942,1943,5
1942,1945,5
1943,1886,5
1943,1919,5
1943,1941,5
1943,1942,5
1943,1945,5
1943,1986,5
1944,857,5
1944,945,5
1944,1393,5
1944,1630,5
1944,1955,5
1944,1994,5
1945,1774,5
1945,1833,5
1945,1846,5
1945,1942,5
1945,1943,5
1945,1951,5
1946,72,5
1946,1867,5
1946,1882,5
1946,1883,5
1946,1897,5
1946,1913,5
1947,808,5
1947,1390,5
1947,1713,5
1947,1749,5
1947,1850,5
1947,1927,5
1948,495,5
1948,950,5
1948,1802,5
1948,1879,5
1948,1938,5
1948,1998,5
1949,861,5
1949,1808,5
1949,1831,5
1949,1851,5
1949,1927,5
1949,1985,5
1950,210,5
1950,456,5
1950,1778,5
1950,1806,5
1950,1843,5
1950,1915,5
1951,838,5
1951,1804,5
1951,1945,5
1951,1958,5
1951,1961,5
1951,1998,5
1952,1468,5
1952,1741,5
1952,1753,5
1952,1811,5
1952,1813,5
1952,1814,5
1952,1815,5
1953,1020,5
1953,1768,5
1953,1875,5
1953,1956,5
1953,1960,5
1953,1994,5
1953,1995,5
1954,1132,5
1954,1234,5
1954,1891,5
1954,1900,5
1954,1966,5
1954,1970,5
1954,1982,5
1955,1429,5
1955,1638,5
1955,1783,5
1955,1784,5
1955,1944,5
1955,1961,5
1955,1975,5
1956,325,5
1956,1895,5
1956,1911,5
1956,1953,5
1956,1960,5
1956,1994,5
1956,1995,5
1957,1226,5
1957,1227,5
1957,1467,5
1957,1658,5
1957,1749,5
1957,1963,5
1957,1969,5
1958,1887,5
1958,1893,5
1958,1930,5
1958,1934,5
1958,1951,5
1958,1961,5
1958,1968,5
1959,1056,5
1959,1751,5
1959,1752,5
1959,1754,5
1959,1898,5
1959,1909,5
1959,1983,5
1960,1566,5
1960,1936,5
1960,1953,5
1960,1956,5
1960,1972,5
1960,1990,5
1960,1994,5
1961,906,5
1961,1951,5
1961,1955,5
1961,1958,5
1961,1968,5
1961,1975,5
1961,1994,5
1962,561,5
1962,1291,5
1962,1372,5
1962,1373,5
1962,1522,5
1962,1571,5
1962,1666,5
1963,1335,5
1963,1780,5
1963,1797,5
1963,1819,5
1963,1913,5
1963,1957,5
1963,1969,5
1964,48,5
1964,461,5
1964,1359,5
1964,1453,5
1964,1971,5
1964,1980,5
1964,1983,5
1965,833,5
1965,1349,5
1965,1382,5
1965,1482,5
1965,1514,5
1965,1516,5
1965,1523,5
1966,1187,5
1966,1889,5
1966,1935,5
1966,1940,5
1966,1954,5
1966,1970,5
1966,1982,5
1967,1905,5
1967,1936,5
1967,1972,5
1967,1973,5
1967,1974,5
1967,1977,5
1967,1996,5
1968,244,5
1968,1775,5
1968,1821,5
1968,1925,5
1968,1958,5
1968,1961,5
1968,1985,5
1969,1380,5
1969,1607,5
1969,1627,5
1969,1824,5
1969,1957,5
1969,1963,5
1969,1974,5
1970,1352,5
1970,1376,5
1970,1391,5
1970,1537,5
1970,1954,5
1970,1966,5
1970,1974,5
1970,1985,5
1971,161,5
1971,762,5
1971,1430,5
1971,1792,5
1971,1814,5
1971,1964,5
1971,1980,5
1971,1983,5
1972,1274,5
1972,1877,5
1972,1912,5
1972,1960,5
1972,1967,5
1972,1973,5
1972,1974,5
1972,1977,5
1973,1813,5
1973,1827,5
1973,1909,5
1973,1967,5
1973,1972,5
1973,1974,5
1973,1977,5
1973,1983,5
1974,103,5
1974,1679,5
1974,1967,5
1974,1969,5
1974,1970,5
1974,1972,5
1974,1973,5
1974,1977,5
1975,797,5
1975,1312,5
1975,1849,5
1975,1861,5
1975,1885,5
1975,1955,5
1975,1961,5
1975,1994,5
1976,1750,5
1976,1759,5
1976,1784,5
1976,1878,5
1976,1977,5
1976,1978,5
1976,1979,5
1976,1981,5
1977,1871,5
1977,1877,5
1977,1912,5
1977,1967,5
1977,1972,5
1977,1973,5
1977,1974,5
1977,1976,5
1978,720,5
1978,1160,5
1978,1183,5
1978,1265,5
1978,1976,5
1978,1979,5
1978,1981,5
1978,1991,5
1979,227,5
1979,1830,5
1979,1868,5
1979,1922,5
1979,1976,5
1979,1978,5
1979,1981,5
1979,1991,5
1980,784,5
1980,1292,5
1980,1386,5
1980,1416,5
1980,1645,5
1980,1964,5
1980,1971,5
1980,1982,5
1981,799,5
1981,908,5
1981,957,5
1981,967,5
1981,1035,5
1981,1976,5
1981,1978,5
1981,1979,5
1981,1991,5
1982,814,5
1982,1246,5
1982,1538,5
1982,1800,5
1982,1881,5
1982,1920,5
1982,1954,5
1982,1966,5
1982,1980,5
1983,280,5
1983,781,5
1983,1524,5
1983,1714,5
1983,1864,5
1983,1959,5
1983,1964,5
1983,1971,5
1983,1973,5
1984,1410,5
1984,1478,5
1984,1493,5
1984,1699,5
1984,1826,5
1984,1986,5
1984,1989,5
1984,1991,5
1984,1992,5
1985,1607,5
1985,1854,5
1985,1855,5
1985,1860,5
1985,1876,5
1985,1949,5
1985,1968,5
1985,1970,5
1985,1991,5
1986,1781,5
1986,1805,5
1986,1822,5
1986,1825,5
1986,1943,5
1986,1984,5
1986,1989,5
1986,1991,5
1986,1992,5
1987,1117,5
1987,1145,5
1987,1352,5
1987,1530,5
1987,1988,5
1987,1993,5
1987,1995,5
1987,1997,5
1987,1999,5
1988,1493,5
1988,1560,5
1988,1622,5
1988,1698,5
1988,1728,5
1988,1987,5
1988,1993,5
1988,1995,5
1988,1997,5
1988,1999,5
1989,677,5
1989,1465,5
1989,1519,5
1989,1554,5
1989,1629,5
1989,1747,5
1989,1899,5
1989,1984,5
1989,1986,5
1989,1990,5
1989,1992,5
1990,38,5
1990,520,5
1990,1608,5
1990,1806,5
1990,1863,5
1990,1865,5
1990,1905,5
1990,1960,5
1990,1989,5
1990,1992,5
1990,1996,5
1991,1847,5
1991,1856,5
1991,1873,5
1991,1889,5
1991,1914,5
1991,1978,5
1991,1979,5
1991,1981,5
1991,1984,5
1991,1985,5
1991,1986,5
1992,1106,5
1992,1502,5
1992,1609,5
1992,1611,5
1992,1620,5
1992,1623,5
1992,1707,5
1992,1788,5
1992,1984,5
1992,1986,5
1992,1989,5
1992,1990,5
1993,1159,5
1993,1595,5
1993,1874,5
1993,1897,5
1993,1924,5
1993,1926,5
1993,1987,5
1993,1988,5
1993,1996,5
1993,1997,5
1993,1998,5
1993,1999,5
1994,474,5
1994,1702,5
1994,1865,5
1994,1894,5
1994,1944,5
1994,1953,5
1994,1956,5
1994,1960,5
1994,1961,5
1994,1975,5
1994,1995,5
1994,1997,5
1995,55,5
1995,889,5
1995,1097,5
1995,1347,5
1995,1357,5
1995,1619,5
1995,1850,5
1995,1896,5
1995,1953,5
1995,1956,5
1995,1987,5
1995,1988,5
1995,1994,5
1996,1848,5
1996,1862,5
1996,1905,5
1996,1908,5
1996,1967,5
1996,1990,5
1996,1993,5
1996,1997,5
1996,1998,5
1996,1999,5
1996,2000,5
1997,450,5
1997,656,5
1997,738,5
1997,1089,5
1997,1225,5
1997,1659,5
1997,1742,5
1997,1987,5
1997,1988,5
1997,1993,5
1997,1994,5
1997,1996,5
1997,1998,5
1997,1999,5
1998,58,5
1998,74,5
1998,80,5
1998,320,5
1998,349,5
1998,532,5
1998,559,5
1998,1098,5
1998,1210,5
1998,1948,5
1998,1951,5
1998,1993,5
1998,1996,5
1998,1997,5
1998,1999,5
1998,2000,5
1999,239,5
1999,387,5
1999,421,5
1999,461,5
1999,462,5
1999,471,5
1999,649,5
1999,682,5
1999,693,5
1999,735,5
1999,1079,5
1999,1277,5
1999,1823,5
1999,1987,5
1999,1988,5
1999,1993,5
1999,1996,5
1999,1997,5
1999,1998,5
1999,2000,5
2000,580,5
2000,1100,5
2000,1507,5
2000,1527,5
2000,1539,5
2000,1583,5
2000,1621,5
2000,1683,5
2000,1684,5
2000,1701,5
2000,1996,5
2000,1998,5
2000,1999,5
