1,400,1
1,851,1
2,196,1
2,276,1
3,828,1
3,989,1
4,29,1
4,710,1
5,439,1
5,746,1
6,751,1
6,988,1
7,552,1
7,941,1
8,747,1
8,880,1
9,891,1
9,996,1
10,955,1
10,979,1
11,774,1
11,999,1
12,739,1
12,906,1
13,541,1
13,979,1
14,379,1
14,798,1
15,85,1
15,312,1
16,51,1
16,79,1
17,734,1
17,926,1
18,24,1
18,927,1
19,469,1
19,881,1
20,534,1
20,672,1
21,721,1
21,985,1
22,885,1
22,908,1
23,957,1
23,987,1
24,18,1
24,760,1
25,653,1
25,962,1
26,111,1
26,705,1
27,172,1
27,985,1
28,40,1
28,969,1
29,4,1
29,748,1
30,214,1
30,694,1
31,197,1
31,366,1
32,883,1
32,992,1
33,55,1
33,200,1
34,869,1
34,999,1
35,71,1
35,778,1
36,790,1
36,996,1
37,229,1
37,668,1
38,759,1
38,987,1
39,409,1
39,934,1
40,28,1
40,147,1
41,746,1
41,991,1
42,99,1
42,812,1
43,843,1
43,968,1
44,750,1
44,997,1
45,837,1
45,924,1
46,170,1
46,802,1
47,942,1
47,993,1
48,404,1
48,571,1
49,288,1
49,909,1
50,369,1
50,593,1
51,16,1
51,545,1
52,751,1
52,792,1
53,547,1
53,747,1
54,507,1
54,794,1
55,33,1
55,668,1
56,196,1
56,956,1
57,91,1
57,822,1
58,858,1
58,897,1
59,577,1
59,669,1
60,712,1
60,733,1
61,614,1
61,646,1
62,951,1
62,970,1
63,629,1
63,995,1
64,501,1
64,890,1
65,66,1
65,666,1
66,65,1
66,296,1
67,292,1
67,702,1
68,729,1
68,788,1
69,713,1
69,866,1
70,923,1
70,1000,1
71,35,1
71,634,1
72,85,1
72,757,1
73,301,1
73,979,1
74,83,1
74,495,1
75,933,1
75,1000,1
76,907,1
76,961,1
77,220,1
77,411,1
78,543,1
78,560,1
79,16,1
79,896,1
80,256,1
80,963,1
81,281,1
81,912,1
82,528,1
82,896,1
83,74,1
83,150,1
84,126,1
84,895,1
85,15,1
85,72,1
86,118,1
86,992,1
87,914,1
87,976,1
88,595,1
88,990,1
89,310,1
89,383,1
90,624,1
90,650,1
91,57,1
91,970,1
92,327,1
92,722,1
93,537,1
93,572,1
94,367,1
94,959,1
95,96,1
95,174,1
96,95,1
96,991,1
97,280,1
97,962,1
98,285,1
98,708,1
99,42,1
99,920,1
100,421,1
100,486,1
101,225,1
101,377,1
102,396,1
102,896,1
103,475,1
103,726,1
104,134,1
104,880,1
105,396,1
105,783,1
106,812,1
106,926,1
107,782,1
107,995,1
108,338,1
108,760,1
109,624,1
109,977,1
110,257,1
110,803,1
111,26,1
111,999,1
112,878,1
112,998,1
113,384,1
113,983,1
114,416,1
114,845,1
115,260,1
115,798,1
116,373,1
116,786,1
117,247,1
117,717,1
118,86,1
118,967,1
119,921,1
119,990,1
120,518,1
120,879,1
121,619,1
121,637,1
122,622,1
122,941,1
123,901,1
123,928,1
124,753,1
124,906,1
125,247,1
125,838,1
126,84,1
126,904,1
127,943,1
127,973,1
128,759,1
128,763,1
129,130,1
129,1000,1
130,129,1
130,748,1
131,787,1
131,867,1
132,206,1
132,374,1
133,870,1
133,987,1
134,104,1
134,888,1
135,317,1
135,385,1
136,160,1
136,990,1
137,748,1
137,994,1
138,767,1
138,798,1
139,251,1
139,652,1
140,643,1
140,805,1
141,382,1
141,980,1
142,431,1
142,953,1
143,154,1
143,983,1
144,254,1
144,958,1
145,146,1
145,609,1
146,145,1
146,500,1
147,40,1
147,900,1
148,165,1
148,670,1
149,695,1
149,914,1
150,83,1
150,927,1
151,495,1
151,949,1
152,179,1
152,807,1
153,240,1
153,789,1
154,143,1
154,348,1
155,807,1
155,927,1
156,922,1
156,995,1
157,166,1
157,604,1
158,461,1
158,959,1
159,834,1
159,932,1
160,136,1
160,992,1
161,780,1
161,809,1
162,875,1
162,887,1
163,331,1
163,984,1
164,806,1
164,885,1
165,148,1
165,681,1
166,157,1
166,861,1
167,171,1
167,886,1
168,319,1
168,378,1
169,296,1
169,449,1
170,46,1
170,848,1
171,167,1
171,467,1
172,27,1
172,699,1
173,558,1
173,920,1
174,95,1
174,635,1
175,216,1
175,899,1
176,598,1
176,986,1
177,185,1
177,407,1
178,764,1
178,895,1
179,152,1
179,732,1
180,488,1
180,847,1
181,182,1
181,326,1
182,181,1
182,447,1
183,491,1
183,715,1
184,735,1
184,986,1
185,177,1
185,186,1
186,185,1
186,585,1
187,204,1
187,418,1
188,195,1
188,996,1
189,358,1
189,524,1
190,601,1
190,881,1
191,734,1
191,809,1
192,202,1
192,929,1
193,806,1
193,942,1
194,236,1
194,979,1
195,188,1
195,796,1
196,2,1
196,56,1
197,31,1
197,888,1
198,374,1
198,463,1
199,688,1
199,701,1
200,33,1
200,729,1
201,578,1
201,973,1
202,192,1
202,568,1
203,880,1
203,978,1
204,187,1
204,406,1
205,420,1
205,721,1
206,132,1
206,534,1
207,702,1
207,902,1
208,816,1
208,965,1
209,332,1
209,988,1
210,386,1
210,505,1
211,499,1
211,874,1
212,439,1
212,561,1
213,667,1
213,999,1
214,30,1
214,315,1
215,240,1
215,408,1
216,175,1
216,932,1
217,218,1
217,990,1
218,217,1
218,703,1
219,331,1
219,838,1
220,77,1
220,727,1
221,641,1
221,921,1
222,771,1
222,908,1
223,426,1
223,716,1
224,239,1
224,278,1
225,101,1
225,998,1
226,889,1
226,996,1
227,361,1
227,953,1
228,407,1
228,793,1
229,37,1
229,882,1
230,307,1
230,404,1
231,831,1
231,999,1
232,696,1
232,938,1
233,726,1
233,841,1
234,847,1
234,990,1
235,299,1
235,329,1
236,194,1
236,769,1
237,686,1
237,818,1
238,435,1
238,883,1
239,224,1
239,931,1
240,153,1
240,215,1
241,311,1
241,967,1
242,291,1
242,538,1
243,376,1
243,976,1
244,733,1
244,847,1
245,381,1
245,971,1
246,390,1
246,457,1
247,117,1
247,125,1
248,871,1
248,991,1
249,917,1
249,992,1
250,468,1
250,836,1
251,139,1
251,808,1
252,641,1
252,1000,1
253,923,1
253,952,1
254,144,1
254,662,1
255,573,1
255,972,1
256,80,1
256,686,1
257,110,1
257,991,1
258,762,1
258,935,1
259,536,1
259,754,1
260,115,1
260,849,1
261,305,1
261,523,1
262,767,1
262,852,1
263,371,1
263,612,1
264,370,1
264,980,1
265,397,1
265,710,1
266,413,1
266,487,1
267,268,1
267,998,1
268,267,1
268,763,1
269,810,1
269,999,1
270,891,1
270,948,1
271,532,1
271,899,1
272,298,1
272,861,1
273,942,1
273,949,1
274,763,1
274,945,1
275,465,1
275,939,1
276,2,1
276,619,1
277,471,1
277,762,1
278,224,1
278,776,1
279,587,1
279,754,1
280,97,1
280,785,1
281,81,1
281,428,1
282,724,1
282,953,1
283,712,1
283,978,1
284,851,1
284,884,1
285,98,1
285,966,1
286,588,1
286,928,1
287,737,1
287,988,1
288,49,1
288,776,1
289,432,1
289,899,1
290,468,1
290,720,1
291,242,1
291,453,1
292,67,1
292,375,1
293,608,1
293,799,1
294,606,1
294,937,1
295,664,1
295,1000,1
296,66,1
296,169,1
297,320,1
297,704,1
298,272,1
298,795,1
299,235,1
299,817,1
300,573,1
300,998,1
301,73,1
301,774,1
302,663,1
302,820,1
303,889,1
303,926,1
304,386,1
304,627,1
305,261,1
305,616,1
306,403,1
306,960,1
307,230,1
307,492,1
308,675,1
308,915,1
309,680,1
309,850,1
310,89,1
310,963,1
311,241,1
311,319,1
312,15,1
312,540,1
313,584,1
313,797,1
314,878,1
314,886,1
315,214,1
315,965,1
316,787,1
316,994,1
317,135,1
317,853,1
318,368,1
318,877,1
319,168,1
319,311,1
320,297,1
320,371,1
321,645,1
321,867,1
322,652,1
322,774,1
323,500,1
323,911,1
324,618,1
324,939,1
325,769,1
325,916,1
326,181,1
326,704,1
327,92,1
327,462,1
328,944,1
328,988,1
329,235,1
329,569,1
330,530,1
330,600,1
331,163,1
331,219,1
332,209,1
332,333,1
333,332,1
333,947,1
334,679,1
334,782,1
335,779,1
335,933,1
336,372,1
336,852,1
337,730,1
337,740,1
338,108,1
338,799,1
339,514,1
339,903,1
340,709,1
340,868,1
341,671,1
341,707,1
342,343,1
342,969,1
343,342,1
343,670,1
344,512,1
344,985,1
345,356,1
345,794,1
346,721,1
346,996,1
347,593,1
347,915,1
348,154,1
348,490,1
349,462,1
349,1000,1
350,542,1
350,912,1
351,738,1
351,911,1
352,353,1
352,984,1
353,352,1
353,768,1
354,986,1
354,996,1
355,417,1
355,820,1
356,345,1
356,908,1
357,453,1
357,989,1
358,189,1
358,740,1
359,428,1
359,944,1
360,418,1
360,923,1
361,227,1
361,832,1
362,682,1
362,792,1
363,648,1
363,982,1
364,405,1
364,833,1
365,986,1
365,1000,1
366,31,1
366,758,1
367,94,1
367,903,1
368,318,1
368,879,1
369,50,1
369,972,1
370,264,1
370,815,1
371,263,1
371,320,1
372,336,1
372,701,1
373,116,1
373,954,1
374,132,1
374,198,1
375,292,1
375,388,1
376,243,1
376,943,1
377,101,1
377,994,1
378,168,1
378,999,1
379,14,1
379,777,1
380,980,1
380,999,1
381,245,1
381,978,1
382,141,1
382,981,1
383,89,1
383,976,1
384,113,1
384,933,1
385,135,1
385,977,1
386,210,1
386,304,1
387,738,1
387,973,1
388,375,1
388,789,1
389,630,1
389,946,1
390,246,1
390,579,1
391,775,1
391,796,1
392,849,1
392,977,1
393,425,1
393,426,1
394,435,1
394,864,1
395,452,1
395,975,1
396,102,1
396,105,1
397,265,1
397,878,1
398,654,1
398,995,1
399,415,1
399,662,1
400,1,1
400,848,1
401,414,1
401,529,1
402,800,1
402,876,1
403,306,1
403,764,1
404,48,1
404,230,1
405,364,1
405,978,1
406,204,1
406,987,1
407,177,1
407,228,1
408,215,1
408,893,1
409,39,1
409,982,1
410,590,1
410,993,1
411,77,1
411,995,1
412,436,1
412,594,1
413,266,1
413,882,1
414,401,1
414,574,1
415,399,1
415,605,1
416,114,1
416,730,1
417,355,1
417,930,1
418,187,1
418,360,1
419,621,1
419,931,1
420,205,1
420,957,1
421,100,1
421,690,1
422,433,1
422,933,1
423,434,1
423,615,1
424,962,1
424,993,1
425,393,1
425,586,1
426,223,1
426,393,1
427,845,1
427,893,1
428,281,1
428,359,1
429,580,1
429,620,1
430,811,1
430,1000,1
431,142,1
431,720,1
432,289,1
432,498,1
433,422,1
433,854,1
434,423,1
434,475,1
435,238,1
435,394,1
436,412,1
436,898,1
437,827,1
437,953,1
438,915,1
438,981,1
439,5,1
439,212,1
440,579,1
440,931,1
441,448,1
441,757,1
442,742,1
442,803,1
443,840,1
443,992,1
444,473,1
444,626,1
445,928,1
445,977,1
446,548,1
446,829,1
447,182,1
447,810,1
448,441,1
448,818,1
449,169,1
449,909,1
450,957,1
450,978,1
451,484,1
451,808,1
452,395,1
452,997,1
453,291,1
453,357,1
454,458,1
454,963,1
455,706,1
455,855,1
456,952,1
456,990,1
457,246,1
457,607,1
458,454,1
458,856,1
459,718,1
459,994,1
460,725,1
460,865,1
461,158,1
461,658,1
462,327,1
462,349,1
463,198,1
463,726,1
464,717,1
464,907,1
465,275,1
465,545,1
466,492,1
466,998,1
467,171,1
467,872,1
468,250,1
468,290,1
469,19,1
469,805,1
470,557,1
470,969,1
471,277,1
471,682,1
472,757,1
472,892,1
473,444,1
473,736,1
474,864,1
474,955,1
475,103,1
475,434,1
476,955,1
476,985,1
477,566,1
477,629,1
478,544,1
478,866,1
479,800,1
479,826,1
480,502,1
480,839,1
481,482,1
481,876,1
482,481,1
482,657,1
483,995,1
483,998,1
484,451,1
484,853,1
485,592,1
485,924,1
486,100,1
486,997,1
487,266,1
487,966,1
488,180,1
488,855,1
489,539,1
489,983,1
490,348,1
490,724,1
491,183,1
491,610,1
492,307,1
492,466,1
493,741,1
493,942,1
494,562,1
494,924,1
495,74,1
495,151,1
496,525,1
496,971,1
497,706,1
497,936,1
498,432,1
498,868,1
499,211,1
499,869,1
500,146,1
500,323,1
501,64,1
501,917,1
502,480,1
502,543,1
503,504,1
503,868,1
504,503,1
504,784,1
505,210,1
505,911,1
506,515,1
506,795,1
507,54,1
507,616,1
508,667,1
508,939,1
509,890,1
509,971,1
510,887,1
510,910,1
511,847,1
511,990,1
512,344,1
512,683,1
513,848,1
513,960,1
514,339,1
514,867,1
515,506,1
515,669,1
516,778,1
516,937,1
517,860,1
517,998,1
518,120,1
518,972,1
519,810,1
519,874,1
520,872,1
520,993,1
521,940,1
521,964,1
522,906,1
522,951,1
523,261,1
523,542,1
524,189,1
524,873,1
525,496,1
525,992,1
526,604,1
526,631,1
527,900,1
527,994,1
528,82,1
528,954,1
529,401,1
529,833,1
530,330,1
530,876,1
531,596,1
531,826,1
532,271,1
532,536,1
533,610,1
533,722,1
534,20,1
534,206,1
535,764,1
535,999,1
536,259,1
536,532,1
537,93,1
537,959,1
538,242,1
538,975,1
539,489,1
539,901,1
540,312,1
540,690,1
541,13,1
541,937,1
542,350,1
542,523,1
543,78,1
543,502,1
544,478,1
544,919,1
545,51,1
545,465,1
546,732,1
546,783,1
547,53,1
547,905,1
548,446,1
548,753,1
549,854,1
549,1000,1
550,823,1
550,983,1
551,870,1
551,962,1
552,7,1
552,940,1
553,968,1
553,999,1
554,788,1
554,861,1
555,935,1
555,996,1
556,873,1
556,904,1
557,470,1
557,752,1
558,173,1
558,850,1
559,560,1
559,987,1
560,78,1
560,559,1
561,212,1
561,821,1
562,494,1
562,925,1
563,681,1
563,768,1
564,659,1
564,686,1
565,771,1
565,856,1
566,477,1
566,855,1
567,921,1
567,976,1
568,202,1
568,991,1
569,329,1
569,804,1
570,766,1
570,832,1
571,48,1
571,997,1
572,93,1
572,673,1
573,255,1
573,300,1
574,414,1
574,985,1
575,693,1
575,993,1
576,863,1
576,999,1
577,59,1
577,932,1
578,201,1
578,844,1
579,390,1
579,440,1
580,429,1
580,859,1
581,586,1
581,796,1
582,919,1
582,985,1
583,877,1
583,929,1
584,313,1
584,974,1
585,186,1
585,984,1
586,425,1
586,581,1
587,279,1
587,670,1
588,286,1
588,968,1
589,765,1
589,967,1
590,410,1
590,755,1
591,750,1
591,779,1
592,485,1
592,983,1
593,50,1
593,347,1
594,412,1
594,780,1
595,88,1
595,745,1
596,531,1
596,878,1
597,678,1
597,987,1
598,176,1
598,996,1
599,692,1
599,885,1
600,330,1
600,882,1
601,190,1
601,902,1
602,819,1
602,881,1
603,836,1
603,897,1
604,157,1
604,526,1
605,415,1
605,606,1
606,294,1
606,605,1
607,457,1
607,887,1
608,293,1
608,861,1
609,145,1
609,986,1
610,491,1
610,533,1
611,612,1
611,630,1
612,263,1
612,611,1
613,704,1
613,825,1
614,61,1
614,996,1
615,423,1
615,882,1
616,305,1
616,507,1
617,725,1
617,755,1
618,324,1
618,632,1
619,121,1
619,276,1
620,429,1
620,989,1
621,419,1
621,715,1
622,122,1
622,974,1
623,904,1
623,994,1
624,90,1
624,109,1
625,705,1
625,743,1
626,444,1
626,991,1
627,304,1
627,975,1
628,793,1
628,846,1
629,63,1
629,477,1
630,389,1
630,611,1
631,526,1
631,786,1
632,618,1
632,700,1
633,959,1
633,961,1
634,71,1
634,722,1
635,174,1
635,974,1
636,824,1
636,829,1
637,121,1
637,762,1
638,799,1
638,920,1
639,649,1
639,839,1
640,770,1
640,939,1
641,221,1
641,252,1
642,657,1
642,918,1
643,140,1
643,870,1
644,949,1
644,992,1
645,321,1
645,784,1
646,61,1
646,982,1
647,739,1
647,865,1
648,363,1
648,852,1
649,639,1
649,688,1
650,90,1
650,756,1
651,733,1
651,926,1
652,139,1
652,322,1
653,25,1
653,952,1
654,398,1
654,727,1
655,855,1
655,997,1
656,787,1
656,980,1
657,482,1
657,642,1
658,461,1
658,976,1
659,564,1
659,958,1
660,954,1
660,981,1
661,707,1
661,751,1
661,945,1
662,254,1
662,399,1
662,988,1
663,302,1
663,673,1
663,875,1
664,295,1
664,666,1
664,885,1
665,732,1
665,950,1
665,991,1
666,65,1
666,664,1
666,965,1
667,213,1
667,508,1
667,668,1
668,37,1
668,55,1
668,667,1
669,59,1
669,515,1
669,991,1
670,148,1
670,343,1
670,587,1
671,341,1
671,955,1
671,979,1
672,20,1
672,981,1
672,987,1
673,572,1
673,663,1
673,761,1
674,815,1
674,816,1
674,871,1
675,308,1
675,678,1
675,788,1
676,691,1
676,819,1
676,953,1
677,777,1
677,932,1
677,992,1
678,597,1
678,675,1
678,816,1
679,334,1
679,910,1
679,986,1
680,309,1
680,879,1
680,974,1
681,165,1
681,563,1
681,840,1
682,362,1
682,471,1
682,984,1
683,512,1
683,736,1
683,889,1
684,698,1
684,941,1
684,978,1
685,687,1
685,778,1
685,797,1
686,237,1
686,256,1
686,564,1
687,685,1
687,698,1
687,876,1
688,199,1
688,649,1
688,782,1
689,756,1
689,789,1
689,914,1
690,421,1
690,540,1
690,720,1
691,676,1
691,772,1
691,830,1
692,599,1
692,849,1
692,941,1
693,575,1
693,915,1
693,971,1
694,30,1
694,935,1
694,997,1
695,149,1
695,785,1
695,865,1
696,232,1
696,738,1
696,944,1
697,784,1
697,907,1
697,947,1
698,684,1
698,687,1
698,961,1
699,172,1
699,993,1
699,1000,1
700,632,1
700,844,1
700,894,1
701,199,1
701,372,1
701,801,1
702,67,1
702,207,1
702,752,1
703,218,1
703,743,1
703,999,1
704,297,1
704,326,1
704,613,1
705,26,1
705,625,1
705,791,1
706,455,1
706,497,1
706,888,1
707,341,1
707,661,1
707,723,1
708,98,1
708,711,1
708,875,1
709,340,1
709,711,1
709,846,1
710,4,1
710,265,1
710,907,1
711,708,1
711,709,1
711,1000,1
712,60,1
712,283,1
712,966,1
713,69,1
713,857,1
713,969,1
714,868,1
714,956,1
714,975,1
715,183,1
715,621,1
715,852,1
716,223,1
716,752,1
716,988,1
717,117,1
717,464,1
717,773,1
718,459,1
718,719,1
718,749,1
719,718,1
719,830,1
719,929,1
720,290,1
720,431,1
720,690,1
721,21,1
721,205,1
721,346,1
722,92,1
722,533,1
722,634,1
723,707,1
723,892,1
723,988,1
724,282,1
724,490,1
724,984,1
725,460,1
725,617,1
725,966,1
726,103,1
726,233,1
726,463,1
727,220,1
727,654,1
727,951,1
728,781,1
728,792,1
728,811,1
729,68,1
729,200,1
729,896,1
730,337,1
730,416,1
730,951,1
731,736,1
731,828,1
731,865,1
732,179,1
732,546,1
732,665,1
733,60,1
733,244,1
733,651,1
734,17,1
734,191,1
734,856,1
735,184,1
735,873,1
735,992,1
736,473,1
736,683,1
736,731,1
737,287,1
737,775,1
737,998,1
738,351,1
738,387,1
738,696,1
739,12,1
739,647,1
739,772,1
740,337,1
740,358,1
740,806,1
741,493,1
741,745,1
741,953,1
742,442,1
742,884,1
742,985,1
743,625,1
743,703,1
743,975,1
744,831,1
744,854,1
744,961,1
745,595,1
745,741,1
745,759,1
746,5,1
746,41,1
746,833,1
747,8,1
747,53,1
747,894,1
748,29,1
748,130,1
748,137,1
749,718,1
749,913,1
749,916,1
750,44,1
750,591,1
750,755,1
751,6,1
751,52,1
751,661,1
752,557,1
752,702,1
752,716,1
753,124,1
753,548,1
753,839,1
754,259,1
754,279,1
754,817,1
755,590,1
755,617,1
755,750,1
756,650,1
756,689,1
756,898,1
757,72,1
757,441,1
757,472,1
758,366,1
758,967,1
758,998,1
759,38,1
759,128,1
759,745,1
760,24,1
760,108,1
760,913,1
761,673,1
761,891,1
761,940,1
762,258,1
762,277,1
762,637,1
763,128,1
763,268,1
763,274,1
764,178,1
764,403,1
764,535,1
765,589,1
765,766,1
765,818,1
766,570,1
766,765,1
766,837,1
767,138,1
767,262,1
767,924,1
768,353,1
768,563,1
768,854,1
769,236,1
769,325,1
769,917,1
770,640,1
770,776,1
770,982,1
771,222,1
771,565,1
771,934,1
772,691,1
772,739,1
772,943,1
773,717,1
773,927,1
773,960,1
774,11,1
774,301,1
774,322,1
775,391,1
775,737,1
775,828,1
776,278,1
776,288,1
776,770,1
777,379,1
777,677,1
777,930,1
778,35,1
778,516,1
778,685,1
779,335,1
779,591,1
779,1000,1
780,161,1
780,594,1
780,884,1
781,728,1
781,837,1
781,950,1
782,107,1
782,334,1
782,688,1
783,105,1
783,546,1
783,892,1
784,504,1
784,645,1
784,697,1
785,280,1
785,695,1
785,813,1
786,116,1
786,631,1
786,966,1
787,131,1
787,316,1
787,656,1
788,68,1
788,554,1
788,675,1
789,153,1
789,388,1
789,689,1
790,36,1
790,867,1
790,969,1
791,705,1
791,841,1
791,916,1
792,52,1
792,362,1
792,728,1
793,228,1
793,628,1
793,974,1
794,54,1
794,345,1
794,964,1
795,298,1
795,506,1
795,999,1
796,195,1
796,391,1
796,581,1
797,313,1
797,685,1
797,937,1
798,14,1
798,115,1
798,138,1
799,293,1
799,338,1
799,638,1
800,402,1
800,479,1
800,946,1
801,701,1
801,944,1
801,998,1
802,46,1
802,803,1
802,930,1
803,110,1
803,442,1
803,802,1
804,569,1
804,815,1
804,950,1
805,140,1
805,469,1
805,941,1
806,164,1
806,193,1
806,740,1
807,152,1
807,155,1
807,945,1
808,251,1
808,451,1
808,860,1
809,161,1
809,191,1
809,857,1
810,269,1
810,447,1
810,519,1
811,430,1
811,728,1
811,933,1
812,42,1
812,106,1
812,845,1
813,785,1
813,814,1
813,925,1
814,813,1
814,960,1
814,993,1
815,370,1
815,674,1
815,804,1
816,208,1
816,674,1
816,678,1
817,299,1
817,754,1
817,999,1
818,237,1
818,448,1
818,765,1
819,602,1
819,676,1
819,883,1
820,302,1
820,355,1
820,996,1
821,561,1
821,825,1
821,943,1
822,57,1
822,892,1
822,909,1
823,550,1
823,827,1
823,851,1
824,636,1
824,825,1
824,945,1
825,613,1
825,821,1
825,824,1
826,479,1
826,531,1
826,830,1
827,437,1
827,823,1
827,899,1
828,3,1
828,731,1
828,775,1
829,446,1
829,636,1
829,922,1
830,691,1
830,719,1
830,826,1
831,231,1
831,744,1
831,872,1
832,361,1
832,570,1
832,972,1
833,364,1
833,529,1
833,746,1
834,159,1
834,910,1
834,938,1
835,862,1
835,898,1
835,987,1
836,250,1
836,603,1
836,994,1
837,45,1
837,766,1
837,781,1
838,125,1
838,219,1
838,970,1
839,480,1
839,639,1
839,753,1
840,443,1
840,681,1
840,898,1
841,233,1
841,791,1
841,894,1
842,918,1
842,973,1
842,987,1
843,43,1
843,897,1
843,962,1
844,578,1
844,700,1
844,886,1
845,114,1
845,427,1
845,812,1
845,984,1
846,628,1
846,709,1
846,922,1
846,934,1
847,180,1
847,234,1
847,244,1
847,511,1
848,170,1
848,400,1
848,513,1
848,997,1
849,260,1
849,392,1
849,692,1
849,850,1
850,309,1
850,558,1
850,849,1
850,996,1
851,1,1
851,284,1
851,823,1
851,987,1
852,262,1
852,336,1
852,648,1
852,715,1
853,317,1
853,484,1
853,856,1
853,963,1
854,433,1
854,549,1
854,744,1
854,768,1
855,455,1
855,488,1
855,566,1
855,655,1
856,458,1
856,565,1
856,734,1
856,853,1
857,713,1
857,809,1
857,863,1
857,958,1
858,58,1
858,859,1
858,951,1
858,985,1
859,580,1
859,858,1
859,948,1
859,994,1
860,517,1
860,808,1
860,921,1
860,982,1
861,166,1
861,272,1
861,554,1
861,608,1
862,835,1
862,973,1
862,980,1
862,1000,1
863,576,1
863,857,1
863,965,1
863,975,1
864,394,1
864,474,1
864,974,1
864,996,1
865,460,1
865,647,1
865,695,1
865,731,1
866,69,1
866,478,1
866,944,1
866,956,1
867,131,1
867,321,1
867,514,1
867,790,1
868,340,1
868,498,1
868,503,1
868,714,1
869,34,1
869,499,1
869,954,1
869,980,1
870,133,1
870,551,1
870,643,1
870,913,1
871,248,1
871,674,1
871,977,1
871,989,1
872,467,1
872,520,1
872,831,1
872,950,1
873,524,1
873,556,1
873,735,1
873,874,1
874,211,1
874,519,1
874,873,1
874,936,1
875,162,1
875,663,1
875,708,1
875,970,1
876,402,1
876,481,1
876,530,1
876,687,1
877,318,1
877,583,1
877,887,1
877,956,1
878,112,1
878,314,1
878,397,1
878,596,1
879,120,1
879,368,1
879,680,1
879,880,1
880,8,1
880,104,1
880,203,1
880,879,1
881,19,1
881,190,1
881,602,1
881,900,1
882,229,1
882,413,1
882,600,1
882,615,1
883,32,1
883,238,1
883,819,1
883,976,1
884,284,1
884,742,1
884,780,1
884,894,1
885,22,1
885,164,1
885,599,1
885,664,1
886,167,1
886,314,1
886,844,1
886,991,1
887,162,1
887,510,1
887,607,1
887,877,1
888,134,1
888,197,1
888,706,1
888,889,1
889,226,1
889,303,1
889,683,1
889,888,1
890,64,1
890,509,1
890,936,1
890,999,1
891,9,1
891,270,1
891,761,1
891,998,1
892,472,1
892,723,1
892,783,1
892,822,1
893,408,1
893,427,1
893,902,1
893,926,1
894,700,1
894,747,1
894,841,1
894,884,1
895,84,1
895,178,1
895,927,1
895,993,1
896,79,1
896,82,1
896,102,1
896,729,1
897,58,1
897,603,1
897,843,1
897,998,1
898,436,1
898,756,1
898,835,1
898,840,1
899,175,1
899,271,1
899,289,1
899,827,1
900,147,1
900,527,1
900,881,1
900,901,1
901,123,1
901,539,1
901,900,1
901,918,1
902,207,1
902,601,1
902,893,1
902,981,1
903,339,1
903,367,1
903,904,1
903,942,1
904,126,1
904,556,1
904,623,1
904,903,1
905,547,1
905,970,1
905,993,1
905,1000,1
906,12,1
906,124,1
906,522,1
906,919,1
907,76,1
907,464,1
907,697,1
907,710,1
908,22,1
908,222,1
908,356,1
908,987,1
909,49,1
909,449,1
909,822,1
909,911,1
910,510,1
910,679,1
910,834,1
910,994,1
911,323,1
911,351,1
911,505,1
911,909,1
912,81,1
912,350,1
912,925,1
912,991,1
913,749,1
913,760,1
913,870,1
913,995,1
914,87,1
914,149,1
914,689,1
914,986,1
915,308,1
915,347,1
915,438,1
915,693,1
916,325,1
916,749,1
916,791,1
916,994,1
917,249,1
917,501,1
917,769,1
917,948,1
918,642,1
918,842,1
918,901,1
918,920,1
919,544,1
919,582,1
919,906,1
919,973,1
920,99,1
920,173,1
920,638,1
920,918,1
921,119,1
921,221,1
921,567,1
921,860,1
922,156,1
922,829,1
922,846,1
922,923,1
923,70,1
923,253,1
923,360,1
923,922,1
923,958,1
924,45,1
924,485,1
924,494,1
924,767,1
924,935,1
925,562,1
925,813,1
925,912,1
925,989,1
925,990,1
926,17,1
926,106,1
926,303,1
926,651,1
926,893,1
927,18,1
927,150,1
927,155,1
927,773,1
927,895,1
928,123,1
928,286,1
928,445,1
928,957,1
928,982,1
929,192,1
929,583,1
929,719,1
929,971,1
929,995,1
930,417,1
930,777,1
930,802,1
930,966,1
930,1000,1
931,239,1
931,419,1
931,440,1
931,947,1
931,999,1
932,159,1
932,216,1
932,577,1
932,677,1
932,998,1
933,75,1
933,335,1
933,384,1
933,422,1
933,811,1
934,39,1
934,771,1
934,846,1
934,937,1
934,981,1
935,258,1
935,555,1
935,694,1
935,924,1
935,936,1
936,497,1
936,874,1
936,890,1
936,935,1
936,940,1
937,294,1
937,516,1
937,541,1
937,797,1
937,934,1
938,232,1
938,834,1
938,940,1
938,997,1
938,998,1
939,275,1
939,324,1
939,508,1
939,640,1
939,975,1
940,521,1
940,552,1
940,761,1
940,936,1
940,938,1
941,7,1
941,122,1
941,684,1
941,692,1
941,805,1
942,47,1
942,193,1
942,273,1
942,493,1
942,903,1
943,127,1
943,376,1
943,772,1
943,821,1
943,946,1
944,328,1
944,359,1
944,696,1
944,801,1
944,866,1
945,274,1
945,661,1
945,807,1
945,824,1
945,972,1
946,389,1
946,800,1
946,943,1
946,968,1
946,989,1
947,333,1
947,697,1
947,931,1
947,967,1
947,968,1
948,270,1
948,859,1
948,917,1
948,950,1
948,992,1
949,151,1
949,273,1
949,644,1
949,952,1
949,994,1
950,665,1
950,781,1
950,804,1
950,872,1
950,948,1
951,62,1
951,522,1
951,727,1
951,730,1
951,858,1
952,253,1
952,456,1
952,653,1
952,949,1
952,991,1
953,142,1
953,227,1
953,282,1
953,437,1
953,676,1
953,741,1
954,373,1
954,528,1
954,660,1
954,869,1
954,955,1
954,997,1
955,10,1
955,474,1
955,476,1
955,671,1
955,954,1
955,999,1
956,56,1
956,714,1
956,866,1
956,877,1
956,970,1
956,983,1
957,23,1
957,420,1
957,450,1
957,928,1
957,958,1
957,997,1
958,144,1
958,659,1
958,857,1
958,923,1
958,957,1
958,995,1
959,94,1
959,158,1
959,537,1
959,633,1
959,960,1
959,995,1
960,306,1
960,513,1
960,773,1
960,814,1
960,959,1
960,979,1
961,76,1
961,633,1
961,698,1
961,744,1
961,962,1
961,964,1
962,25,1
962,97,1
962,424,1
962,551,1
962,843,1
962,961,1
963,80,1
963,310,1
963,454,1
963,853,1
963,964,1
963,993,1
964,521,1
964,794,1
964,961,1
964,963,1
964,981,1
964,986,1
965,208,1
965,315,1
965,666,1
965,863,1
965,967,1
965,1000,1
966,285,1
966,487,1
966,712,1
966,725,1
966,786,1
966,930,1
967,118,1
967,241,1
967,589,1
967,758,1
967,947,1
967,965,1
968,43,1
968,553,1
968,588,1
968,946,1
968,947,1
968,990,1
968,993,1
969,28,1
969,342,1
969,470,1
969,713,1
969,790,1
969,973,1
969,989,1
970,62,1
970,91,1
970,838,1
970,875,1
970,905,1
970,956,1
970,979,1
971,245,1
971,496,1
971,509,1
971,693,1
971,929,1
971,972,1
971,977,1
972,255,1
972,369,1
972,518,1
972,832,1
972,945,1
972,971,1
972,998,1
973,127,1
973,201,1
973,387,1
973,842,1
973,862,1
973,919,1
973,969,1
974,584,1
974,622,1
974,635,1
974,680,1
974,793,1
974,864,1
974,989,1
975,395,1
975,538,1
975,627,1
975,714,1
975,743,1
975,863,1
975,939,1
976,87,1
976,243,1
976,383,1
976,567,1
976,658,1
976,883,1
976,983,1
977,109,1
977,385,1
977,392,1
977,445,1
977,871,1
977,971,1
977,978,1
978,203,1
978,283,1
978,381,1
978,405,1
978,450,1
978,684,1
978,977,1
979,10,1
979,13,1
979,73,1
979,194,1
979,671,1
979,960,1
979,970,1
979,982,1
980,141,1
980,264,1
980,380,1
980,656,1
980,862,1
980,869,1
980,991,1
980,992,1
981,382,1
981,438,1
981,660,1
981,672,1
981,902,1
981,934,1
981,964,1
981,986,1
982,363,1
982,409,1
982,646,1
982,770,1
982,860,1
982,928,1
982,979,1
982,995,1
983,113,1
983,143,1
983,489,1
983,550,1
983,592,1
983,956,1
983,976,1
983,993,1
984,163,1
984,352,1
984,585,1
984,682,1
984,724,1
984,845,1
984,998,1
984,999,1
985,21,1
985,27,1
985,344,1
985,476,1
985,574,1
985,582,1
985,742,1
985,858,1
985,997,1
986,176,1
986,184,1
986,354,1
986,365,1
986,609,1
986,679,1
986,914,1
986,964,1
986,981,1
986,989,1
987,23,1
987,38,1
987,133,1
987,406,1
987,559,1
987,597,1
987,672,1
987,835,1
987,842,1
987,851,1
987,908,1
988,6,1
988,209,1
988,287,1
988,328,1
988,662,1
988,716,1
988,723,1
988,989,1
988,994,1
988,996,1
988,997,1
989,3,1
989,357,1
989,620,1
989,871,1
989,925,1
989,946,1
989,969,1
989,974,1
989,986,1
989,988,1
989,996,1
990,88,1
990,119,1
990,136,1
990,217,1
990,234,1
990,456,1
990,511,1
990,925,1
990,968,1
990,996,1
990,999,1
990,1000,1
991,41,1
991,96,1
991,248,1
991,257,1
991,568,1
991,626,1
991,665,1
991,669,1
991,886,1
991,912,1
991,952,1
991,980,1
992,32,1
992,86,1
992,160,1
992,249,1
992,443,1
992,525,1
992,644,1
992,677,1
992,735,1
992,948,1
992,980,1
992,995,1
993,47,1
993,410,1
993,424,1
993,520,1
993,575,1
993,699,1
993,814,1
993,895,1
993,905,1
993,963,1
993,968,1
993,983,1
993,1000,1
994,137,1
994,316,1
994,377,1
994,459,1
994,527,1
994,623,1
994,836,1
994,859,1
994,910,1
994,916,1
994,949,1
994,988,1
994,1000,1
995,63,1
995,107,1
995,156,1
995,398,1
995,411,1
995,483,1
995,913,1
995,929,1
995,958,1
995,959,1
995,982,1
995,992,1
995,997,1
995,998,1
995,1000,1
996,9,1
996,36,1
996,188,1
996,226,1
996,346,1
996,354,1
996,555,1
996,598,1
996,614,1
996,820,1
996,850,1
996,864,1
996,988,1
996,989,1
996,990,1
997,44,1
997,452,1
997,486,1
997,571,1
997,655,1
997,694,1
997,848,1
997,938,1
997,954,1
997,957,1
997,985,1
997,988,1
997,995,1
997,998,1
997,999,1
997,1000,1
998,112,1
998,225,1
998,267,1
998,300,1
998,466,1
998,483,1
998,517,1
998,737,1
998,758,1
998,801,1
998,891,1
998,897,1
998,932,1
998,938,1
998,972,1
998,984,1
998,995,1
998,997,1
999,11,1
999,34,1
999,111,1
999,213,1
999,231,1
999,269,1
999,378,1
999,380,1
999,535,1
999,553,1
999,576,1
999,703,1
999,795,1
999,817,1
999,890,1
999,931,1
999,955,1
999,984,1
999,990,1
999,997,1
1000,70,1
1000,75,1
1000,129,1
1000,252,1
1000,295,1
1000,349,1
1000,365,1
1000,430,1
1000,549,1
1000,699,1
1000,711,1
1000,779,1
1000,862,1
1000,905,1
1000,930,1
1000,965,1
1000,990,1
1000,993,1
1000,994,1
1000,995,1
1000,997,1
1,3,2
1,27,2
2,196,2
2,962,2
3,1,2
3,5,2
4,29,2
4,710,2
5,3,2
5,6,2
6,5,2
6,8,2
7,12,2
7,552,2
8,6,2
8,10,2
9,11,2
9,17,2
10,8,2
10,11,2
11,9,2
11,10,2
12,7,2
12,13,2
13,12,2
13,35,2
14,15,2
14,50,2
15,14,2
15,85,2
16,18,2
16,123,2
17,9,2
17,734,2
18,16,2
18,32,2
19,20,2
19,31,2
20,19,2
20,23,2
21,22,2
21,721,2
22,21,2
22,77,2
23,20,2
23,24,2
24,23,2
24,48,2
25,26,2
25,54,2
26,25,2
26,75,2
27,1,2
27,28,2
28,27,2
28,40,2
29,4,2
29,748,2
30,31,2
30,45,2
31,19,2
31,30,2
32,18,2
32,33,2
33,32,2
33,200,2
34,35,2
34,46,2
35,13,2
35,34,2
36,37,2
36,996,2
37,36,2
37,110,2
38,40,2
38,55,2
39,41,2
39,409,2
40,28,2
40,38,2
41,39,2
41,991,2
42,43,2
42,70,2
43,42,2
43,968,2
44,45,2
44,61,2
45,30,2
45,44,2
46,34,2
46,48,2
47,62,2
47,942,2
48,24,2
48,46,2
49,50,2
49,233,2
50,14,2
50,49,2
51,127,2
51,747,2
52,69,2
52,751,2
53,78,2
53,747,2
54,25,2
54,55,2
55,38,2
55,54,2
56,57,2
56,81,2
57,56,2
57,58,2
58,57,2
58,59,2
59,58,2
59,66,2
60,61,2
60,733,2
61,44,2
61,60,2
62,47,2
62,63,2
63,62,2
63,629,2
64,65,2
64,67,2
65,64,2
65,72,2
66,59,2
66,67,2
67,64,2
67,66,2
68,69,2
68,729,2
69,52,2
69,68,2
70,42,2
70,1000,2
71,72,2
71,73,2
72,65,2
72,71,2
73,71,2
73,75,2
74,152,2
74,495,2
75,26,2
75,73,2
76,77,2
76,86,2
77,22,2
77,76,2
78,53,2
78,79,2
79,78,2
79,95,2
80,81,2
80,109,2
81,56,2
81,80,2
82,83,2
82,138,2
83,82,2
83,155,2
84,85,2
84,126,2
85,15,2
85,84,2
86,76,2
86,87,2
87,86,2
87,88,2
88,87,2
88,89,2
89,88,2
89,104,2
90,107,2
90,624,2
91,92,2
91,115,2
92,91,2
92,117,2
93,94,2
93,537,2
94,93,2
94,959,2
95,79,2
95,96,2
96,95,2
96,991,2
97,101,2
97,962,2
98,99,2
98,187,2
99,98,2
99,173,2
100,122,2
100,421,2
101,97,2
101,102,2
102,101,2
102,105,2
103,105,2
103,475,2
104,89,2
104,106,2
105,102,2
105,103,2
106,104,2
106,112,2
107,90,2
107,995,2
108,109,2
108,134,2
109,80,2
109,108,2
110,37,2
110,111,2
111,110,2
111,120,2
112,106,2
112,113,2
113,112,2
113,384,2
114,115,2
114,131,2
115,91,2
115,114,2
116,118,2
116,149,2
117,92,2
117,119,2
118,116,2
118,119,2
119,117,2
119,118,2
120,111,2
120,121,2
121,120,2
121,135,2
122,100,2
122,124,2
123,16,2
123,125,2
124,122,2
124,125,2
125,123,2
125,124,2
126,84,2
126,127,2
127,51,2
127,126,2
128,129,2
128,759,2
129,128,2
129,146,2
130,131,2
130,139,2
131,114,2
131,130,2
132,133,2
132,151,2
133,132,2
133,144,2
134,108,2
134,135,2
135,121,2
135,134,2
136,137,2
136,191,2
137,136,2
137,748,2
138,82,2
138,139,2
139,130,2
139,138,2
140,141,2
140,169,2
141,140,2
141,382,2
142,143,2
142,156,2
143,142,2
143,154,2
144,133,2
144,958,2
145,146,2
145,150,2
146,129,2
146,145,2
147,148,2
147,900,2
148,147,2
148,159,2
149,116,2
149,150,2
150,145,2
150,149,2
151,132,2
151,152,2
152,74,2
152,151,2
153,154,2
153,162,2
154,143,2
154,153,2
155,83,2
155,156,2
156,142,2
156,155,2
157,158,2
157,166,2
158,157,2
158,174,2
159,148,2
159,809,2
160,162,2
160,281,2
161,780,2
161,809,2
162,153,2
162,160,2
163,164,2
163,303,2
164,163,2
164,168,2
165,167,2
165,176,2
166,157,2
166,861,2
167,165,2
167,171,2
168,164,2
168,169,2
169,140,2
169,168,2
170,171,2
170,182,2
171,167,2
171,170,2
172,174,2
172,699,2
173,99,2
173,175,2
174,158,2
174,172,2
175,173,2
175,190,2
176,165,2
176,177,2
177,176,2
177,204,2
178,179,2
178,895,2
179,178,2
179,180,2
180,179,2
180,181,2
181,180,2
181,222,2
182,170,2
182,183,2
183,182,2
183,247,2
184,185,2
184,192,2
185,184,2
185,241,2
186,187,2
186,199,2
187,98,2
187,186,2
188,189,2
188,195,2
189,188,2
189,228,2
190,175,2
190,191,2
191,136,2
191,190,2
192,184,2
192,929,2
193,194,2
193,942,2
194,193,2
194,212,2
195,188,2
195,196,2
196,2,2
196,195,2
197,198,2
197,205,2
198,197,2
198,374,2
199,186,2
199,200,2
200,33,2
200,199,2
201,578,2
201,973,2
202,203,2
202,266,2
203,202,2
203,235,2
204,177,2
204,205,2
205,197,2
205,204,2
206,207,2
206,219,2
207,206,2
207,249,2
208,215,2
208,965,2
209,232,2
209,988,2
210,211,2
210,226,2
211,210,2
211,874,2
212,194,2
212,439,2
213,214,2
213,223,2
214,213,2
214,306,2
215,208,2
215,216,2
216,215,2
216,230,2
217,219,2
217,990,2
218,220,2
218,299,2
219,206,2
219,217,2
220,218,2
220,258,2
221,222,2
221,231,2
222,181,2
222,221,2
223,213,2
223,224,2
224,223,2
224,271,2
225,226,2
225,998,2
226,210,2
226,225,2
227,228,2
227,279,2
228,189,2
228,227,2
229,230,2
229,254,2
230,216,2
230,229,2
231,221,2
231,738,2
232,209,2
232,696,2
233,49,2
233,847,2
234,847,2
234,990,2
235,203,2
235,917,2
236,248,2
236,769,2
237,238,2
237,263,2
238,237,2
238,242,2
239,240,2
239,931,2
240,239,2
240,286,2
241,185,2
241,242,2
242,238,2
242,241,2
243,244,2
243,976,2
244,243,2
244,253,2
245,246,2
245,971,2
246,245,2
246,350,2
247,183,2
247,249,2
248,236,2
248,250,2
249,207,2
249,247,2
250,248,2
250,272,2
251,252,2
251,808,2
252,251,2
252,262,2
253,244,2
253,254,2
254,229,2
254,253,2
255,256,2
255,267,2
256,255,2
256,259,2
257,258,2
257,991,2
258,220,2
258,257,2
259,256,2
259,849,2
260,268,2
260,849,2
261,262,2
261,305,2
262,252,2
262,261,2
263,237,2
263,264,2
264,263,2
264,298,2
265,268,2
265,710,2
266,202,2
266,413,2
267,255,2
267,269,2
268,260,2
268,265,2
269,267,2
269,999,2
270,271,2
270,948,2
271,224,2
271,270,2
272,250,2
272,861,2
273,942,2
273,949,2
274,275,2
274,292,2
275,274,2
275,288,2
276,277,2
276,342,2
277,276,2
277,425,2
278,369,2
278,754,2
279,227,2
279,754,2
280,281,2
280,290,2
281,160,2
281,280,2
282,283,2
282,304,2
283,282,2
283,712,2
284,851,2
284,884,2
285,286,2
285,966,2
286,240,2
286,285,2
287,288,2
287,328,2
288,275,2
288,287,2
289,290,2
289,294,2
290,280,2
290,289,2
291,292,2
291,315,2
292,274,2
292,291,2
293,294,2
293,301,2
294,289,2
294,293,2
295,297,2
295,322,2
296,313,2
296,795,2
297,295,2
297,704,2
298,264,2
298,795,2
299,218,2
299,300,2
300,299,2
300,416,2
301,293,2
301,820,2
302,360,2
302,820,2
303,163,2
303,926,2
304,282,2
304,305,2
305,261,2
305,304,2
306,214,2
306,307,2
307,306,2
307,321,2
308,309,2
308,915,2
309,308,2
309,357,2
310,734,2
310,956,2
311,312,2
311,319,2
312,311,2
312,345,2
313,296,2
313,314,2
314,313,2
314,316,2
315,291,2
315,316,2
316,314,2
316,315,2
317,319,2
317,325,2
318,368,2
318,445,2
319,311,2
319,317,2
320,321,2
320,323,2
321,307,2
321,320,2
322,295,2
322,323,2
323,320,2
323,322,2
324,325,2
324,348,2
325,317,2
325,324,2
326,327,2
326,423,2
327,326,2
327,462,2
328,287,2
328,329,2
329,328,2
329,335,2
330,331,2
330,486,2
331,330,2
331,343,2
332,333,2
332,355,2
333,332,2
333,947,2
334,336,2
334,347,2
335,329,2
335,779,2
336,334,2
336,359,2
337,338,2
337,346,2
338,337,2
338,428,2
339,340,2
339,353,2
340,339,2
340,868,2
341,342,2
341,707,2
342,276,2
342,341,2
343,331,2
343,345,2
344,375,2
344,512,2
345,312,2
345,343,2
346,337,2
346,347,2
347,334,2
347,346,2
348,324,2
348,349,2
349,348,2
349,365,2
350,246,2
350,911,2
351,358,2
351,911,2
352,353,2
352,390,2
353,339,2
353,352,2
354,355,2
354,1000,2
355,332,2
355,354,2
356,357,2
356,363,2
357,309,2
357,356,2
358,351,2
358,359,2
359,336,2
359,358,2
360,302,2
360,361,2
361,360,2
361,399,2
362,363,2
362,389,2
363,356,2
363,362,2
364,365,2
364,403,2
365,349,2
365,364,2
366,367,2
366,758,2
367,366,2
367,373,2
368,318,2
368,1000,2
369,278,2
369,370,2
370,369,2
370,395,2
371,372,2
371,380,2
372,371,2
372,378,2
373,367,2
373,954,2
374,198,2
374,375,2
375,344,2
375,374,2
376,377,2
376,434,2
377,376,2
377,394,2
378,372,2
378,379,2
379,378,2
379,391,2
380,371,2
380,381,2
381,380,2
381,978,2
382,141,2
382,383,2
383,382,2
383,414,2
384,113,2
384,385,2
385,384,2
385,977,2
386,387,2
386,1000,2
387,386,2
387,973,2
388,389,2
388,411,2
389,362,2
389,388,2
390,352,2
390,391,2
391,379,2
391,390,2
392,393,2
392,407,2
393,392,2
393,426,2
394,377,2
394,395,2
395,370,2
395,394,2
396,897,2
396,998,2
397,399,2
397,438,2
398,400,2
398,409,2
399,361,2
399,397,2
400,398,2
400,418,2
401,402,2
401,404,2
402,401,2
402,410,2
403,364,2
403,404,2
404,401,2
404,403,2
405,406,2
405,471,2
406,405,2
406,468,2
407,392,2
407,408,2
408,407,2
408,477,2
409,39,2
409,398,2
410,402,2
410,993,2
411,388,2
411,412,2
412,411,2
412,594,2
413,266,2
413,882,2
414,383,2
414,415,2
415,414,2
415,473,2
416,300,2
416,417,2
417,416,2
417,930,2
418,400,2
418,419,2
419,418,2
419,447,2
420,427,2
420,957,2
421,100,2
421,442,2
422,423,2
422,433,2
423,326,2
423,422,2
424,425,2
424,962,2
425,277,2
425,424,2
426,393,2
426,427,2
427,420,2
427,426,2
428,338,2
428,429,2
429,428,2
429,476,2
430,811,2
430,1000,2
431,432,2
431,436,2
432,431,2
432,441,2
433,422,2
433,434,2
434,376,2
434,433,2
435,436,2
435,439,2
436,431,2
436,435,2
437,488,2
437,827,2
438,397,2
438,981,2
439,212,2
439,435,2
440,441,2
440,459,2
441,432,2
441,440,2
442,421,2
442,443,2
443,442,2
443,460,2
444,445,2
444,449,2
445,318,2
445,444,2
446,447,2
446,463,2
447,419,2
447,446,2
448,449,2
448,454,2
449,444,2
449,448,2
450,451,2
450,479,2
451,450,2
451,457,2
452,453,2
452,499,2
453,452,2
453,1000,2
454,448,2
454,455,2
455,454,2
455,855,2
456,457,2
456,990,2
457,451,2
457,456,2
458,459,2
458,465,2
459,440,2
459,458,2
460,443,2
460,461,2
461,460,2
461,658,2
462,327,2
462,463,2
463,446,2
463,462,2
464,465,2
464,493,2
465,458,2
465,464,2
466,467,2
466,484,2
467,466,2
467,480,2
468,406,2
468,469,2
469,468,2
469,497,2
470,471,2
470,531,2
471,405,2
471,470,2
472,512,2
472,892,2
473,415,2
473,474,2
474,473,2
474,1000,2
475,103,2
475,476,2
476,429,2
476,475,2
477,408,2
477,478,2
478,477,2
478,483,2
479,450,2
479,876,2
480,467,2
480,482,2
481,482,2
481,876,2
482,480,2
482,481,2
483,478,2
483,484,2
484,466,2
484,483,2
485,486,2
485,924,2
486,330,2
486,485,2
487,488,2
487,524,2
488,437,2
488,487,2
489,491,2
489,538,2
490,492,2
490,579,2
491,489,2
491,492,2
492,490,2
492,491,2
493,464,2
493,494,2
494,493,2
494,924,2
495,74,2
495,552,2
496,877,2
496,936,2
497,469,2
497,936,2
498,499,2
498,506,2
499,452,2
499,498,2
500,501,2
500,536,2
501,500,2
501,503,2
502,526,2
502,868,2
503,501,2
503,868,2
504,505,2
504,507,2
505,504,2
505,522,2
506,498,2
506,507,2
507,504,2
507,506,2
508,509,2
508,533,2
509,508,2
509,971,2
510,511,2
510,887,2
511,510,2
511,547,2
512,344,2
512,472,2
513,514,2
513,527,2
514,513,2
514,523,2
515,519,2
515,669,2
516,517,2
516,565,2
517,516,2
517,860,2
518,519,2
518,972,2
519,515,2
519,518,2
520,521,2
520,573,2
521,520,2
521,964,2
522,505,2
522,523,2
523,514,2
523,522,2
524,487,2
524,525,2
525,524,2
525,992,2
526,502,2
526,528,2
527,513,2
527,529,2
528,526,2
528,529,2
529,527,2
529,528,2
530,531,2
530,876,2
531,470,2
531,530,2
532,534,2
532,581,2
533,508,2
533,535,2
534,532,2
534,535,2
535,533,2
535,534,2
536,500,2
536,537,2
537,93,2
537,536,2
538,489,2
538,901,2
539,545,2
539,901,2
540,541,2
540,564,2
541,540,2
541,937,2
542,543,2
542,549,2
543,542,2
543,582,2
544,545,2
544,556,2
545,539,2
545,544,2
546,547,2
546,548,2
547,511,2
547,546,2
548,546,2
548,549,2
549,542,2
549,548,2
550,551,2
550,592,2
551,550,2
551,561,2
552,7,2
552,495,2
553,968,2
553,999,2
554,861,2
554,873,2
555,557,2
555,1000,2
556,544,2
556,873,2
557,555,2
557,623,2
558,559,2
558,591,2
559,558,2
559,987,2
560,562,2
560,825,2
561,551,2
561,821,2
562,560,2
562,563,2
563,562,2
563,681,2
564,540,2
564,565,2
565,516,2
565,564,2
566,567,2
566,679,2
567,566,2
567,574,2
568,569,2
568,631,2
569,568,2
569,570,2
570,569,2
570,571,2
571,570,2
571,587,2
572,573,2
572,585,2
573,520,2
573,572,2
574,567,2
574,575,2
575,574,2
575,627,2
576,577,2
576,580,2
577,576,2
577,679,2
578,201,2
578,844,2
579,490,2
579,859,2
580,576,2
580,859,2
581,532,2
581,582,2
582,543,2
582,581,2
583,584,2
583,601,2
584,583,2
584,588,2
585,572,2
585,586,2
586,585,2
586,918,2
587,571,2
587,588,2
588,584,2
588,587,2
589,590,2
589,967,2
590,589,2
590,608,2
591,558,2
591,592,2
592,550,2
592,591,2
593,594,2
593,981,2
594,412,2
594,593,2
595,596,2
595,981,2
596,595,2
596,619,2
597,598,2
597,987,2
598,597,2
598,996,2
599,605,2
599,692,2
600,601,2
600,617,2
601,583,2
601,600,2
602,603,2
602,621,2
603,602,2
603,607,2
604,605,2
604,613,2
605,599,2
605,604,2
606,608,2
606,611,2
607,603,2
607,609,2
608,590,2
608,606,2
609,607,2
609,615,2
610,611,2
610,632,2
611,606,2
611,610,2
612,613,2
612,648,2
613,604,2
613,612,2
614,615,2
614,655,2
615,609,2
615,614,2
616,617,2
616,625,2
617,600,2
617,616,2
618,619,2
618,703,2
619,596,2
619,618,2
620,621,2
620,635,2
621,602,2
621,620,2
622,623,2
622,787,2
623,557,2
623,622,2
624,90,2
624,654,2
625,616,2
625,626,2
626,625,2
626,628,2
627,575,2
627,628,2
628,626,2
628,627,2
629,63,2
629,630,2
630,629,2
630,637,2
631,568,2
631,632,2
632,610,2
632,631,2
633,634,2
633,643,2
634,633,2
634,785,2
635,620,2
635,824,2
636,824,2
636,829,2
637,630,2
637,638,2
638,637,2
638,642,2
639,640,2
639,649,2
640,639,2
640,695,2
641,642,2
641,671,2
642,638,2
642,641,2
643,633,2
643,644,2
644,643,2
644,656,2
645,646,2
645,669,2
646,645,2
646,657,2
647,648,2
647,718,2
648,612,2
648,647,2
649,639,2
649,650,2
650,649,2
650,670,2
651,652,2
651,822,2
652,651,2
652,698,2
653,654,2
653,666,2
654,624,2
654,653,2
655,614,2
655,656,2
656,644,2
656,655,2
657,646,2
657,658,2
658,461,2
658,657,2
659,660,2
659,664,2
660,659,2
660,667,2
661,673,2
661,751,2
661,945,2
662,663,2
662,934,2
662,988,2
663,662,2
663,710,2
663,732,2
664,659,2
664,665,2
664,991,2
665,664,2
665,950,2
665,991,2
666,653,2
666,667,2
666,668,2
667,660,2
667,666,2
667,668,2
668,666,2
668,667,2
668,678,2
669,515,2
669,645,2
669,991,2
670,650,2
670,672,2
670,678,2
671,641,2
671,955,2
671,957,2
672,670,2
672,678,2
672,986,2
673,661,2
673,674,2
673,688,2
674,673,2
674,773,2
674,815,2
675,681,2
675,685,2
675,788,2
676,677,2
676,691,2
676,803,2
677,676,2
677,702,2
677,752,2
678,668,2
678,670,2
678,672,2
679,566,2
679,577,2
679,682,2
680,683,2
680,946,2
680,969,2
681,563,2
681,675,2
681,687,2
682,679,2
682,766,2
682,991,2
683,680,2
683,889,2
683,991,2
684,686,2
684,738,2
684,941,2
685,675,2
685,687,2
685,689,2
686,684,2
686,892,2
686,909,2
687,681,2
687,685,2
687,876,2
688,673,2
688,691,2
688,874,2
689,685,2
689,789,2
689,914,2
690,693,2
690,694,2
690,696,2
691,676,2
691,688,2
691,772,2
692,599,2
692,804,2
692,941,2
693,690,2
693,694,2
693,764,2
694,690,2
694,693,2
694,997,2
695,640,2
695,697,2
695,698,2
696,232,2
696,690,2
696,738,2
697,695,2
697,698,2
697,947,2
698,652,2
698,695,2
698,697,2
699,172,2
699,993,2
699,996,2
700,774,2
700,799,2
700,844,2
701,702,2
701,883,2
701,926,2
702,677,2
702,701,2
702,947,2
703,618,2
703,704,2
703,999,2
704,297,2
704,703,2
704,712,2
705,706,2
705,859,2
705,994,2
706,705,2
706,852,2
706,960,2
707,341,2
707,723,2
707,936,2
708,711,2
708,765,2
708,875,2
709,711,2
709,741,2
709,874,2
710,4,2
710,265,2
710,663,2
711,708,2
711,709,2
711,996,2
712,283,2
712,704,2
712,715,2
713,716,2
713,946,2
713,989,2
714,717,2
714,875,2
714,956,2
715,712,2
715,717,2
715,720,2
716,713,2
716,746,2
716,954,2
717,714,2
717,715,2
717,718,2
718,647,2
718,717,2
718,719,2
719,718,2
719,724,2
719,740,2
720,715,2
720,724,2
720,725,2
721,21,2
721,722,2
721,999,2
722,721,2
722,878,2
722,994,2
723,707,2
723,818,2
723,892,2
724,719,2
724,720,2
724,984,2
725,720,2
725,726,2
725,912,2
726,725,2
726,727,2
726,737,2
727,726,2
727,731,2
727,1000,2
728,792,2
728,811,2
728,981,2
729,68,2
729,730,2
729,756,2
730,729,2
730,870,2
730,999,2
731,727,2
731,736,2
731,873,2
732,663,2
732,733,2
732,775,2
733,60,2
733,732,2
733,892,2
734,17,2
734,310,2
734,970,2
735,739,2
735,796,2
735,808,2
736,731,2
736,737,2
736,935,2
737,726,2
737,736,2
737,953,2
738,231,2
738,684,2
738,696,2
739,735,2
739,838,2
739,872,2
740,719,2
740,741,2
740,953,2
741,709,2
741,740,2
741,953,2
742,746,2
742,823,2
742,827,2
743,745,2
743,750,2
743,800,2
744,767,2
744,853,2
744,854,2
745,743,2
745,750,2
745,798,2
746,716,2
746,742,2
746,988,2
747,51,2
747,53,2
747,776,2
748,29,2
748,137,2
748,999,2
749,862,2
749,916,2
749,989,2
750,743,2
750,745,2
750,755,2
751,52,2
751,661,2
751,880,2
752,677,2
752,753,2
752,967,2
753,752,2
753,839,2
753,849,2
754,278,2
754,279,2
754,802,2
755,750,2
755,756,2
755,983,2
756,729,2
756,755,2
756,759,2
757,758,2
757,837,2
757,966,2
758,366,2
758,757,2
758,806,2
759,128,2
759,756,2
759,761,2
760,762,2
760,764,2
760,989,2
761,759,2
761,782,2
761,936,2
762,760,2
762,764,2
762,918,2
763,768,2
763,773,2
763,815,2
764,693,2
764,760,2
764,762,2
765,708,2
765,766,2
765,767,2
766,682,2
766,765,2
766,767,2
767,744,2
767,765,2
767,766,2
768,763,2
768,854,2
768,994,2
769,236,2
769,819,2
769,917,2
770,776,2
770,778,2
770,789,2
771,772,2
771,848,2
771,997,2
772,691,2
772,771,2
772,855,2
773,674,2
773,763,2
773,774,2
774,700,2
774,773,2
774,816,2
775,732,2
775,777,2
775,845,2
776,747,2
776,770,2
776,781,2
777,775,2
777,906,2
777,980,2
778,770,2
778,781,2
778,826,2
779,335,2
779,857,2
779,863,2
780,161,2
780,782,2
780,845,2
781,776,2
781,778,2
781,932,2
782,761,2
782,780,2
782,936,2
783,784,2
783,785,2
783,822,2
784,783,2
784,785,2
784,998,2
785,634,2
785,783,2
785,784,2
786,791,2
786,807,2
786,837,2
787,622,2
787,788,2
787,790,2
788,675,2
788,787,2
788,790,2
789,689,2
789,770,2
789,915,2
790,787,2
790,788,2
790,986,2
791,786,2
791,916,2
791,994,2
792,728,2
792,969,2
792,974,2
793,794,2
793,798,2
793,814,2
794,793,2
794,798,2
794,998,2
795,296,2
795,298,2
795,999,2
796,735,2
796,799,2
796,860,2
797,800,2
797,802,2
797,998,2
798,745,2
798,793,2
798,794,2
799,700,2
799,796,2
799,816,2
800,743,2
800,797,2
800,802,2
801,805,2
801,832,2
801,843,2
802,754,2
802,797,2
802,800,2
803,676,2
803,804,2
803,810,2
804,692,2
804,803,2
804,810,2
805,801,2
805,888,2
805,979,2
806,758,2
806,807,2
806,832,2
807,786,2
807,806,2
807,966,2
808,251,2
808,735,2
808,812,2
809,159,2
809,161,2
809,1000,2
810,803,2
810,804,2
810,907,2
811,430,2
811,728,2
811,998,2
812,808,2
812,828,2
812,847,2
813,814,2
813,910,2
813,925,2
814,793,2
814,813,2
814,924,2
815,674,2
815,763,2
815,816,2
816,774,2
816,799,2
816,815,2
817,818,2
817,819,2
817,911,2
818,723,2
818,817,2
818,819,2
819,769,2
819,817,2
819,818,2
820,301,2
820,302,2
820,998,2
821,561,2
821,825,2
821,943,2
822,651,2
822,783,2
822,823,2
823,742,2
823,822,2
823,959,2
824,635,2
824,636,2
824,885,2
825,560,2
825,821,2
825,944,2
826,778,2
826,830,2
826,831,2
827,437,2
827,742,2
827,958,2
828,812,2
828,829,2
828,847,2
829,636,2
829,828,2
829,992,2
830,826,2
830,833,2
830,998,2
831,826,2
831,833,2
831,834,2
832,801,2
832,806,2
832,836,2
833,830,2
833,831,2
833,869,2
834,831,2
834,835,2
834,838,2
835,834,2
835,838,2
835,996,2
836,832,2
836,854,2
836,917,2
837,757,2
837,786,2
837,839,2
838,739,2
838,834,2
838,835,2
839,753,2
839,837,2
839,950,2
840,845,2
840,846,2
840,865,2
841,884,2
841,894,2
841,909,2
842,843,2
842,901,2
842,971,2
843,801,2
843,842,2
843,924,2
844,578,2
844,700,2
844,984,2
845,775,2
845,780,2
845,840,2
845,846,2
846,840,2
846,845,2
846,904,2
846,992,2
847,233,2
847,234,2
847,812,2
847,828,2
848,771,2
848,850,2
848,852,2
848,997,2
849,259,2
849,260,2
849,753,2
849,978,2
850,848,2
850,852,2
850,864,2
850,996,2
851,284,2
851,866,2
851,958,2
851,987,2
852,706,2
852,848,2
852,850,2
852,960,2
853,744,2
853,854,2
853,963,2
853,993,2
854,744,2
854,768,2
854,836,2
854,853,2
855,455,2
855,772,2
855,856,2
855,857,2
856,855,2
856,857,2
856,905,2
856,993,2
857,779,2
857,855,2
857,856,2
857,863,2
858,861,2
858,863,2
858,871,2
858,985,2
859,579,2
859,580,2
859,705,2
859,948,2
860,517,2
860,796,2
860,863,2
860,864,2
861,166,2
861,272,2
861,554,2
861,858,2
862,749,2
862,879,2
862,965,2
862,973,2
863,779,2
863,857,2
863,858,2
863,860,2
864,850,2
864,860,2
864,865,2
864,1000,2
865,840,2
865,864,2
865,866,2
865,920,2
866,851,2
866,865,2
866,867,2
866,985,2
867,866,2
867,870,2
867,964,2
867,986,2
868,340,2
868,502,2
868,503,2
868,881,2
869,833,2
869,870,2
869,871,2
869,997,2
870,730,2
870,867,2
870,869,2
870,999,2
871,858,2
871,869,2
871,872,2
871,882,2
872,739,2
872,871,2
872,874,2
872,941,2
873,554,2
873,556,2
873,731,2
873,920,2
874,211,2
874,688,2
874,709,2
874,872,2
875,708,2
875,714,2
875,881,2
875,903,2
876,479,2
876,481,2
876,530,2
876,687,2
877,496,2
877,879,2
877,956,2
877,973,2
878,722,2
878,879,2
878,956,2
878,994,2
879,862,2
879,877,2
879,878,2
879,965,2
880,751,2
880,881,2
880,882,2
880,993,2
881,868,2
881,875,2
881,880,2
881,882,2
882,413,2
882,871,2
882,880,2
882,881,2
883,701,2
883,885,2
883,886,2
883,938,2
884,284,2
884,841,2
884,894,2
884,923,2
885,824,2
885,883,2
885,886,2
885,940,2
886,883,2
886,885,2
886,952,2
886,984,2
887,510,2
887,888,2
887,889,2
887,977,2
888,805,2
888,887,2
888,889,2
888,979,2
889,683,2
889,887,2
889,888,2
889,991,2
890,891,2
890,896,2
890,961,2
890,975,2
891,890,2
891,896,2
891,933,2
891,998,2
892,472,2
892,686,2
892,723,2
892,733,2
893,926,2
893,955,2
893,981,2
893,986,2
894,841,2
894,884,2
894,929,2
894,985,2
895,178,2
895,897,2
895,898,2
895,983,2
896,890,2
896,891,2
896,899,2
896,995,2
897,396,2
897,895,2
897,898,2
897,972,2
898,895,2
898,897,2
898,939,2
898,995,2
899,896,2
899,900,2
899,902,2
899,995,2
900,147,2
900,899,2
900,902,2
900,979,2
901,538,2
901,539,2
901,842,2
901,977,2
902,899,2
902,900,2
902,932,2
902,964,2
903,875,2
903,904,2
903,905,2
903,923,2
904,846,2
904,903,2
904,905,2
904,992,2
905,856,2
905,903,2
905,904,2
905,983,2
906,777,2
906,907,2
906,908,2
906,980,2
907,810,2
907,906,2
907,908,2
907,942,2
908,906,2
908,907,2
908,953,2
908,987,2
909,686,2
909,841,2
909,912,2
909,913,2
910,813,2
910,927,2
910,985,2
910,993,2
911,350,2
911,351,2
911,817,2
911,992,2
912,725,2
912,909,2
912,913,2
912,991,2
913,909,2
913,912,2
913,968,2
913,969,2
914,689,2
914,918,2
914,932,2
914,986,2
915,308,2
915,789,2
915,918,2
915,994,2
916,749,2
916,791,2
916,948,2
916,973,2
917,235,2
917,769,2
917,836,2
917,949,2
918,586,2
918,762,2
918,914,2
918,915,2
919,920,2
919,922,2
919,973,2
919,980,2
920,865,2
920,873,2
920,919,2
920,921,2
921,920,2
921,922,2
921,927,2
921,999,2
922,919,2
922,921,2
922,923,2
922,980,2
923,884,2
923,903,2
923,922,2
923,924,2
923,942,2
924,485,2
924,494,2
924,814,2
924,843,2
924,923,2
925,813,2
925,928,2
925,968,2
925,974,2
925,990,2
926,303,2
926,701,2
926,893,2
926,938,2
926,954,2
927,910,2
927,921,2
927,939,2
927,985,2
927,999,2
928,925,2
928,930,2
928,957,2
928,982,2
928,995,2
929,192,2
929,894,2
929,961,2
929,965,2
929,985,2
930,417,2
930,928,2
930,934,2
930,967,2
930,992,2
931,239,2
931,946,2
931,947,2
931,955,2
931,975,2
932,781,2
932,902,2
932,914,2
932,934,2
932,937,2
933,891,2
933,935,2
933,939,2
933,944,2
933,972,2
934,662,2
934,930,2
934,932,2
934,988,2
934,997,2
935,736,2
935,933,2
935,939,2
935,940,2
935,944,2
936,496,2
936,497,2
936,707,2
936,761,2
936,782,2
937,541,2
937,932,2
937,938,2
937,988,2
937,997,2
938,883,2
938,926,2
938,937,2
938,940,2
938,962,2
939,898,2
939,927,2
939,933,2
939,935,2
939,995,2
940,885,2
940,935,2
940,938,2
940,941,2
940,945,2
941,684,2
941,692,2
941,872,2
941,940,2
941,943,2
942,47,2
942,193,2
942,273,2
942,907,2
942,923,2
943,821,2
943,941,2
943,946,2
943,953,2
943,987,2
944,825,2
944,933,2
944,935,2
944,945,2
944,995,2
945,661,2
945,940,2
945,944,2
945,949,2
945,951,2
946,680,2
946,713,2
946,931,2
946,943,2
946,976,2
947,333,2
947,697,2
947,702,2
947,931,2
947,948,2
948,270,2
948,859,2
948,916,2
948,947,2
948,950,2
949,273,2
949,917,2
949,945,2
949,951,2
949,952,2
950,665,2
950,839,2
950,948,2
950,968,2
950,978,2
951,945,2
951,949,2
951,952,2
951,955,2
951,961,2
952,886,2
952,949,2
952,951,2
952,959,2
952,984,2
953,737,2
953,740,2
953,741,2
953,908,2
953,943,2
953,987,2
954,373,2
954,716,2
954,926,2
954,955,2
954,988,2
954,997,2
955,671,2
955,893,2
955,931,2
955,951,2
955,954,2
955,961,2
956,310,2
956,714,2
956,877,2
956,878,2
956,963,2
956,993,2
957,420,2
957,671,2
957,928,2
957,982,2
957,995,2
957,997,2
958,144,2
958,827,2
958,851,2
958,961,2
958,965,2
958,982,2
959,94,2
959,823,2
959,952,2
959,960,2
959,963,2
959,982,2
960,706,2
960,852,2
960,959,2
960,963,2
960,964,2
960,979,2
961,890,2
961,929,2
961,951,2
961,955,2
961,958,2
961,962,2
962,2,2
962,97,2
962,424,2
962,938,2
962,961,2
962,972,2
963,853,2
963,956,2
963,959,2
963,960,2
963,964,2
963,970,2
964,521,2
964,867,2
964,902,2
964,960,2
964,963,2
964,966,2
965,208,2
965,862,2
965,879,2
965,929,2
965,958,2
965,996,2
966,285,2
966,757,2
966,807,2
966,964,2
966,967,2
966,969,2
967,589,2
967,752,2
967,930,2
967,966,2
967,969,2
967,971,2
968,43,2
968,553,2
968,913,2
968,925,2
968,950,2
968,989,2
968,993,2
969,680,2
969,792,2
969,913,2
969,966,2
969,967,2
969,971,2
969,989,2
970,734,2
970,963,2
970,975,2
970,977,2
970,978,2
970,979,2
970,993,2
971,245,2
971,509,2
971,842,2
971,967,2
971,969,2
971,972,2
971,973,2
972,518,2
972,897,2
972,933,2
972,962,2
972,971,2
972,974,2
972,981,2
973,201,2
973,387,2
973,862,2
973,877,2
973,916,2
973,919,2
973,971,2
974,792,2
974,925,2
974,972,2
974,976,2
974,981,2
974,990,2
974,991,2
975,890,2
975,931,2
975,970,2
975,977,2
975,987,2
975,989,2
975,999,2
976,243,2
976,946,2
976,974,2
976,979,2
976,980,2
976,982,2
976,983,2
977,385,2
977,887,2
977,901,2
977,970,2
977,975,2
977,978,2
977,987,2
978,381,2
978,849,2
978,950,2
978,970,2
978,977,2
978,979,2
978,980,2
979,805,2
979,888,2
979,900,2
979,960,2
979,970,2
979,976,2
979,978,2
979,980,2
980,777,2
980,906,2
980,919,2
980,922,2
980,976,2
980,978,2
980,979,2
980,982,2
981,438,2
981,593,2
981,595,2
981,728,2
981,893,2
981,972,2
981,974,2
981,991,2
982,928,2
982,957,2
982,958,2
982,959,2
982,976,2
982,980,2
982,983,2
982,984,2
983,755,2
983,895,2
983,905,2
983,976,2
983,982,2
983,984,2
983,988,2
983,993,2
984,724,2
984,844,2
984,886,2
984,952,2
984,982,2
984,983,2
984,988,2
984,993,2
985,858,2
985,866,2
985,894,2
985,910,2
985,927,2
985,929,2
985,988,2
985,993,2
985,995,2
986,672,2
986,790,2
986,867,2
986,893,2
986,914,2
986,987,2
986,989,2
986,990,2
986,992,2
986,995,2
987,559,2
987,597,2
987,851,2
987,908,2
987,943,2
987,953,2
987,975,2
987,977,2
987,986,2
987,989,2
987,995,2
988,209,2
988,662,2
988,746,2
988,934,2
988,937,2
988,954,2
988,983,2
988,984,2
988,985,2
988,993,2
988,997,2
989,713,2
989,749,2
989,760,2
989,968,2
989,969,2
989,975,2
989,986,2
989,987,2
989,990,2
989,992,2
989,995,2
990,217,2
990,234,2
990,456,2
990,925,2
990,974,2
990,986,2
990,989,2
990,992,2
990,994,2
990,995,2
990,997,2
990,1000,2
991,41,2
991,96,2
991,257,2
991,664,2
991,665,2
991,669,2
991,682,2
991,683,2
991,889,2
991,912,2
991,974,2
991,981,2
992,525,2
992,829,2
992,846,2
992,904,2
992,911,2
992,930,2
992,986,2
992,989,2
992,990,2
992,994,2
992,995,2
992,997,2
993,410,2
993,699,2
993,853,2
993,856,2
993,880,2
993,910,2
993,956,2
993,968,2
993,970,2
993,983,2
993,984,2
993,985,2
993,988,2
994,705,2
994,722,2
994,768,2
994,791,2
994,878,2
994,915,2
994,990,2
994,992,2
994,996,2
994,997,2
994,998,2
994,999,2
994,1000,2
995,107,2
995,896,2
995,898,2
995,899,2
995,928,2
995,939,2
995,944,2
995,957,2
995,985,2
995,986,2
995,987,2
995,989,2
995,990,2
995,992,2
995,1000,2
996,36,2
996,598,2
996,699,2
996,711,2
996,835,2
996,850,2
996,965,2
996,994,2
996,997,2
996,998,2
996,999,2
997,694,2
997,771,2
997,848,2
997,869,2
997,934,2
997,937,2
997,954,2
997,957,2
997,988,2
997,990,2
997,992,2
997,994,2
997,996,2
997,998,2
997,999,2
997,1000,2
998,225,2
998,396,2
998,784,2
998,794,2
998,797,2
998,811,2
998,820,2
998,830,2
998,891,2
998,994,2
998,996,2
998,997,2
998,999,2
998,1000,2
999,269,2
999,553,2
999,703,2
999,721,2
999,730,2
999,748,2
999,795,2
999,870,2
999,921,2
999,927,2
999,975,2
999,994,2
999,996,2
999,997,2
999,998,2
999,1000,2
1000,70,2
1000,354,2
1000,368,2
1000,386,2
1000,430,2
1000,453,2
1000,474,2
1000,555,2
1000,727,2
1000,809,2
1000,864,2
1000,990,2
1000,994,2
1000,995,2
1000,997,2
1000,998,2
1000,999,2
1,27,3
1,400,3
2,3,3
2,951,3
3,2,3
3,4,3
4,3,3
4,29,3
5,6,3
5,31,3
6,5,3
6,8,3
7,124,3
7,747,3
8,6,3
8,747,3
9,10,3
9,17,3
10,9,3
10,11,3
11,10,3
11,906,3
12,739,3
12,906,3
13,35,3
13,798,3
14,113,3
14,798,3
15,71,3
15,312,3
16,17,3
16,51,3
17,9,3
17,16,3
18,19,3
18,24,3
19,18,3
19,42,3
20,21,3
20,37,3
21,20,3
21,34,3
22,23,3
22,63,3
23,22,3
23,133,3
24,18,3
24,25,3
25,24,3
25,59,3
26,27,3
26,109,3
27,1,3
27,26,3
28,29,3
28,87,3
29,4,3
29,28,3
30,31,3
30,214,3
31,5,3
31,30,3
32,33,3
32,992,3
33,32,3
33,200,3
34,21,3
34,35,3
35,13,3
35,34,3
36,75,3
36,668,3
37,20,3
37,668,3
38,39,3
38,759,3
39,38,3
39,41,3
40,41,3
40,148,3
41,39,3
41,40,3
42,19,3
42,43,3
43,42,3
43,52,3
44,45,3
44,98,3
45,44,3
45,72,3
46,57,3
46,942,3
47,81,3
47,942,3
48,82,3
48,571,3
49,60,3
49,288,3
50,369,3
50,593,3
51,16,3
51,52,3
52,43,3
52,51,3
53,55,3
53,69,3
54,507,3
54,794,3
55,53,3
55,68,3
56,57,3
56,956,3
57,46,3
57,56,3
58,59,3
58,64,3
59,25,3
59,58,3
60,49,3
60,61,3
61,60,3
61,187,3
62,89,3
62,951,3
63,22,3
63,64,3
64,58,3
64,63,3
65,66,3
65,74,3
66,65,3
66,105,3
67,68,3
67,76,3
68,55,3
68,67,3
69,53,3
69,71,3
70,73,3
70,923,3
71,15,3
71,69,3
72,45,3
72,85,3
73,70,3
73,85,3
74,65,3
74,495,3
75,36,3
75,907,3
76,67,3
76,907,3
77,78,3
77,107,3
78,77,3
78,84,3
79,80,3
79,896,3
80,79,3
80,256,3
81,47,3
81,82,3
82,48,3
82,81,3
83,84,3
83,96,3
84,78,3
84,83,3
85,72,3
85,73,3
86,88,3
86,118,3
87,28,3
87,976,3
88,86,3
88,159,3
89,62,3
89,90,3
90,89,3
90,650,3
91,119,3
91,970,3
92,157,3
92,327,3
93,94,3
93,108,3
94,93,3
94,128,3
95,96,3
95,174,3
96,83,3
96,95,3
97,98,3
97,116,3
98,44,3
98,97,3
99,100,3
99,920,3
100,99,3
100,104,3
101,377,3
101,896,3
102,396,3
102,896,3
103,105,3
103,126,3
104,100,3
104,106,3
105,66,3
105,103,3
106,104,3
106,143,3
107,77,3
107,108,3
108,93,3
108,107,3
109,26,3
109,977,3
110,181,3
110,257,3
111,112,3
111,146,3
112,111,3
112,154,3
113,14,3
113,114,3
114,113,3
114,122,3
115,116,3
115,260,3
116,97,3
116,115,3
117,118,3
117,166,3
118,86,3
118,117,3
119,91,3
119,120,3
120,119,3
120,210,3
121,122,3
121,637,3
122,114,3
122,121,3
123,124,3
123,201,3
124,7,3
124,123,3
125,126,3
125,218,3
126,103,3
126,125,3
127,128,3
127,973,3
128,94,3
128,127,3
129,130,3
129,1000,3
130,129,3
130,137,3
131,133,3
131,136,3
132,206,3
132,374,3
133,23,3
133,131,3
134,135,3
134,140,3
135,134,3
135,317,3
136,131,3
136,990,3
137,130,3
137,138,3
138,137,3
138,177,3
139,140,3
139,145,3
140,134,3
140,139,3
141,142,3
141,151,3
142,141,3
142,158,3
143,106,3
143,983,3
144,145,3
144,222,3
145,139,3
145,144,3
146,111,3
146,148,3
147,167,3
147,914,3
148,40,3
148,146,3
149,153,3
149,914,3
150,151,3
150,170,3
151,141,3
151,150,3
152,153,3
152,155,3
153,149,3
153,152,3
154,112,3
154,155,3
155,152,3
155,154,3
156,157,3
156,995,3
157,92,3
157,156,3
158,142,3
158,834,3
159,88,3
159,834,3
160,161,3
160,281,3
161,160,3
161,180,3
162,163,3
162,179,3
163,162,3
163,984,3
164,165,3
164,188,3
165,164,3
165,216,3
166,117,3
166,167,3
167,147,3
167,166,3
168,195,3
168,319,3
169,170,3
169,171,3
170,150,3
170,169,3
171,169,3
171,172,3
172,171,3
172,226,3
173,174,3
173,184,3
174,95,3
174,173,3
175,176,3
175,190,3
176,175,3
176,986,3
177,138,3
177,407,3
178,179,3
178,191,3
179,162,3
179,178,3
180,161,3
180,181,3
181,110,3
181,180,3
182,194,3
182,852,3
183,247,3
183,715,3
184,173,3
184,185,3
185,184,3
185,207,3
186,187,3
186,199,3
187,61,3
187,186,3
188,164,3
188,189,3
189,188,3
189,358,3
190,175,3
190,191,3
191,178,3
191,190,3
192,194,3
192,224,3
193,196,3
193,806,3
194,182,3
194,192,3
195,168,3
195,196,3
196,193,3
196,195,3
197,198,3
197,205,3
198,197,3
198,374,3
199,186,3
199,200,3
200,33,3
200,199,3
201,123,3
201,202,3
202,201,3
202,251,3
203,204,3
203,978,3
204,203,3
204,406,3
205,197,3
205,206,3
206,132,3
206,205,3
207,185,3
207,208,3
208,207,3
208,215,3
209,210,3
209,225,3
210,120,3
210,209,3
211,212,3
211,219,3
212,211,3
212,221,3
213,214,3
213,227,3
214,30,3
214,213,3
215,208,3
215,408,3
216,165,3
216,218,3
217,234,3
217,838,3
218,125,3
218,216,3
219,211,3
219,838,3
220,221,3
220,258,3
221,212,3
221,220,3
222,144,3
222,223,3
223,222,3
223,279,3
224,192,3
224,225,3
225,209,3
225,224,3
226,172,3
226,227,3
227,213,3
227,226,3
228,229,3
228,235,3
229,228,3
229,282,3
230,321,3
230,404,3
231,232,3
231,236,3
232,231,3
232,242,3
233,237,3
233,847,3
234,217,3
234,847,3
235,228,3
235,236,3
236,231,3
236,235,3
237,233,3
237,239,3
238,435,3
238,883,3
239,237,3
239,931,3
240,241,3
240,275,3
241,240,3
241,249,3
242,232,3
242,243,3
243,242,3
243,309,3
244,733,3
244,847,3
245,246,3
245,971,3
246,245,3
246,257,3
247,183,3
247,249,3
248,250,3
248,261,3
249,241,3
249,247,3
250,248,3
250,468,3
251,202,3
251,252,3
252,251,3
252,641,3
253,254,3
253,265,3
254,253,3
254,304,3
255,256,3
255,267,3
256,80,3
256,255,3
257,110,3
257,246,3
258,220,3
258,260,3
259,261,3
259,365,3
260,115,3
260,258,3
261,248,3
261,259,3
262,263,3
262,336,3
263,262,3
263,312,3
264,265,3
264,980,3
265,253,3
265,264,3
266,268,3
266,271,3
267,255,3
267,269,3
268,266,3
268,763,3
269,267,3
269,274,3
270,273,3
270,899,3
271,266,3
271,899,3
272,273,3
272,298,3
273,270,3
273,272,3
274,269,3
274,275,3
275,240,3
275,274,3
276,278,3
276,619,3
277,471,3
277,762,3
278,276,3
278,379,3
279,223,3
279,280,3
280,279,3
280,284,3
281,160,3
281,282,3
282,229,3
282,281,3
283,296,3
283,978,3
284,280,3
284,285,3
285,284,3
285,966,3
286,287,3
286,288,3
287,286,3
287,361,3
288,49,3
288,286,3
289,290,3
289,313,3
290,289,3
290,367,3
291,292,3
291,368,3
292,291,3
292,297,3
293,295,3
293,937,3
294,606,3
294,937,3
295,293,3
295,296,3
296,283,3
296,295,3
297,292,3
297,298,3
298,272,3
298,297,3
299,300,3
299,324,3
300,299,3
300,330,3
301,302,3
301,322,3
302,301,3
302,663,3
303,304,3
303,306,3
304,254,3
304,303,3
305,306,3
305,346,3
306,303,3
306,305,3
307,308,3
307,347,3
308,307,3
308,314,3
309,243,3
309,311,3
310,963,3
310,993,3
311,309,3
311,316,3
312,15,3
312,263,3
313,289,3
313,886,3
314,308,3
314,886,3
315,316,3
315,965,3
316,311,3
316,315,3
317,135,3
317,318,3
318,317,3
318,385,3
319,168,3
319,339,3
320,322,3
320,323,3
321,230,3
321,645,3
322,301,3
322,320,3
323,320,3
323,324,3
324,299,3
324,323,3
325,329,3
325,704,3
326,376,3
326,704,3
327,92,3
327,462,3
328,399,3
328,944,3
329,325,3
329,331,3
330,300,3
330,530,3
331,329,3
331,343,3
332,333,3
332,335,3
333,332,3
333,371,3
334,335,3
334,679,3
335,332,3
335,334,3
336,262,3
336,337,3
337,336,3
337,730,3
338,339,3
338,359,3
339,319,3
339,338,3
340,373,3
340,671,3
341,671,3
341,707,3
342,343,3
342,357,3
343,331,3
343,342,3
344,345,3
344,375,3
345,344,3
345,356,3
346,305,3
346,996,3
347,307,3
347,348,3
348,347,3
348,351,3
349,350,3
349,1000,3
350,349,3
350,364,3
351,348,3
351,352,3
352,351,3
352,984,3
353,354,3
353,397,3
354,353,3
354,996,3
355,372,3
355,417,3
356,345,3
356,358,3
357,342,3
357,453,3
358,189,3
358,356,3
359,338,3
359,360,3
360,359,3
360,923,3
361,287,3
361,832,3
362,383,3
362,682,3
363,393,3
363,833,3
364,350,3
364,833,3
365,259,3
365,986,3
366,367,3
366,378,3
367,290,3
367,366,3
368,291,3
368,369,3
369,50,3
369,368,3
370,371,3
370,402,3
371,333,3
371,370,3
372,355,3
372,373,3
373,340,3
373,372,3
374,132,3
374,198,3
375,344,3
375,376,3
376,326,3
376,375,3
377,101,3
377,994,3
378,366,3
378,379,3
379,278,3
379,378,3
380,381,3
380,401,3
381,380,3
381,392,3
382,383,3
382,415,3
383,362,3
383,382,3
384,385,3
384,443,3
385,318,3
385,384,3
386,387,3
386,453,3
387,386,3
387,973,3
388,389,3
388,398,3
389,388,3
389,414,3
390,391,3
390,403,3
391,390,3
391,460,3
392,381,3
392,393,3
393,363,3
393,392,3
394,397,3
394,420,3
395,410,3
395,452,3
396,102,3
396,998,3
397,353,3
397,394,3
398,388,3
398,399,3
399,328,3
399,398,3
400,1,3
400,418,3
401,380,3
401,414,3
402,370,3
402,764,3
403,390,3
403,764,3
404,230,3
404,417,3
405,406,3
405,471,3
406,204,3
406,405,3
407,177,3
407,440,3
408,215,3
408,521,3
409,410,3
409,411,3
410,395,3
410,409,3
411,409,3
411,413,3
412,424,3
412,436,3
413,411,3
413,419,3
414,389,3
414,401,3
415,382,3
415,416,3
416,415,3
416,486,3
417,355,3
417,404,3
418,400,3
418,419,3
419,413,3
419,418,3
420,394,3
420,957,3
421,422,3
421,431,3
422,421,3
422,428,3
423,434,3
423,615,3
424,412,3
424,425,3
425,424,3
425,586,3
426,540,3
426,893,3
427,435,3
427,893,3
428,422,3
428,430,3
429,580,3
429,620,3
430,428,3
430,474,3
431,421,3
431,432,3
432,431,3
432,448,3
433,434,3
433,444,3
434,423,3
434,433,3
435,238,3
435,427,3
436,412,3
436,442,3
437,438,3
437,455,3
438,437,3
438,451,3
439,440,3
439,463,3
440,407,3
440,439,3
441,454,3
441,803,3
442,436,3
442,803,3
443,384,3
443,992,3
444,433,3
444,445,3
445,444,3
445,509,3
446,447,3
446,548,3
447,446,3
447,476,3
448,432,3
448,449,3
449,448,3
449,469,3
450,957,3
450,978,3
451,438,3
451,808,3
452,395,3
452,499,3
453,357,3
453,386,3
454,441,3
454,963,3
455,437,3
455,456,3
456,455,3
456,470,3
457,458,3
457,466,3
458,457,3
458,465,3
459,460,3
459,467,3
460,391,3
460,459,3
461,463,3
461,488,3
462,327,3
462,464,3
463,439,3
463,461,3
464,462,3
464,498,3
465,458,3
465,466,3
466,457,3
466,465,3
467,459,3
467,468,3
468,250,3
468,467,3
469,449,3
469,470,3
470,456,3
470,469,3
471,277,3
471,405,3
472,473,3
472,512,3
473,472,3
473,495,3
474,430,3
474,475,3
475,474,3
475,531,3
476,447,3
476,478,3
477,479,3
477,566,3
478,476,3
478,479,3
479,477,3
479,478,3
480,481,3
480,579,3
481,480,3
481,482,3
482,481,3
482,483,3
483,482,3
483,502,3
484,485,3
484,491,3
485,484,3
485,489,3
486,416,3
486,487,3
487,486,3
487,517,3
488,461,3
488,489,3
489,485,3
489,488,3
490,492,3
490,618,3
491,484,3
491,610,3
492,490,3
492,501,3
493,494,3
493,942,3
494,493,3
494,518,3
495,74,3
495,473,3
496,510,3
496,525,3
497,498,3
497,513,3
498,464,3
498,497,3
499,452,3
499,501,3
500,503,3
500,536,3
501,492,3
501,499,3
502,483,3
502,504,3
503,500,3
503,504,3
504,502,3
504,503,3
505,506,3
505,528,3
506,505,3
506,519,3
507,54,3
507,514,3
508,509,3
508,543,3
509,445,3
509,508,3
510,496,3
510,910,3
511,512,3
511,990,3
512,472,3
512,511,3
513,497,3
513,514,3
514,507,3
514,513,3
515,516,3
515,546,3
516,515,3
516,541,3
517,487,3
517,518,3
518,494,3
518,517,3
519,506,3
519,831,3
520,872,3
520,993,3
521,408,3
521,522,3
522,521,3
522,906,3
523,524,3
523,549,3
524,523,3
524,581,3
525,496,3
525,992,3
526,528,3
526,604,3
527,529,3
527,626,3
528,505,3
528,526,3
529,527,3
529,556,3
530,330,3
530,534,3
531,475,3
531,532,3
532,531,3
532,731,3
533,534,3
533,610,3
534,530,3
534,533,3
535,575,3
535,999,3
536,500,3
536,537,3
537,536,3
537,628,3
538,539,3
538,975,3
539,538,3
539,540,3
540,426,3
540,539,3
541,516,3
541,542,3
542,541,3
542,607,3
543,508,3
543,544,3
544,543,3
544,557,3
545,546,3
545,569,3
546,515,3
546,545,3
547,548,3
547,560,3
548,446,3
548,547,3
549,523,3
549,550,3
550,549,3
550,983,3
551,552,3
551,554,3
552,551,3
552,572,3
553,788,3
553,999,3
554,551,3
554,788,3
555,556,3
555,996,3
556,529,3
556,555,3
557,544,3
557,558,3
558,557,3
558,624,3
559,560,3
559,627,3
560,547,3
560,559,3
561,562,3
561,576,3
562,561,3
562,567,3
563,564,3
563,582,3
564,563,3
564,686,3
565,566,3
565,571,3
566,477,3
566,565,3
567,562,3
567,804,3
568,570,3
568,578,3
569,545,3
569,804,3
570,568,3
570,611,3
571,48,3
571,565,3
572,552,3
572,573,3
573,572,3
573,600,3
574,575,3
574,584,3
575,535,3
575,574,3
576,561,3
576,863,3
577,578,3
577,932,3
578,568,3
578,577,3
579,480,3
579,580,3
580,429,3
580,579,3
581,524,3
581,582,3
582,563,3
582,581,3
583,584,3
583,601,3
584,574,3
584,583,3
585,586,3
585,599,3
586,425,3
586,585,3
587,588,3
587,614,3
588,587,3
588,596,3
589,590,3
589,967,3
590,589,3
590,609,3
591,592,3
591,654,3
592,591,3
592,983,3
593,50,3
593,672,3
594,630,3
594,745,3
595,745,3
595,986,3
596,588,3
596,597,3
597,596,3
597,649,3
598,599,3
598,996,3
599,585,3
599,598,3
600,573,3
600,902,3
601,583,3
601,902,3
602,603,3
602,695,3
603,602,3
603,616,3
604,526,3
604,605,3
605,604,3
605,629,3
606,294,3
606,608,3
607,542,3
607,609,3
608,606,3
608,615,3
609,590,3
609,607,3
610,491,3
610,533,3
611,570,3
611,612,3
612,611,3
612,651,3
613,614,3
613,632,3
614,587,3
614,613,3
615,423,3
615,608,3
616,603,3
616,725,3
617,622,3
617,725,3
618,490,3
618,619,3
619,276,3
619,618,3
620,429,3
620,749,3
621,622,3
621,715,3
622,617,3
622,621,3
623,624,3
623,636,3
624,558,3
624,623,3
625,626,3
625,705,3
626,527,3
626,625,3
627,559,3
627,846,3
628,537,3
628,846,3
629,605,3
629,630,3
630,594,3
630,629,3
631,632,3
631,653,3
632,613,3
632,631,3
633,634,3
633,961,3
634,633,3
634,722,3
635,636,3
635,974,3
636,623,3
636,635,3
637,121,3
637,638,3
638,637,3
638,642,3
639,640,3
639,658,3
640,639,3
640,770,3
641,252,3
641,642,3
642,638,3
642,641,3
643,644,3
643,870,3
644,643,3
644,656,3
645,321,3
645,712,3
646,664,3
646,865,3
647,703,3
647,865,3
648,649,3
648,783,3
649,597,3
649,648,3
650,90,3
650,651,3
651,612,3
651,650,3
652,653,3
652,698,3
653,631,3
653,652,3
654,591,3
654,655,3
655,654,3
655,997,3
656,644,3
656,657,3
657,656,3
657,668,3
658,639,3
658,659,3
659,658,3
659,958,3
660,661,3
660,954,3
661,660,3
661,761,3
661,885,3
662,663,3
662,934,3
662,997,3
663,302,3
663,662,3
663,710,3
664,646,3
664,884,3
664,885,3
665,666,3
665,718,3
665,976,3
666,665,3
666,725,3
666,976,3
667,669,3
667,670,3
667,937,3
668,36,3
668,37,3
668,657,3
669,667,3
669,670,3
669,719,3
670,667,3
670,669,3
670,736,3
671,340,3
671,341,3
671,675,3
672,593,3
672,678,3
672,987,3
673,674,3
673,874,3
673,935,3
674,673,3
674,721,3
674,890,3
675,671,3
675,678,3
675,689,3
676,677,3
676,855,3
676,987,3
677,676,3
677,904,3
677,911,3
678,672,3
678,675,3
678,685,3
679,334,3
679,680,3
679,986,3
680,679,3
680,760,3
680,989,3
681,689,3
681,840,3
681,900,3
682,362,3
682,912,3
682,984,3
683,684,3
683,757,3
683,807,3
684,683,3
684,839,3
684,941,3
685,678,3
685,797,3
685,800,3
686,564,3
686,688,3
686,822,3
687,689,3
687,690,3
687,693,3
688,686,3
688,940,3
688,945,3
689,675,3
689,681,3
689,687,3
690,687,3
690,694,3
690,747,3
691,692,3
691,943,3
691,953,3
692,691,3
692,739,3
692,753,3
693,687,3
693,912,3
693,915,3
694,690,3
694,695,3
694,988,3
695,602,3
695,694,3
695,696,3
696,695,3
696,697,3
696,776,3
697,696,3
697,698,3
697,741,3
698,652,3
698,697,3
698,708,3
699,700,3
699,779,3
699,965,3
700,699,3
700,742,3
700,894,3
701,702,3
701,806,3
701,998,3
702,701,3
702,777,3
702,846,3
703,647,3
703,741,3
703,743,3
704,325,3
704,326,3
704,717,3
705,625,3
705,706,3
705,917,3
706,705,3
706,805,3
706,979,3
707,341,3
707,710,3
707,940,3
708,698,3
708,709,3
708,988,3
709,708,3
709,711,3
709,745,3
710,663,3
710,707,3
710,732,3
711,709,3
711,714,3
711,727,3
712,645,3
712,714,3
712,717,3
713,857,3
713,989,3
713,990,3
714,711,3
714,712,3
714,975,3
715,183,3
715,621,3
715,852,3
716,721,3
716,988,3
716,997,3
717,704,3
717,712,3
717,720,3
718,665,3
718,719,3
718,749,3
719,669,3
719,718,3
719,750,3
720,717,3
720,723,3
720,737,3
721,674,3
721,716,3
721,748,3
722,634,3
722,729,3
722,917,3
723,720,3
723,724,3
723,997,3
724,723,3
724,726,3
724,766,3
725,616,3
725,617,3
725,666,3
726,724,3
726,728,3
726,789,3
727,711,3
727,951,3
727,978,3
728,726,3
728,731,3
728,981,3
729,722,3
729,742,3
729,774,3
730,337,3
730,732,3
730,951,3
731,532,3
731,728,3
731,736,3
732,710,3
732,730,3
732,775,3
733,244,3
733,841,3
733,909,3
734,735,3
734,755,3
734,993,3
735,734,3
735,860,3
735,865,3
736,670,3
736,731,3
736,737,3
737,720,3
737,736,3
737,738,3
738,737,3
738,740,3
738,804,3
739,12,3
739,692,3
739,742,3
740,738,3
740,741,3
740,744,3
741,697,3
741,703,3
741,740,3
742,700,3
742,729,3
742,739,3
743,703,3
743,744,3
743,882,3
744,740,3
744,743,3
744,750,3
745,594,3
745,595,3
745,709,3
746,748,3
746,937,3
746,997,3
747,7,3
747,8,3
747,690,3
748,721,3
748,746,3
748,921,3
749,620,3
749,718,3
749,751,3
750,719,3
750,744,3
750,751,3
751,749,3
751,750,3
751,754,3
752,753,3
752,829,3
752,922,3
753,692,3
753,752,3
753,941,3
754,751,3
754,760,3
754,817,3
755,734,3
755,756,3
755,993,3
756,755,3
756,759,3
756,799,3
757,683,3
757,758,3
757,786,3
758,757,3
758,924,3
758,926,3
759,38,3
759,756,3
759,761,3
760,680,3
760,754,3
760,762,3
761,661,3
761,759,3
761,936,3
762,277,3
762,760,3
762,767,3
763,268,3
763,768,3
763,999,3
764,402,3
764,403,3
764,803,3
765,766,3
765,767,3
765,997,3
766,724,3
766,765,3
766,769,3
767,762,3
767,765,3
767,769,3
768,763,3
768,836,3
768,949,3
769,766,3
769,767,3
769,776,3
770,640,3
770,776,3
770,778,3
771,772,3
771,934,3
771,988,3
772,771,3
772,876,3
772,908,3
773,774,3
773,858,3
773,999,3
774,729,3
774,773,3
774,823,3
775,732,3
775,777,3
775,828,3
776,696,3
776,769,3
776,770,3
777,702,3
777,775,3
777,829,3
778,770,3
778,781,3
778,825,3
779,699,3
779,780,3
779,996,3
780,779,3
780,845,3
780,868,3
781,778,3
781,783,3
781,790,3
782,786,3
782,824,3
782,940,3
783,648,3
783,781,3
783,784,3
784,783,3
784,785,3
784,797,3
785,784,3
785,787,3
785,994,3
786,757,3
786,782,3
786,886,3
787,785,3
787,969,3
787,970,3
788,553,3
788,554,3
788,793,3
789,726,3
789,790,3
789,969,3
790,781,3
790,789,3
790,969,3
791,792,3
791,854,3
791,949,3
792,791,3
792,989,3
792,990,3
793,788,3
793,794,3
793,795,3
794,54,3
794,793,3
794,795,3
795,793,3
795,794,3
795,999,3
796,799,3
796,808,3
796,840,3
797,685,3
797,784,3
797,802,3
798,13,3
798,14,3
798,802,3
799,756,3
799,796,3
799,823,3
800,685,3
800,802,3
800,871,3
801,805,3
801,891,3
801,998,3
802,797,3
802,798,3
802,800,3
803,441,3
803,442,3
803,764,3
804,567,3
804,569,3
804,738,3
805,706,3
805,801,3
805,979,3
806,193,3
806,701,3
806,998,3
807,683,3
807,886,3
807,945,3
808,451,3
808,796,3
808,873,3
809,810,3
809,811,3
809,879,3
810,809,3
810,811,3
810,903,3
811,809,3
811,810,3
811,820,3
812,816,3
812,845,3
812,875,3
813,814,3
813,819,3
813,994,3
814,813,3
814,819,3
814,979,3
815,823,3
815,861,3
815,999,3
816,812,3
816,827,3
816,851,3
817,754,3
817,818,3
817,820,3
818,817,3
818,820,3
818,997,3
819,813,3
819,814,3
819,883,3
820,811,3
820,817,3
820,818,3
821,824,3
821,825,3
821,987,3
822,686,3
822,827,3
822,892,3
823,774,3
823,799,3
823,815,3
824,782,3
824,821,3
824,825,3
825,778,3
825,821,3
825,824,3
826,830,3
826,835,3
826,929,3
827,816,3
827,822,3
827,851,3
828,775,3
828,829,3
828,847,3
829,752,3
829,777,3
829,828,3
830,826,3
830,831,3
830,835,3
831,519,3
831,830,3
831,872,3
832,361,3
832,933,3
832,998,3
833,363,3
833,364,3
833,997,3
834,158,3
834,159,3
834,998,3
835,826,3
835,830,3
835,1000,3
836,768,3
836,837,3
836,948,3
837,836,3
837,844,3
837,991,3
838,217,3
838,219,3
838,849,3
839,684,3
839,842,3
839,950,3
840,681,3
840,796,3
840,898,3
841,733,3
841,845,3
841,848,3
842,839,3
842,877,3
842,977,3
843,844,3
843,897,3
843,962,3
844,837,3
844,843,3
844,991,3
845,780,3
845,812,3
845,841,3
845,848,3
846,627,3
846,628,3
846,702,3
846,906,3
847,233,3
847,234,3
847,244,3
847,828,3
848,841,3
848,845,3
848,934,3
848,988,3
849,838,3
849,850,3
849,851,3
849,978,3
850,849,3
850,851,3
850,996,3
850,1000,3
851,816,3
851,827,3
851,849,3
851,850,3
852,182,3
852,715,3
852,888,3
852,900,3
853,854,3
853,855,3
853,856,3
853,880,3
854,791,3
854,853,3
854,855,3
854,948,3
855,676,3
855,853,3
855,854,3
855,987,3
856,853,3
856,858,3
856,859,3
856,880,3
857,713,3
857,862,3
857,958,3
857,1000,3
858,773,3
858,856,3
858,859,3
858,999,3
859,856,3
859,858,3
859,948,3
859,994,3
860,735,3
860,861,3
860,862,3
860,865,3
861,815,3
861,860,3
861,862,3
861,999,3
862,857,3
862,860,3
862,861,3
862,996,3
863,576,3
863,864,3
863,975,3
863,1000,3
864,863,3
864,867,3
864,868,3
864,1000,3
865,646,3
865,647,3
865,735,3
865,860,3
866,875,3
866,899,3
866,944,3
866,956,3
867,864,3
867,868,3
867,932,3
867,986,3
868,780,3
868,864,3
868,867,3
868,884,3
869,870,3
869,954,3
869,977,3
869,988,3
870,643,3
870,869,3
870,977,3
870,999,3
871,800,3
871,977,3
871,989,3
871,999,3
872,520,3
872,831,3
872,950,3
872,978,3
873,808,3
873,874,3
873,920,3
873,970,3
874,673,3
874,873,3
874,936,3
874,970,3
875,812,3
875,866,3
875,884,3
875,970,3
876,772,3
876,877,3
876,953,3
876,956,3
877,842,3
877,876,3
877,887,3
877,956,3
878,879,3
878,880,3
878,915,3
878,994,3
879,809,3
879,878,3
879,880,3
879,1000,3
880,853,3
880,856,3
880,878,3
880,879,3
881,882,3
881,883,3
881,907,3
881,942,3
882,743,3
882,881,3
882,883,3
882,999,3
883,238,3
883,819,3
883,881,3
883,882,3
884,664,3
884,868,3
884,875,3
884,885,3
885,661,3
885,664,3
885,884,3
885,935,3
886,313,3
886,314,3
886,786,3
886,807,3
887,877,3
887,888,3
887,889,3
887,901,3
888,852,3
888,887,3
888,889,3
888,960,3
889,887,3
889,888,3
889,952,3
889,991,3
890,674,3
890,891,3
890,892,3
890,921,3
891,801,3
891,890,3
891,892,3
891,998,3
892,822,3
892,890,3
892,891,3
892,909,3
893,426,3
893,427,3
893,914,3
893,932,3
894,700,3
894,895,3
894,897,3
894,899,3
895,894,3
895,897,3
895,905,3
895,993,3
896,79,3
896,101,3
896,102,3
896,982,3
897,843,3
897,894,3
897,895,3
897,938,3
898,840,3
898,901,3
898,959,3
898,982,3
899,270,3
899,271,3
899,866,3
899,894,3
900,681,3
900,852,3
900,901,3
900,960,3
901,887,3
901,898,3
901,900,3
901,918,3
902,600,3
902,601,3
902,964,3
902,981,3
903,810,3
903,904,3
903,905,3
903,942,3
904,677,3
904,903,3
904,905,3
904,919,3
905,895,3
905,903,3
905,904,3
905,956,3
906,11,3
906,12,3
906,522,3
906,846,3
907,75,3
907,76,3
907,881,3
907,923,3
908,772,3
908,909,3
908,911,3
908,943,3
909,733,3
909,892,3
909,908,3
909,911,3
910,510,3
910,916,3
910,957,3
910,975,3
911,677,3
911,908,3
911,909,3
911,919,3
912,682,3
912,693,3
912,915,3
912,966,3
913,916,3
913,917,3
913,989,3
913,990,3
914,147,3
914,149,3
914,893,3
914,964,3
915,693,3
915,878,3
915,912,3
915,994,3
916,910,3
916,913,3
916,918,3
916,994,3
917,705,3
917,722,3
917,913,3
917,918,3
918,901,3
918,916,3
918,917,3
918,971,3
919,904,3
919,911,3
919,920,3
919,921,3
920,99,3
920,873,3
920,919,3
920,921,3
921,748,3
921,890,3
921,919,3
921,920,3
922,752,3
922,923,3
922,935,3
922,967,3
923,70,3
923,360,3
923,907,3
923,922,3
923,935,3
924,758,3
924,925,3
924,935,3
924,938,3
924,972,3
925,924,3
925,928,3
925,946,3
925,968,3
925,976,3
926,758,3
926,927,3
926,929,3
926,972,3
926,989,3
927,926,3
927,929,3
927,933,3
927,955,3
927,961,3
928,925,3
928,930,3
928,939,3
928,985,3
928,995,3
929,826,3
929,926,3
929,927,3
929,933,3
929,995,3
930,928,3
930,932,3
930,947,3
930,980,3
930,992,3
931,239,3
931,946,3
931,947,3
931,951,3
931,955,3
932,577,3
932,867,3
932,893,3
932,930,3
932,934,3
933,832,3
933,927,3
933,929,3
933,939,3
933,998,3
934,662,3
934,771,3
934,848,3
934,932,3
934,936,3
935,673,3
935,885,3
935,922,3
935,923,3
935,924,3
936,761,3
936,874,3
936,934,3
936,941,3
936,945,3
937,293,3
937,294,3
937,667,3
937,746,3
937,954,3
938,897,3
938,924,3
938,940,3
938,962,3
938,997,3
939,928,3
939,933,3
939,949,3
939,952,3
939,995,3
940,688,3
940,707,3
940,782,3
940,938,3
940,943,3
941,684,3
941,753,3
941,936,3
941,943,3
941,950,3
942,46,3
942,47,3
942,493,3
942,881,3
942,903,3
943,691,3
943,908,3
943,940,3
943,941,3
943,987,3
944,328,3
944,866,3
944,963,3
944,978,3
944,995,3
945,688,3
945,807,3
945,936,3
945,950,3
945,958,3
946,925,3
946,931,3
946,947,3
946,969,3
946,974,3
947,930,3
947,931,3
947,946,3
947,980,3
947,992,3
948,836,3
948,854,3
948,859,3
948,950,3
948,992,3
949,768,3
949,791,3
949,939,3
949,952,3
949,953,3
950,839,3
950,872,3
950,941,3
950,945,3
950,948,3
951,2,3
951,62,3
951,727,3
951,730,3
951,931,3
952,889,3
952,939,3
952,949,3
952,953,3
952,991,3
953,691,3
953,876,3
953,949,3
953,952,3
953,954,3
953,987,3
954,660,3
954,869,3
954,937,3
954,953,3
954,955,3
954,959,3
955,927,3
955,931,3
955,954,3
955,959,3
955,960,3
955,975,3
956,56,3
956,866,3
956,876,3
956,877,3
956,905,3
956,993,3
957,420,3
957,450,3
957,910,3
957,963,3
957,985,3
957,995,3
958,659,3
958,857,3
958,945,3
958,959,3
958,975,3
958,985,3
959,898,3
959,954,3
959,955,3
959,958,3
959,960,3
959,995,3
960,888,3
960,900,3
960,955,3
960,959,3
960,961,3
960,979,3
961,633,3
961,927,3
961,960,3
961,962,3
961,964,3
961,975,3
962,843,3
962,938,3
962,961,3
962,964,3
962,965,3
962,972,3
963,310,3
963,454,3
963,944,3
963,957,3
963,970,3
963,983,3
964,902,3
964,914,3
964,961,3
964,962,3
964,965,3
964,981,3
965,315,3
965,699,3
965,962,3
965,964,3
965,966,3
965,1000,3
966,285,3
966,912,3
966,965,3
966,967,3
966,968,3
966,991,3
967,589,3
967,922,3
967,966,3
967,968,3
967,971,3
967,992,3
968,925,3
968,966,3
968,967,3
968,969,3
968,971,3
968,974,3
968,976,3
969,787,3
969,789,3
969,790,3
969,946,3
969,968,3
969,989,3
969,990,3
970,91,3
970,787,3
970,873,3
970,874,3
970,875,3
970,963,3
970,983,3
971,245,3
971,918,3
971,967,3
971,968,3
971,972,3
971,973,3
971,977,3
972,924,3
972,926,3
972,962,3
972,971,3
972,973,3
972,974,3
972,998,3
973,127,3
973,387,3
973,971,3
973,972,3
973,974,3
973,977,3
973,983,3
974,635,3
974,946,3
974,968,3
974,972,3
974,973,3
974,983,3
974,990,3
975,538,3
975,714,3
975,863,3
975,910,3
975,955,3
975,958,3
975,961,3
976,87,3
976,665,3
976,666,3
976,925,3
976,968,3
976,983,3
976,989,3
977,109,3
977,842,3
977,869,3
977,870,3
977,871,3
977,971,3
977,973,3
978,203,3
978,283,3
978,450,3
978,727,3
978,849,3
978,872,3
978,944,3
979,706,3
979,805,3
979,814,3
979,960,3
979,980,3
979,981,3
979,987,3
979,991,3
980,264,3
980,930,3
980,947,3
980,979,3
980,981,3
980,982,3
980,991,3
980,992,3
981,728,3
981,902,3
981,964,3
981,979,3
981,980,3
981,982,3
981,986,3
981,991,3
982,896,3
982,898,3
982,980,3
982,981,3
982,984,3
982,985,3
982,988,3
982,995,3
983,143,3
983,550,3
983,592,3
983,963,3
983,970,3
983,973,3
983,974,3
983,976,3
984,163,3
984,352,3
984,682,3
984,982,3
984,986,3
984,988,3
984,991,3
984,992,3
985,928,3
985,957,3
985,958,3
985,982,3
985,987,3
985,990,3
985,991,3
985,994,3
985,997,3
986,176,3
986,365,3
986,595,3
986,679,3
986,867,3
986,981,3
986,984,3
986,988,3
986,989,3
986,992,3
987,672,3
987,676,3
987,821,3
987,855,3
987,943,3
987,953,3
987,979,3
987,985,3
987,990,3
987,991,3
987,994,3
988,694,3
988,708,3
988,716,3
988,771,3
988,848,3
988,869,3
988,982,3
988,984,3
988,986,3
988,989,3
988,992,3
989,680,3
989,713,3
989,792,3
989,871,3
989,913,3
989,926,3
989,969,3
989,976,3
989,986,3
989,988,3
989,992,3
990,136,3
990,511,3
990,713,3
990,792,3
990,913,3
990,969,3
990,974,3
990,985,3
990,987,3
990,991,3
990,994,3
990,997,3
991,837,3
991,844,3
991,889,3
991,952,3
991,966,3
991,979,3
991,980,3
991,981,3
991,984,3
991,985,3
991,987,3
991,990,3
992,32,3
992,443,3
992,525,3
992,930,3
992,947,3
992,948,3
992,967,3
992,980,3
992,984,3
992,986,3
992,988,3
992,989,3
993,310,3
993,520,3
993,734,3
993,755,3
993,895,3
993,956,3
993,995,3
993,996,3
993,997,3
993,998,3
993,999,3
993,1000,3
994,377,3
994,785,3
994,813,3
994,859,3
994,878,3
994,915,3
994,916,3
994,985,3
994,987,3
994,990,3
994,995,3
994,996,3
994,997,3
995,156,3
995,928,3
995,929,3
995,939,3
995,944,3
995,957,3
995,959,3
995,982,3
995,993,3
995,994,3
995,996,3
995,997,3
995,998,3
995,999,3
995,1000,3
996,346,3
996,354,3
996,555,3
996,598,3
996,779,3
996,850,3
996,862,3
996,993,3
996,994,3
996,995,3
996,997,3
996,998,3
996,999,3
996,1000,3
997,655,3
997,662,3
997,716,3
997,723,3
997,746,3
997,765,3
997,818,3
997,833,3
997,938,3
997,985,3
997,990,3
997,993,3
997,994,3
997,995,3
997,996,3
997,999,3
998,396,3
998,701,3
998,801,3
998,806,3
998,832,3
998,834,3
998,891,3
998,933,3
998,972,3
998,993,3
998,995,3
998,996,3
998,999,3
998,1000,3
999,535,3
999,553,3
999,763,3
999,773,3
999,795,3
999,815,3
999,858,3
999,861,3
999,870,3
999,871,3
999,882,3
999,993,3
999,995,3
999,996,3
999,997,3
999,998,3
999,1000,3
1000,129,3
1000,349,3
1000,835,3
1000,850,3
1000,857,3
1000,863,3
1000,864,3
1000,879,3
1000,965,3
1000,993,3
1000,995,3
1000,996,3
1000,998,3
1000,999,3
1,2,4
1,27,4
2,1,4
2,5,4
3,19,4
3,989,4
4,5,4
4,29,4
5,2,4
5,4,4
6,7,4
6,47,4
7,6,4
7,12,4
8,9,4
8,56,4
9,8,4
9,25,4
10,11,4
10,979,4
11,10,4
11,774,4
12,7,4
12,13,4
13,12,4
13,71,4
14,15,4
14,50,4
15,14,4
15,35,4
16,17,4
16,51,4
17,16,4
17,59,4
18,19,4
18,24,4
19,3,4
19,18,4
20,21,4
20,37,4
21,20,4
21,721,4
22,23,4
22,63,4
23,22,4
23,110,4
24,18,4
24,25,4
25,9,4
25,24,4
26,27,4
26,111,4
27,1,4
27,26,4
28,29,4
28,40,4
29,4,4
29,28,4
30,32,4
30,45,4
31,42,4
31,366,4
32,30,4
32,138,4
33,43,4
33,869,4
34,869,4
34,999,4
35,15,4
35,36,4
36,35,4
36,109,4
37,20,4
37,38,4
38,37,4
38,759,4
39,40,4
39,41,4
40,28,4
40,39,4
41,39,4
41,42,4
42,31,4
42,41,4
43,33,4
43,44,4
44,43,4
44,187,4
45,30,4
45,46,4
46,45,4
46,170,4
47,6,4
47,48,4
48,47,4
48,404,4
49,50,4
49,909,4
50,14,4
50,49,4
51,16,4
51,52,4
52,51,4
52,53,4
53,52,4
53,54,4
54,53,4
54,66,4
55,56,4
55,68,4
56,8,4
56,55,4
57,59,4
57,91,4
58,64,4
58,897,4
59,17,4
59,57,4
60,62,4
60,233,4
61,98,4
61,646,4
62,60,4
62,970,4
63,22,4
63,64,4
64,58,4
64,63,4
65,66,4
65,72,4
66,54,4
66,65,4
67,68,4
67,86,4
68,55,4
68,67,4
69,70,4
69,78,4
70,69,4
70,97,4
71,13,4
71,72,4
72,65,4
72,71,4
73,74,4
73,979,4
74,73,4
74,83,4
75,76,4
75,1000,4
76,75,4
76,961,4
77,78,4
77,90,4
78,69,4
78,77,4
79,80,4
79,94,4
80,79,4
80,256,4
81,82,4
81,89,4
82,81,4
82,185,4
83,74,4
83,84,4
84,83,4
84,103,4
85,87,4
85,134,4
86,67,4
86,88,4
87,85,4
87,148,4
88,86,4
88,165,4
89,81,4
89,90,4
90,77,4
90,89,4
91,57,4
91,92,4
92,91,4
92,722,4
93,95,4
93,537,4
94,79,4
94,367,4
95,93,4
95,142,4
96,97,4
96,152,4
97,70,4
97,96,4
98,61,4
98,99,4
99,98,4
99,113,4
100,101,4
100,486,4
101,100,4
101,116,4
102,105,4
102,726,4
103,84,4
103,726,4
104,106,4
104,122,4
105,102,4
105,783,4
106,104,4
106,926,4
107,108,4
107,132,4
108,107,4
108,140,4
109,36,4
109,110,4
110,23,4
110,109,4
111,26,4
111,878,4
112,135,4
112,878,4
113,99,4
113,845,4
114,416,4
114,845,4
115,116,4
115,130,4
116,101,4
116,115,4
117,118,4
117,157,4
118,117,4
118,137,4
119,120,4
119,921,4
120,119,4
120,129,4
121,122,4
121,143,4
122,104,4
122,121,4
123,127,4
123,906,4
124,125,4
124,906,4
125,124,4
125,247,4
126,127,4
126,200,4
127,123,4
127,126,4
128,759,4
128,763,4
129,120,4
129,130,4
130,115,4
130,129,4
131,132,4
131,136,4
132,107,4
132,131,4
133,181,4
133,870,4
134,85,4
134,136,4
135,112,4
135,385,4
136,131,4
136,134,4
137,118,4
137,994,4
138,32,4
138,139,4
139,138,4
139,145,4
140,108,4
140,141,4
141,140,4
141,382,4
142,95,4
142,143,4
143,121,4
143,142,4
144,145,4
144,254,4
145,139,4
145,144,4
146,147,4
146,172,4
147,146,4
147,167,4
148,87,4
148,149,4
149,148,4
149,153,4
150,151,4
150,182,4
151,150,4
151,495,4
152,96,4
152,153,4
153,149,4
153,152,4
154,155,4
154,168,4
155,154,4
155,807,4
156,157,4
156,158,4
157,117,4
157,156,4
158,156,4
158,834,4
159,834,4
159,932,4
160,178,4
160,992,4
161,162,4
161,887,4
162,161,4
162,887,4
163,246,4
163,331,4
164,188,4
164,681,4
165,88,4
165,681,4
166,183,4
166,886,4
167,147,4
167,886,4
168,154,4
168,169,4
169,168,4
169,252,4
170,46,4
170,171,4
171,170,4
171,262,4
172,146,4
172,174,4
173,175,4
173,192,4
174,172,4
174,190,4
175,173,4
175,899,4
176,177,4
176,198,4
177,176,4
177,207,4
178,160,4
178,179,4
179,178,4
179,180,4
180,179,4
180,488,4
181,133,4
181,182,4
182,150,4
182,181,4
183,166,4
183,184,4
184,183,4
184,735,4
185,82,4
185,186,4
186,185,4
186,219,4
187,44,4
187,188,4
188,164,4
188,187,4
189,203,4
189,524,4
190,174,4
190,809,4
191,281,4
191,809,4
192,173,4
192,193,4
193,192,4
193,196,4
194,196,4
194,231,4
195,238,4
195,796,4
196,193,4
196,194,4
197,198,4
197,205,4
198,176,4
198,197,4
199,200,4
199,688,4
200,126,4
200,199,4
201,277,4
201,578,4
202,224,4
202,880,4
203,189,4
203,880,4
204,206,4
204,406,4
205,197,4
205,721,4
206,204,4
206,211,4
207,177,4
207,208,4
208,207,4
208,816,4
209,210,4
209,242,4
210,209,4
210,259,4
211,206,4
211,212,4
212,211,4
212,221,4
213,214,4
213,223,4
214,213,4
214,257,4
215,240,4
215,408,4
216,217,4
216,230,4
217,216,4
217,243,4
218,219,4
218,228,4
219,186,4
219,218,4
220,221,4
220,331,4
221,212,4
221,220,4
222,223,4
222,229,4
223,213,4
223,222,4
224,202,4
224,239,4
225,226,4
225,998,4
226,225,4
226,996,4
227,228,4
227,287,4
228,218,4
228,227,4
229,222,4
229,230,4
230,216,4
230,229,4
231,194,4
231,232,4
232,231,4
232,938,4
233,60,4
233,234,4
234,233,4
234,276,4
235,236,4
235,299,4
236,235,4
236,239,4
237,238,4
237,312,4
238,195,4
238,237,4
239,224,4
239,236,4
240,215,4
240,242,4
241,264,4
241,311,4
242,209,4
242,240,4
243,217,4
243,376,4
244,246,4
244,280,4
245,318,4
245,381,4
246,163,4
246,244,4
247,125,4
247,270,4
248,249,4
248,260,4
249,248,4
249,992,4
250,251,4
250,272,4
251,250,4
251,266,4
252,169,4
252,1000,4
253,254,4
253,923,4
254,144,4
254,253,4
255,256,4
255,972,4
256,80,4
256,255,4
257,214,4
257,258,4
258,257,4
258,341,4
259,210,4
259,260,4
260,248,4
260,259,4
261,268,4
261,523,4
262,171,4
262,263,4
263,262,4
263,345,4
264,241,4
264,265,4
265,264,4
265,290,4
266,251,4
266,268,4
267,269,4
267,283,4
268,261,4
268,266,4
269,267,4
269,274,4
270,247,4
270,271,4
271,270,4
271,278,4
272,250,4
272,273,4
273,272,4
273,308,4
274,269,4
274,275,4
275,274,4
275,939,4
276,234,4
276,277,4
277,201,4
277,276,4
278,271,4
278,279,4
279,278,4
279,328,4
280,244,4
280,281,4
281,191,4
281,280,4
282,283,4
282,953,4
283,267,4
283,282,4
284,851,4
284,884,4
285,286,4
285,303,4
286,285,4
286,293,4
287,227,4
287,288,4
288,287,4
288,295,4
289,290,4
289,296,4
290,265,4
290,289,4
291,292,4
291,349,4
292,291,4
292,297,4
293,286,4
293,608,4
294,295,4
294,313,4
295,288,4
295,294,4
296,289,4
296,298,4
297,292,4
297,817,4
298,296,4
298,320,4
299,235,4
299,817,4
300,301,4
300,330,4
301,300,4
301,375,4
302,303,4
302,360,4
303,285,4
303,302,4
304,305,4
304,326,4
305,304,4
305,337,4
306,307,4
306,350,4
307,306,4
307,334,4
308,273,4
308,850,4
309,342,4
309,850,4
310,905,4
310,970,4
311,241,4
311,314,4
312,237,4
312,313,4
313,294,4
313,312,4
314,311,4
314,315,4
315,314,4
315,965,4
316,317,4
316,994,4
317,316,4
317,332,4
318,245,4
318,319,4
319,318,4
319,353,4
320,298,4
320,321,4
321,320,4
321,347,4
322,324,4
322,388,4
323,371,4
323,500,4
324,322,4
324,348,4
325,326,4
325,335,4
326,304,4
326,325,4
327,328,4
327,462,4
328,279,4
328,327,4
329,330,4
329,355,4
330,300,4
330,329,4
331,163,4
331,220,4
332,317,4
332,333,4
333,332,4
333,380,4
334,307,4
334,335,4
335,325,4
335,334,4
336,337,4
336,359,4
337,305,4
337,336,4
338,339,4
338,428,4
339,338,4
339,514,4
340,341,4
340,367,4
341,258,4
341,340,4
342,309,4
342,343,4
343,342,4
343,670,4
344,345,4
344,985,4
345,263,4
345,344,4
346,347,4
346,410,4
347,321,4
347,346,4
348,324,4
348,349,4
349,291,4
349,348,4
350,306,4
350,351,4
351,350,4
351,381,4
352,353,4
352,984,4
353,319,4
353,352,4
354,355,4
354,996,4
355,329,4
355,354,4
356,358,4
356,393,4
357,383,4
357,453,4
358,356,4
358,392,4
359,336,4
359,360,4
360,302,4
360,359,4
361,400,4
361,832,4
362,363,4
362,792,4
363,362,4
363,426,4
364,365,4
364,390,4
365,364,4
365,368,4
366,31,4
366,372,4
367,94,4
367,340,4
368,365,4
368,369,4
369,368,4
369,384,4
370,371,4
370,815,4
371,323,4
371,370,4
372,366,4
372,373,4
373,372,4
373,420,4
374,375,4
374,477,4
375,301,4
375,374,4
376,243,4
376,423,4
377,427,4
377,994,4
378,379,4
378,412,4
379,378,4
379,391,4
380,333,4
380,999,4
381,245,4
381,351,4
382,141,4
382,383,4
383,357,4
383,382,4
384,369,4
384,933,4
385,135,4
385,496,4
386,387,4
386,430,4
387,386,4
387,510,4
388,322,4
388,389,4
389,388,4
389,414,4
390,364,4
390,391,4
391,379,4
391,390,4
392,358,4
392,977,4
393,356,4
393,425,4
394,395,4
394,435,4
395,394,4
395,402,4
396,701,4
396,801,4
397,398,4
397,451,4
398,397,4
398,421,4
399,415,4
399,418,4
400,361,4
400,401,4
401,400,4
401,417,4
402,395,4
402,764,4
403,472,4
403,764,4
404,48,4
404,405,4
405,404,4
405,512,4
406,204,4
406,407,4
407,406,4
407,440,4
408,215,4
408,893,4
409,410,4
409,431,4
410,346,4
410,409,4
411,412,4
411,436,4
412,378,4
412,411,4
413,414,4
413,429,4
414,389,4
414,413,4
415,399,4
415,473,4
416,114,4
416,417,4
417,401,4
417,416,4
418,399,4
418,420,4
419,621,4
419,931,4
420,373,4
420,418,4
421,398,4
421,422,4
422,421,4
422,433,4
423,376,4
423,424,4
424,423,4
424,962,4
425,393,4
425,586,4
426,363,4
426,427,4
427,377,4
427,426,4
428,338,4
428,429,4
429,413,4
429,428,4
430,386,4
430,431,4
431,409,4
431,430,4
432,433,4
432,454,4
433,422,4
433,432,4
434,435,4
434,437,4
435,394,4
435,434,4
436,411,4
436,437,4
437,434,4
437,436,4
438,439,4
438,457,4
439,438,4
439,446,4
440,407,4
440,441,4
441,440,4
441,448,4
442,443,4
442,450,4
443,442,4
443,460,4
444,469,4
444,473,4
445,446,4
445,977,4
446,439,4
446,445,4
447,448,4
447,481,4
448,441,4
448,447,4
449,450,4
449,497,4
450,442,4
450,449,4
451,397,4
451,452,4
452,451,4
452,516,4
453,357,4
453,474,4
454,432,4
454,455,4
455,454,4
455,461,4
456,475,4
456,952,4
457,438,4
457,856,4
458,485,4
458,856,4
459,467,4
459,725,4
460,443,4
460,725,4
461,455,4
461,463,4
462,327,4
462,464,4
463,461,4
463,464,4
464,462,4
464,463,4
465,466,4
465,489,4
466,465,4
466,484,4
467,459,4
467,468,4
468,467,4
468,505,4
469,444,4
469,471,4
470,472,4
470,969,4
471,469,4
471,682,4
472,403,4
472,470,4
473,415,4
473,444,4
474,453,4
474,475,4
475,456,4
475,474,4
476,478,4
476,955,4
477,374,4
477,479,4
478,476,4
478,483,4
479,477,4
479,502,4
480,490,4
480,876,4
481,447,4
481,876,4
482,551,4
482,657,4
483,478,4
483,998,4
484,466,4
484,485,4
485,458,4
485,484,4
486,100,4
486,997,4
487,517,4
487,966,4
488,180,4
488,534,4
489,465,4
489,983,4
490,480,4
490,491,4
491,490,4
491,492,4
492,491,4
492,741,4
493,498,4
493,741,4
494,495,4
494,538,4
495,151,4
495,494,4
496,385,4
496,497,4
497,449,4
497,496,4
498,493,4
498,499,4
499,498,4
499,541,4
500,323,4
500,1000,4
501,504,4
501,868,4
502,479,4
502,504,4
503,507,4
503,868,4
504,501,4
504,502,4
505,468,4
505,506,4
506,505,4
506,515,4
507,503,4
507,509,4
508,510,4
508,526,4
509,507,4
509,971,4
510,387,4
510,508,4
511,512,4
511,990,4
512,405,4
512,511,4
513,514,4
513,527,4
514,339,4
514,513,4
515,506,4
515,516,4
516,452,4
516,515,4
517,487,4
517,518,4
518,517,4
518,972,4
519,520,4
519,546,4
520,519,4
520,550,4
521,522,4
521,964,4
522,521,4
522,529,4
523,261,4
523,542,4
524,189,4
524,873,4
525,526,4
525,544,4
526,508,4
526,525,4
527,513,4
527,994,4
528,556,4
528,833,4
529,522,4
529,833,4
530,531,4
530,535,4
531,530,4
531,547,4
532,534,4
532,581,4
533,535,4
533,543,4
534,488,4
534,532,4
535,530,4
535,533,4
536,538,4
536,1000,4
537,93,4
537,539,4
538,494,4
538,536,4
539,537,4
539,545,4
540,541,4
540,564,4
541,499,4
541,540,4
542,523,4
542,543,4
543,533,4
543,542,4
544,525,4
544,545,4
545,539,4
545,544,4
546,519,4
546,783,4
547,531,4
547,905,4
548,602,4
548,753,4
549,551,4
549,603,4
550,520,4
550,553,4
551,482,4
551,549,4
552,554,4
552,940,4
553,550,4
553,554,4
554,552,4
554,553,4
555,556,4
555,1000,4
556,528,4
556,555,4
557,558,4
557,589,4
558,557,4
558,1000,4
559,560,4
559,597,4
560,559,4
560,567,4
561,562,4
561,590,4
562,561,4
562,925,4
563,564,4
563,681,4
564,540,4
564,563,4
565,587,4
565,855,4
566,577,4
566,855,4
567,560,4
567,569,4
568,570,4
568,631,4
569,567,4
569,630,4
570,568,4
570,832,4
571,572,4
571,614,4
572,571,4
572,673,4
573,574,4
573,592,4
574,573,4
574,584,4
575,693,4
575,993,4
576,577,4
576,999,4
577,566,4
577,576,4
578,201,4
578,653,4
579,580,4
579,618,4
580,579,4
580,609,4
581,532,4
581,582,4
582,581,4
582,583,4
583,582,4
583,584,4
584,574,4
584,583,4
585,586,4
585,599,4
586,425,4
586,585,4
587,565,4
587,588,4
588,587,4
588,968,4
589,557,4
589,590,4
590,561,4
590,589,4
591,592,4
591,1000,4
592,573,4
592,591,4
593,594,4
593,595,4
594,593,4
594,606,4
595,593,4
595,596,4
596,595,4
596,620,4
597,559,4
597,598,4
598,597,4
598,879,4
599,585,4
599,600,4
600,599,4
600,856,4
601,602,4
601,604,4
602,548,4
602,601,4
603,549,4
603,897,4
604,601,4
604,605,4
605,604,4
605,650,4
606,594,4
606,607,4
607,606,4
607,616,4
608,293,4
608,861,4
609,580,4
609,610,4
610,609,4
610,613,4
611,612,4
611,637,4
612,611,4
612,648,4
613,610,4
613,614,4
614,571,4
614,613,4
615,616,4
615,633,4
616,607,4
616,615,4
617,619,4
617,853,4
618,579,4
618,620,4
619,617,4
619,989,4
620,596,4
620,618,4
621,419,4
621,640,4
622,623,4
622,993,4
623,622,4
623,636,4
624,625,4
624,862,4
625,624,4
625,813,4
626,627,4
626,641,4
627,626,4
627,639,4
628,629,4
628,793,4
629,628,4
629,736,4
630,569,4
630,631,4
631,568,4
631,630,4
632,633,4
632,638,4
633,615,4
633,632,4
634,635,4
634,785,4
635,634,4
635,989,4
636,623,4
636,637,4
637,611,4
637,636,4
638,632,4
638,639,4
639,627,4
639,638,4
640,621,4
640,641,4
641,626,4
641,640,4
642,643,4
642,657,4
643,642,4
643,652,4
644,645,4
644,741,4
645,644,4
645,719,4
646,61,4
646,982,4
647,665,4
647,852,4
648,612,4
648,852,4
649,650,4
649,658,4
650,605,4
650,649,4
651,652,4
651,783,4
652,643,4
652,651,4
653,578,4
653,654,4
654,653,4
654,996,4
655,787,4
655,818,4
656,745,4
656,787,4
657,482,4
657,642,4
658,649,4
658,659,4
659,658,4
659,668,4
660,661,4
660,997,4
661,660,4
661,688,4
661,935,4
662,663,4
662,937,4
662,954,4
663,662,4
663,775,4
663,812,4
664,665,4
664,666,4
664,678,4
665,647,4
665,664,4
665,981,4
666,664,4
666,667,4
666,724,4
667,666,4
667,668,4
667,997,4
668,659,4
668,667,4
668,669,4
669,668,4
669,670,4
669,712,4
670,343,4
670,669,4
670,671,4
671,670,4
671,675,4
671,678,4
672,678,4
672,689,4
672,728,4
673,572,4
673,674,4
673,782,4
674,673,4
674,748,4
674,858,4
675,671,4
675,685,4
675,689,4
676,908,4
676,932,4
676,987,4
677,930,4
677,932,4
677,947,4
678,664,4
678,671,4
678,672,4
679,867,4
679,910,4
679,981,4
680,682,4
680,913,4
680,974,4
681,164,4
681,165,4
681,563,4
682,471,4
682,680,4
682,984,4
683,698,4
683,786,4
683,991,4
684,698,4
684,739,4
684,753,4
685,675,4
685,687,4
685,690,4
686,688,4
686,733,4
686,822,4
687,685,4
687,690,4
687,764,4
688,199,4
688,661,4
688,686,4
689,672,4
689,675,4
689,696,4
690,685,4
690,687,4
690,693,4
691,692,4
691,855,4
691,987,4
692,691,4
692,849,4
692,941,4
693,575,4
693,690,4
693,694,4
694,693,4
694,695,4
694,997,4
695,694,4
695,696,4
695,715,4
696,689,4
696,695,4
696,697,4
697,696,4
697,704,4
697,947,4
698,683,4
698,684,4
698,704,4
699,700,4
699,850,4
699,857,4
700,699,4
700,729,4
700,756,4
701,396,4
701,702,4
701,758,4
702,701,4
702,904,4
702,967,4
703,718,4
703,740,4
703,743,4
704,697,4
704,698,4
704,708,4
705,706,4
705,878,4
705,915,4
706,705,4
706,888,4
706,960,4
707,710,4
707,782,4
707,885,4
708,704,4
708,709,4
708,997,4
709,708,4
709,711,4
709,846,4
710,707,4
710,845,4
710,907,4
711,709,4
711,956,4
711,1000,4
712,669,4
712,714,4
712,956,4
713,716,4
713,792,4
713,976,4
714,712,4
714,717,4
714,956,4
715,695,4
715,717,4
715,718,4
716,713,4
716,988,4
716,997,4
717,714,4
717,715,4
717,718,4
718,703,4
718,715,4
718,717,4
719,645,4
719,720,4
719,723,4
720,719,4
720,723,4
720,726,4
721,21,4
721,205,4
721,730,4
722,92,4
722,729,4
722,854,4
723,719,4
723,720,4
723,988,4
724,666,4
724,727,4
724,731,4
725,459,4
725,460,4
725,766,4
726,102,4
726,103,4
726,720,4
727,724,4
727,731,4
727,996,4
728,672,4
728,810,4
728,811,4
729,700,4
729,722,4
729,756,4
730,721,4
730,732,4
730,763,4
731,724,4
731,727,4
731,796,4
732,730,4
732,780,4
732,828,4
733,686,4
733,734,4
733,822,4
734,733,4
734,956,4
734,963,4
735,184,4
735,739,4
735,860,4
736,629,4
736,737,4
736,738,4
737,736,4
737,738,4
737,770,4
738,736,4
738,737,4
738,804,4
739,684,4
739,735,4
739,753,4
740,703,4
740,743,4
740,806,4
741,492,4
741,493,4
741,644,4
742,746,4
742,774,4
742,799,4
743,703,4
743,740,4
743,795,4
744,745,4
744,747,4
744,767,4
745,656,4
745,744,4
745,747,4
746,742,4
746,954,4
746,988,4
747,744,4
747,745,4
747,778,4
748,674,4
748,752,4
748,763,4
749,750,4
749,751,4
749,969,4
750,749,4
750,754,4
750,993,4
751,749,4
751,754,4
751,993,4
752,748,4
752,829,4
752,947,4
753,548,4
753,684,4
753,739,4
754,750,4
754,751,4
754,798,4
755,756,4
755,956,4
755,963,4
756,700,4
756,729,4
756,755,4
757,758,4
757,844,4
757,966,4
758,701,4
758,757,4
758,801,4
759,38,4
759,128,4
759,761,4
760,762,4
760,765,4
760,989,4
761,759,4
761,874,4
761,940,4
762,760,4
762,765,4
762,842,4
763,128,4
763,730,4
763,748,4
764,402,4
764,403,4
764,687,4
765,760,4
765,762,4
765,997,4
766,725,4
766,767,4
766,776,4
767,744,4
767,766,4
767,776,4
768,771,4
768,854,4
768,859,4
769,770,4
769,778,4
769,797,4
770,737,4
770,769,4
770,778,4
771,768,4
771,988,4
771,997,4
772,773,4
772,943,4
772,987,4
773,772,4
773,815,4
773,870,4
774,11,4
774,742,4
774,957,4
775,663,4
775,777,4
775,780,4
776,766,4
776,767,4
776,826,4
777,775,4
777,930,4
777,992,4
778,747,4
778,769,4
778,770,4
779,780,4
779,863,4
779,864,4
780,732,4
780,775,4
780,779,4
781,784,4
781,785,4
781,981,4
782,673,4
782,707,4
782,786,4
783,105,4
783,546,4
783,651,4
784,781,4
784,785,4
784,794,4
785,634,4
785,781,4
785,784,4
786,683,4
786,782,4
786,991,4
787,655,4
787,656,4
787,993,4
788,789,4
788,790,4
788,814,4
789,788,4
789,790,4
789,903,4
790,788,4
790,789,4
790,981,4
791,792,4
791,859,4
791,917,4
792,362,4
792,713,4
792,791,4
793,628,4
793,961,4
793,963,4
794,784,4
794,795,4
794,964,4
795,743,4
795,794,4
795,797,4
796,195,4
796,731,4
796,920,4
797,769,4
797,795,4
797,798,4
798,754,4
798,797,4
798,800,4
799,742,4
799,801,4
799,957,4
800,798,4
800,802,4
800,890,4
801,396,4
801,758,4
801,799,4
802,800,4
802,803,4
802,817,4
803,802,4
803,804,4
803,821,4
804,738,4
804,803,4
804,810,4
805,806,4
805,900,4
805,960,4
806,740,4
806,805,4
806,891,4
807,155,4
807,808,4
807,991,4
808,807,4
808,860,4
808,920,4
809,190,4
809,191,4
809,996,4
810,728,4
810,804,4
810,875,4
811,728,4
811,813,4
811,933,4
812,663,4
812,816,4
812,881,4
813,625,4
813,811,4
813,819,4
814,788,4
814,820,4
814,993,4
815,370,4
815,773,4
815,823,4
816,208,4
816,812,4
816,957,4
817,297,4
817,299,4
817,802,4
818,655,4
818,819,4
818,820,4
819,813,4
819,818,4
819,830,4
820,814,4
820,818,4
820,831,4
821,803,4
821,824,4
821,825,4
822,686,4
822,733,4
822,827,4
823,815,4
823,928,4
823,959,4
824,821,4
824,825,4
824,945,4
825,821,4
825,824,4
825,929,4
826,776,4
826,830,4
826,831,4
827,822,4
827,866,4
827,985,4
828,732,4
828,829,4
828,881,4
829,752,4
829,828,4
829,967,4
830,819,4
830,826,4
830,838,4
831,820,4
831,826,4
831,838,4
832,361,4
832,570,4
832,891,4
833,528,4
833,529,4
833,869,4
834,158,4
834,159,4
834,897,4
835,898,4
835,987,4
835,1000,4
836,837,4
836,910,4
836,994,4
837,836,4
837,889,4
837,966,4
838,830,4
838,831,4
838,950,4
839,842,4
839,849,4
839,872,4
840,841,4
840,846,4
840,865,4
841,840,4
841,846,4
841,892,4
842,762,4
842,839,4
842,973,4
843,844,4
843,962,4
843,998,4
844,757,4
844,843,4
844,886,4
845,113,4
845,114,4
845,710,4
845,923,4
846,709,4
846,840,4
846,841,4
846,992,4
847,848,4
847,849,4
847,868,4
847,923,4
848,847,4
848,849,4
848,988,4
848,997,4
849,692,4
849,839,4
849,847,4
849,848,4
850,308,4
850,309,4
850,699,4
850,863,4
851,284,4
851,894,4
851,982,4
851,987,4
852,647,4
852,648,4
852,960,4
852,979,4
853,617,4
853,854,4
853,857,4
853,993,4
854,722,4
854,768,4
854,853,4
854,857,4
855,565,4
855,566,4
855,691,4
855,987,4
856,457,4
856,458,4
856,600,4
856,993,4
857,699,4
857,853,4
857,854,4
857,965,4
858,674,4
858,859,4
858,861,4
858,862,4
859,768,4
859,791,4
859,858,4
859,862,4
860,735,4
860,808,4
860,861,4
860,863,4
861,608,4
861,858,4
861,860,4
861,863,4
862,624,4
862,858,4
862,859,4
862,996,4
863,779,4
863,850,4
863,860,4
863,861,4
864,779,4
864,865,4
864,866,4
864,965,4
865,840,4
865,864,4
865,866,4
865,873,4
866,827,4
866,864,4
866,865,4
866,995,4
867,679,4
867,871,4
867,872,4
867,981,4
868,501,4
868,503,4
868,847,4
868,942,4
869,33,4
869,34,4
869,833,4
869,937,4
870,133,4
870,773,4
870,913,4
870,955,4
871,867,4
871,872,4
871,882,4
871,975,4
872,839,4
872,867,4
872,871,4
872,978,4
873,524,4
873,865,4
873,874,4
873,875,4
874,761,4
874,873,4
874,875,4
874,940,4
875,810,4
875,873,4
875,874,4
875,942,4
876,480,4
876,481,4
876,943,4
876,953,4
877,879,4
877,881,4
877,971,4
877,977,4
878,111,4
878,112,4
878,705,4
878,948,4
879,598,4
879,877,4
879,881,4
879,1000,4
880,202,4
880,203,4
880,895,4
880,983,4
881,812,4
881,828,4
881,877,4
881,879,4
882,871,4
882,883,4
882,884,4
882,975,4
883,882,4
883,884,4
883,924,4
883,998,4
884,284,4
884,882,4
884,883,4
884,907,4
885,707,4
885,888,4
885,889,4
885,936,4
886,166,4
886,167,4
886,844,4
886,984,4
887,161,4
887,162,4
887,971,4
887,973,4
888,706,4
888,885,4
888,889,4
888,979,4
889,837,4
889,885,4
889,888,4
889,984,4
890,800,4
890,891,4
890,894,4
890,999,4
891,806,4
891,832,4
891,890,4
891,894,4
892,841,4
892,893,4
892,896,4
892,909,4
893,408,4
893,892,4
893,896,4
893,986,4
894,851,4
894,890,4
894,891,4
894,995,4
895,880,4
895,898,4
895,899,4
895,983,4
896,892,4
896,893,4
896,898,4
896,995,4
897,58,4
897,603,4
897,834,4
897,998,4
898,835,4
898,895,4
898,896,4
898,995,4
899,175,4
899,895,4
899,900,4
899,995,4
900,805,4
900,899,4
900,901,4
900,979,4
901,900,4
901,902,4
901,971,4
901,973,4
902,901,4
902,903,4
902,914,4
902,986,4
903,789,4
903,902,4
903,904,4
903,942,4
904,702,4
904,903,4
904,907,4
904,980,4
905,310,4
905,547,4
905,963,4
905,1000,4
906,123,4
906,124,4
906,911,4
906,980,4
907,710,4
907,884,4
907,904,4
907,908,4
908,676,4
908,907,4
908,909,4
908,953,4
909,49,4
909,892,4
909,908,4
909,915,4
910,679,4
910,836,4
910,947,4
910,950,4
911,906,4
911,915,4
911,916,4
911,980,4
912,924,4
912,925,4
912,952,4
912,991,4
913,680,4
913,870,4
913,968,4
913,995,4
914,902,4
914,916,4
914,917,4
914,986,4
915,705,4
915,909,4
915,911,4
915,948,4
916,911,4
916,914,4
916,949,4
916,994,4
917,791,4
917,914,4
917,918,4
917,994,4
918,917,4
918,919,4
918,973,4
918,977,4
919,918,4
919,920,4
919,922,4
919,992,4
920,796,4
920,808,4
920,919,4
920,921,4
921,119,4
921,920,4
921,922,4
921,999,4
922,919,4
922,921,4
922,923,4
922,992,4
923,253,4
923,845,4
923,847,4
923,922,4
923,924,4
924,883,4
924,912,4
924,923,4
924,972,4
924,998,4
925,562,4
925,912,4
925,928,4
925,974,4
925,976,4
926,106,4
926,929,4
926,939,4
926,993,4
926,998,4
927,935,4
927,939,4
927,944,4
927,951,4
927,999,4
928,823,4
928,925,4
928,931,4
928,959,4
928,982,4
929,825,4
929,926,4
929,987,4
929,993,4
929,995,4
930,677,4
930,777,4
930,952,4
930,966,4
930,967,4
931,419,4
931,928,4
931,934,4
931,961,4
931,999,4
932,159,4
932,676,4
932,677,4
932,964,4
932,986,4
933,384,4
933,811,4
933,952,4
933,966,4
933,998,4
934,931,4
934,937,4
934,954,4
934,981,4
934,988,4
935,661,4
935,927,4
935,936,4
935,939,4
935,944,4
936,885,4
936,935,4
936,937,4
936,938,4
936,945,4
937,662,4
937,869,4
937,934,4
937,936,4
937,938,4
938,232,4
938,936,4
938,937,4
938,972,4
938,998,4
939,275,4
939,926,4
939,927,4
939,935,4
939,995,4
940,552,4
940,761,4
940,874,4
940,941,4
940,942,4
941,692,4
941,940,4
941,942,4
941,950,4
941,978,4
942,868,4
942,875,4
942,903,4
942,940,4
942,941,4
943,772,4
943,876,4
943,946,4
943,948,4
943,987,4
944,927,4
944,935,4
944,945,4
944,958,4
944,982,4
945,824,4
945,936,4
945,944,4
945,949,4
945,951,4
946,943,4
946,948,4
946,968,4
946,989,4
946,990,4
947,677,4
947,697,4
947,752,4
947,910,4
947,968,4
948,878,4
948,915,4
948,943,4
948,946,4
948,994,4
949,916,4
949,945,4
949,951,4
949,957,4
949,994,4
950,838,4
950,910,4
950,941,4
950,968,4
950,978,4
951,927,4
951,945,4
951,949,4
951,957,4
951,999,4
952,456,4
952,912,4
952,930,4
952,933,4
952,991,4
953,282,4
953,876,4
953,908,4
953,954,4
953,957,4
953,958,4
954,662,4
954,746,4
954,934,4
954,953,4
954,955,4
954,958,4
955,476,4
955,870,4
955,954,4
955,958,4
955,959,4
955,999,4
956,711,4
956,712,4
956,714,4
956,734,4
956,755,4
956,983,4
957,774,4
957,799,4
957,816,4
957,949,4
957,951,4
957,953,4
958,944,4
958,953,4
958,954,4
958,955,4
958,959,4
958,985,4
959,823,4
959,928,4
959,955,4
959,958,4
959,960,4
959,962,4
960,706,4
960,805,4
960,852,4
960,959,4
960,962,4
960,965,4
961,76,4
961,793,4
961,931,4
961,963,4
961,964,4
961,999,4
962,424,4
962,843,4
962,959,4
962,960,4
962,965,4
962,998,4
963,734,4
963,755,4
963,793,4
963,905,4
963,961,4
963,964,4
964,521,4
964,794,4
964,932,4
964,961,4
964,963,4
964,986,4
965,315,4
965,857,4
965,864,4
965,960,4
965,962,4
965,967,4
966,487,4
966,757,4
966,837,4
966,930,4
966,933,4
966,991,4
967,702,4
967,829,4
967,930,4
967,965,4
967,969,4
967,971,4
968,588,4
968,913,4
968,946,4
968,947,4
968,950,4
968,990,4
968,993,4
969,470,4
969,749,4
969,967,4
969,971,4
969,972,4
969,974,4
969,990,4
970,62,4
970,310,4
970,975,4
970,976,4
970,978,4
970,983,4
970,992,4
971,509,4
971,877,4
971,887,4
971,901,4
971,967,4
971,969,4
971,972,4
972,255,4
972,518,4
972,924,4
972,938,4
972,969,4
972,971,4
972,973,4
973,842,4
973,887,4
973,901,4
973,918,4
973,972,4
973,974,4
973,982,4
974,680,4
974,925,4
974,969,4
974,973,4
974,982,4
974,983,4
974,989,4
975,871,4
975,882,4
975,970,4
975,976,4
975,978,4
975,992,4
975,999,4
976,713,4
976,925,4
976,970,4
976,975,4
976,978,4
976,980,4
976,990,4
977,392,4
977,445,4
977,877,4
977,918,4
977,979,4
977,981,4
977,983,4
978,872,4
978,941,4
978,950,4
978,970,4
978,975,4
978,976,4
978,980,4
979,10,4
979,73,4
979,852,4
979,888,4
979,900,4
979,977,4
979,981,4
979,982,4
980,904,4
980,906,4
980,911,4
980,976,4
980,978,4
980,984,4
980,986,4
980,992,4
981,665,4
981,679,4
981,781,4
981,790,4
981,867,4
981,934,4
981,977,4
981,979,4
982,646,4
982,851,4
982,928,4
982,944,4
982,973,4
982,974,4
982,979,4
982,983,4
983,489,4
983,880,4
983,895,4
983,956,4
983,970,4
983,974,4
983,977,4
983,982,4
984,352,4
984,682,4
984,886,4
984,889,4
984,980,4
984,986,4
984,988,4
984,994,4
985,344,4
985,827,4
985,958,4
985,990,4
985,991,4
985,992,4
985,995,4
985,996,4
985,997,4
986,893,4
986,902,4
986,914,4
986,932,4
986,964,4
986,980,4
986,984,4
986,988,4
986,989,4
986,994,4
987,676,4
987,691,4
987,772,4
987,835,4
987,851,4
987,855,4
987,929,4
987,943,4
987,989,4
987,993,4
987,994,4
988,716,4
988,723,4
988,746,4
988,771,4
988,848,4
988,934,4
988,984,4
988,986,4
988,989,4
988,994,4
988,996,4
989,3,4
989,619,4
989,635,4
989,760,4
989,946,4
989,974,4
989,986,4
989,987,4
989,988,4
989,990,4
989,993,4
990,511,4
990,946,4
990,968,4
990,969,4
990,976,4
990,985,4
990,989,4
990,991,4
990,995,4
990,996,4
990,997,4
990,998,4
991,683,4
991,786,4
991,807,4
991,912,4
991,952,4
991,966,4
991,985,4
991,990,4
991,992,4
991,995,4
991,996,4
991,997,4
992,160,4
992,249,4
992,777,4
992,846,4
992,919,4
992,922,4
992,970,4
992,975,4
992,980,4
992,985,4
992,991,4
992,995,4
993,575,4
993,622,4
993,750,4
993,751,4
993,787,4
993,814,4
993,853,4
993,856,4
993,926,4
993,929,4
993,968,4
993,987,4
993,989,4
994,137,4
994,316,4
994,377,4
994,527,4
994,836,4
994,916,4
994,917,4
994,948,4
994,949,4
994,984,4
994,986,4
994,987,4
994,988,4
995,866,4
995,894,4
995,896,4
995,898,4
995,899,4
995,913,4
995,929,4
995,939,4
995,985,4
995,990,4
995,991,4
995,992,4
995,996,4
995,997,4
995,998,4
996,226,4
996,354,4
996,654,4
996,727,4
996,809,4
996,862,4
996,985,4
996,988,4
996,990,4
996,991,4
996,995,4
996,997,4
996,998,4
996,999,4
996,1000,4
997,486,4
997,660,4
997,667,4
997,694,4
997,708,4
997,716,4
997,765,4
997,771,4
997,848,4
997,985,4
997,990,4
997,991,4
997,995,4
997,996,4
997,998,4
997,999,4
998,225,4
998,483,4
998,843,4
998,883,4
998,897,4
998,924,4
998,926,4
998,933,4
998,938,4
998,962,4
998,990,4
998,995,4
998,996,4
998,997,4
998,999,4
998,1000,4
999,34,4
999,380,4
999,576,4
999,890,4
999,921,4
999,927,4
999,931,4
999,951,4
999,955,4
999,961,4
999,975,4
999,996,4
999,997,4
999,998,4
999,1000,4
1000,75,4
1000,252,4
1000,500,4
1000,536,4
1000,555,4
1000,558,4
1000,591,4
1000,711,4
1000,835,4
1000,879,4
1000,905,4
1000,996,4
1000,998,4
1000,999,4
1,3,5
1,38,5
2,3,5
2,933,5
3,1,5
3,2,5
4,5,5
4,29,5
5,4,5
5,19,5
6,7,5
6,8,5
7,6,5
7,941,5
8,6,5
8,10,5
9,11,5
9,17,5
10,8,5
10,57,5
11,9,5
11,999,5
12,13,5
12,124,5
13,12,5
13,979,5
14,15,5
14,99,5
15,14,5
15,35,5
16,18,5
16,51,5
17,9,5
17,734,5
18,16,5
18,24,5
19,5,5
19,20,5
20,19,5
20,23,5
21,22,5
21,721,5
22,21,5
22,885,5
23,20,5
23,24,5
24,18,5
24,23,5
25,27,5
25,54,5
26,111,5
26,705,5
27,25,5
27,985,5
28,29,5
28,148,5
29,4,5
29,28,5
30,65,5
30,883,5
31,42,5
31,366,5
32,48,5
32,883,5
33,53,5
33,55,5
34,35,5
34,58,5
35,15,5
35,34,5
36,37,5
36,80,5
37,36,5
37,133,5
38,1,5
38,39,5
39,38,5
39,61,5
40,41,5
40,159,5
41,40,5
41,98,5
42,31,5
42,43,5
43,42,5
43,69,5
44,45,5
44,997,5
45,44,5
45,837,5
46,47,5
46,170,5
47,46,5
47,56,5
48,32,5
48,49,5
49,48,5
49,60,5
50,113,5
50,593,5
51,16,5
51,52,5
52,51,5
52,792,5
53,33,5
53,54,5
54,25,5
54,53,5
55,33,5
55,79,5
56,47,5
56,57,5
57,10,5
57,56,5
58,34,5
58,59,5
59,58,5
59,669,5
60,49,5
60,61,5
61,39,5
61,60,5
62,63,5
62,81,5
63,62,5
63,90,5
64,501,5
64,890,5
65,30,5
65,66,5
66,65,5
66,296,5
67,91,5
67,702,5
68,69,5
68,95,5
69,43,5
69,68,5
70,72,5
70,101,5
71,85,5
71,634,5
72,70,5
72,74,5
73,74,5
73,979,5
74,72,5
74,73,5
75,109,5
75,933,5
76,77,5
76,961,5
77,76,5
77,220,5
78,79,5
78,126,5
79,55,5
79,78,5
80,36,5
80,81,5
81,62,5
81,80,5
82,83,5
82,177,5
83,82,5
83,152,5
84,85,5
84,103,5
85,71,5
85,84,5
86,87,5
86,115,5
87,86,5
87,914,5
88,595,5
88,990,5
89,100,5
89,383,5
90,63,5
90,91,5
91,67,5
91,90,5
92,93,5
92,157,5
93,92,5
93,134,5
94,142,5
94,367,5
95,68,5
95,96,5
96,95,5
96,155,5
97,98,5
97,280,5
98,41,5
98,97,5
99,14,5
99,100,5
100,89,5
100,99,5
101,70,5
101,102,5
102,101,5
102,396,5
103,84,5
103,105,5
104,106,5
104,114,5
105,103,5
105,396,5
106,104,5
106,926,5
107,141,5
107,760,5
108,338,5
108,760,5
109,75,5
109,110,5
110,109,5
110,803,5
111,26,5
111,878,5
112,121,5
112,878,5
113,50,5
113,983,5
114,104,5
114,115,5
115,86,5
115,114,5
116,119,5
116,153,5
117,247,5
117,717,5
118,119,5
118,967,5
119,116,5
119,118,5
120,121,5
120,129,5
121,112,5
121,120,5
122,131,5
122,941,5
123,127,5
123,906,5
124,12,5
124,906,5
125,126,5
125,189,5
126,78,5
126,125,5
127,123,5
127,128,5
128,127,5
128,158,5
129,120,5
129,130,5
130,129,5
130,145,5
131,122,5
131,867,5
132,151,5
132,870,5
133,37,5
133,870,5
134,93,5
134,135,5
135,134,5
135,143,5
136,137,5
136,160,5
137,136,5
137,150,5
138,139,5
138,185,5
139,138,5
139,652,5
140,141,5
140,147,5
141,107,5
141,140,5
142,94,5
142,143,5
143,135,5
143,142,5
144,181,5
144,958,5
145,130,5
145,146,5
146,145,5
146,210,5
147,140,5
147,149,5
148,28,5
148,670,5
149,147,5
149,695,5
150,137,5
150,151,5
151,132,5
151,150,5
152,83,5
152,179,5
153,116,5
153,240,5
154,164,5
154,348,5
155,96,5
155,156,5
156,155,5
156,995,5
157,92,5
157,604,5
158,128,5
158,461,5
159,40,5
159,161,5
160,136,5
160,162,5
161,159,5
161,179,5
162,160,5
162,180,5
163,164,5
163,214,5
164,154,5
164,163,5
165,176,5
165,861,5
166,183,5
166,861,5
167,168,5
167,169,5
168,167,5
168,188,5
169,167,5
169,848,5
170,46,5
170,848,5
171,172,5
171,252,5
172,171,5
172,226,5
173,174,5
173,192,5
174,173,5
174,175,5
175,174,5
175,176,5
176,165,5
176,175,5
177,82,5
177,178,5
178,177,5
178,281,5
179,152,5
179,161,5
180,162,5
180,181,5
181,144,5
181,180,5
182,447,5
182,852,5
183,166,5
183,715,5
184,185,5
184,202,5
185,138,5
185,184,5
186,187,5
186,199,5
187,186,5
187,223,5
188,168,5
188,189,5
189,125,5
189,188,5
190,191,5
190,215,5
191,190,5
191,734,5
192,173,5
192,193,5
193,192,5
193,197,5
194,236,5
194,979,5
195,196,5
195,225,5
196,195,5
196,205,5
197,193,5
197,198,5
198,197,5
198,230,5
199,186,5
199,200,5
200,199,5
200,234,5
201,202,5
201,245,5
202,184,5
202,201,5
203,204,5
203,978,5
204,203,5
204,241,5
205,196,5
205,207,5
206,211,5
206,534,5
207,205,5
207,702,5
208,240,5
208,965,5
209,212,5
209,332,5
210,146,5
210,505,5
211,206,5
211,499,5
212,209,5
212,231,5
213,279,5
213,999,5
214,163,5
214,215,5
215,190,5
215,214,5
216,217,5
216,307,5
217,216,5
217,990,5
218,219,5
218,235,5
219,218,5
219,258,5
220,77,5
220,221,5
221,220,5
221,921,5
222,223,5
222,908,5
223,187,5
223,222,5
224,225,5
224,251,5
225,195,5
225,224,5
226,172,5
226,227,5
227,226,5
227,361,5
228,229,5
228,299,5
229,228,5
229,254,5
230,198,5
230,231,5
231,212,5
231,230,5
232,233,5
232,242,5
233,232,5
233,263,5
234,200,5
234,235,5
235,218,5
235,234,5
236,194,5
236,237,5
237,236,5
237,312,5
238,239,5
238,883,5
239,238,5
239,248,5
240,153,5
240,208,5
241,204,5
241,242,5
242,232,5
242,241,5
243,245,5
243,276,5
244,265,5
244,733,5
245,201,5
245,243,5
246,247,5
246,390,5
247,117,5
247,246,5
248,239,5
248,917,5
249,250,5
249,917,5
250,249,5
250,836,5
251,224,5
251,252,5
252,171,5
252,251,5
253,254,5
253,923,5
254,229,5
254,253,5
255,257,5
255,972,5
256,291,5
256,686,5
257,255,5
257,285,5
258,219,5
258,260,5
259,261,5
259,536,5
260,258,5
260,261,5
261,259,5
261,260,5
262,264,5
262,336,5
263,233,5
263,371,5
264,262,5
264,272,5
265,244,5
265,397,5
266,267,5
266,271,5
267,266,5
267,289,5
268,274,5
268,810,5
269,292,5
269,810,5
270,271,5
270,308,5
271,266,5
271,270,5
272,264,5
272,273,5
273,272,5
273,949,5
274,268,5
274,945,5
275,276,5
275,293,5
276,243,5
276,275,5
277,318,5
277,776,5
278,327,5
278,776,5
279,213,5
279,280,5
280,97,5
280,279,5
281,178,5
281,428,5
282,283,5
282,326,5
283,282,5
283,294,5
284,286,5
284,290,5
285,257,5
285,288,5
286,284,5
286,301,5
287,899,5
287,988,5
288,285,5
288,776,5
289,267,5
289,899,5
290,284,5
290,291,5
291,256,5
291,290,5
292,269,5
292,294,5
293,275,5
293,608,5
294,283,5
294,292,5
295,375,5
295,1000,5
296,66,5
296,297,5
297,296,5
297,305,5
298,299,5
298,320,5
299,228,5
299,298,5
300,301,5
300,573,5
301,286,5
301,300,5
302,303,5
302,340,5
303,302,5
303,350,5
304,305,5
304,423,5
305,297,5
305,304,5
306,307,5
306,403,5
307,216,5
307,306,5
308,270,5
308,850,5
309,342,5
309,850,5
310,856,5
310,993,5
311,312,5
311,314,5
312,237,5
312,311,5
313,314,5
313,317,5
314,311,5
314,313,5
315,349,5
315,787,5
316,319,5
316,787,5
317,313,5
317,319,5
318,277,5
318,368,5
319,316,5
319,317,5
320,298,5
320,321,5
321,320,5
321,334,5
322,323,5
322,774,5
323,322,5
323,333,5
324,325,5
324,351,5
325,324,5
325,329,5
326,282,5
326,327,5
327,278,5
327,326,5
328,329,5
328,988,5
329,325,5
329,328,5
330,331,5
330,416,5
331,330,5
331,341,5
332,209,5
332,333,5
333,323,5
333,332,5
334,321,5
334,740,5
335,355,5
335,779,5
336,262,5
336,372,5
337,370,5
337,740,5
338,108,5
338,339,5
339,338,5
339,451,5
340,302,5
340,341,5
341,331,5
341,340,5
342,309,5
342,343,5
343,342,5
343,415,5
344,345,5
344,985,5
345,344,5
345,363,5
346,347,5
346,395,5
347,346,5
347,374,5
348,154,5
348,490,5
349,315,5
349,350,5
350,303,5
350,349,5
351,324,5
351,352,5
352,351,5
352,364,5
353,354,5
353,457,5
354,353,5
354,365,5
355,335,5
355,356,5
356,355,5
356,426,5
357,358,5
357,362,5
358,357,5
358,392,5
359,360,5
359,422,5
360,359,5
360,367,5
361,227,5
361,362,5
362,357,5
362,361,5
363,345,5
363,982,5
364,352,5
364,365,5
365,354,5
365,364,5
366,31,5
366,372,5
367,94,5
367,360,5
368,318,5
368,386,5
369,370,5
369,379,5
370,337,5
370,369,5
371,263,5
371,380,5
372,336,5
372,366,5
373,374,5
373,377,5
374,347,5
374,373,5
375,295,5
375,376,5
376,375,5
376,943,5
377,373,5
377,378,5
378,377,5
378,412,5
379,369,5
379,380,5
380,371,5
380,379,5
381,382,5
381,978,5
382,381,5
382,473,5
383,89,5
383,389,5
384,385,5
384,391,5
385,384,5
385,387,5
386,368,5
386,738,5
387,385,5
387,738,5
388,389,5
388,409,5
389,383,5
389,388,5
390,246,5
390,391,5
391,384,5
391,390,5
392,358,5
392,393,5
393,392,5
393,540,5
394,395,5
394,435,5
395,346,5
395,394,5
396,102,5
396,105,5
397,265,5
397,878,5
398,400,5
398,411,5
399,400,5
399,415,5
400,398,5
400,399,5
401,402,5
401,404,5
402,401,5
402,413,5
403,306,5
403,404,5
404,401,5
404,403,5
405,406,5
405,472,5
406,405,5
406,417,5
407,408,5
407,467,5
408,407,5
408,477,5
409,388,5
409,410,5
410,409,5
410,419,5
411,398,5
411,412,5
412,378,5
412,411,5
413,402,5
413,414,5
414,413,5
414,456,5
415,343,5
415,399,5
416,330,5
416,417,5
417,406,5
417,416,5
418,419,5
418,565,5
419,410,5
419,418,5
420,421,5
420,427,5
421,420,5
421,436,5
422,359,5
422,423,5
423,304,5
423,422,5
424,425,5
424,441,5
425,424,5
425,445,5
426,356,5
426,893,5
427,420,5
427,893,5
428,281,5
428,433,5
429,430,5
429,476,5
430,429,5
430,453,5
431,432,5
431,442,5
432,431,5
432,448,5
433,428,5
433,435,5
434,455,5
434,475,5
435,394,5
435,433,5
436,421,5
436,437,5
437,436,5
437,461,5
438,439,5
438,915,5
439,438,5
439,463,5
440,441,5
440,579,5
441,424,5
441,440,5
442,431,5
442,443,5
443,442,5
443,460,5
444,445,5
444,626,5
445,425,5
445,444,5
446,447,5
446,464,5
447,182,5
447,446,5
448,432,5
448,909,5
449,469,5
449,909,5
450,451,5
450,478,5
451,339,5
451,450,5
452,453,5
452,997,5
453,430,5
453,452,5
454,455,5
454,458,5
455,434,5
455,454,5
456,414,5
456,952,5
457,353,5
457,458,5
458,454,5
458,457,5
459,460,5
459,718,5
460,443,5
460,459,5
461,158,5
461,437,5
462,463,5
462,487,5
463,439,5
463,462,5
464,446,5
464,717,5
465,466,5
465,545,5
466,465,5
466,484,5
467,407,5
467,468,5
468,467,5
468,522,5
469,449,5
469,471,5
470,472,5
470,475,5
471,469,5
471,512,5
472,405,5
472,470,5
473,382,5
473,474,5
474,473,5
474,500,5
475,434,5
475,470,5
476,429,5
476,477,5
477,408,5
477,476,5
478,450,5
478,800,5
479,483,5
479,800,5
480,481,5
480,839,5
481,480,5
481,551,5
482,483,5
482,554,5
483,479,5
483,482,5
484,466,5
484,486,5
485,494,5
485,592,5
486,484,5
486,550,5
487,462,5
487,488,5
488,487,5
488,530,5
489,491,5
489,539,5
490,348,5
490,492,5
491,489,5
491,503,5
492,490,5
492,504,5
493,494,5
493,506,5
494,485,5
494,493,5
495,496,5
495,552,5
496,495,5
496,971,5
497,498,5
497,706,5
498,497,5
498,868,5
499,211,5
499,571,5
500,474,5
500,503,5
501,64,5
501,917,5
502,504,5
502,508,5
503,491,5
503,500,5
504,492,5
504,502,5
505,210,5
505,911,5
506,493,5
506,507,5
507,506,5
507,523,5
508,502,5
508,509,5
509,508,5
509,510,5
510,509,5
510,511,5
511,510,5
511,531,5
512,471,5
512,513,5
513,512,5
513,537,5
514,542,5
514,867,5
515,546,5
515,778,5
516,778,5
516,937,5
517,860,5
517,998,5
518,538,5
518,874,5
519,548,5
519,874,5
520,940,5
520,993,5
521,566,5
521,940,5
522,468,5
522,523,5
523,507,5
523,522,5
524,525,5
524,532,5
525,524,5
525,528,5
526,533,5
526,631,5
527,529,5
527,900,5
528,525,5
528,954,5
529,527,5
529,544,5
530,488,5
530,531,5
531,511,5
531,530,5
532,524,5
532,536,5
533,526,5
533,535,5
534,206,5
534,535,5
535,533,5
535,534,5
536,259,5
536,532,5
537,513,5
537,538,5
538,518,5
538,537,5
539,489,5
539,540,5
540,393,5
540,539,5
541,542,5
541,937,5
542,514,5
542,541,5
543,544,5
543,563,5
544,529,5
544,543,5
545,465,5
545,783,5
546,515,5
546,783,5
547,548,5
547,567,5
548,519,5
548,547,5
549,550,5
549,607,5
550,486,5
550,549,5
551,481,5
551,962,5
552,495,5
552,553,5
553,552,5
553,999,5
554,482,5
554,556,5
555,557,5
555,835,5
556,554,5
556,557,5
557,555,5
557,556,5
558,559,5
558,850,5
559,558,5
559,987,5
560,561,5
560,562,5
561,560,5
561,580,5
562,560,5
562,563,5
563,543,5
563,562,5
564,565,5
564,612,5
565,418,5
565,564,5
566,521,5
566,921,5
567,547,5
567,921,5
568,804,5
568,991,5
569,570,5
569,804,5
570,569,5
570,571,5
571,499,5
571,570,5
572,573,5
572,599,5
573,300,5
573,572,5
574,575,5
574,596,5
575,574,5
575,639,5
576,863,5
576,999,5
577,578,5
577,593,5
578,577,5
578,631,5
579,440,5
579,580,5
580,561,5
580,579,5
581,731,5
581,919,5
582,919,5
582,985,5
583,584,5
583,601,5
584,583,5
584,619,5
585,586,5
585,605,5
586,585,5
586,971,5
587,614,5
587,670,5
588,589,5
588,968,5
589,588,5
589,623,5
590,591,5
590,608,5
591,590,5
591,779,5
592,485,5
592,983,5
593,50,5
593,577,5
594,595,5
594,611,5
595,88,5
595,594,5
596,574,5
596,597,5
597,596,5
597,987,5
598,599,5
598,1000,5
599,572,5
599,598,5
600,601,5
600,617,5
601,583,5
601,600,5
602,603,5
602,881,5
603,602,5
603,836,5
604,157,5
604,610,5
605,585,5
605,606,5
606,605,5
606,630,5
607,549,5
607,609,5
608,293,5
608,590,5
609,607,5
609,633,5
610,604,5
610,611,5
611,594,5
611,610,5
612,564,5
612,613,5
613,612,5
613,825,5
614,587,5
614,615,5
615,614,5
615,643,5
616,617,5
616,625,5
617,600,5
617,616,5
618,619,5
618,647,5
619,584,5
619,618,5
620,621,5
620,913,5
621,620,5
621,640,5
622,751,5
622,974,5
623,589,5
623,624,5
624,623,5
624,1000,5
625,616,5
625,626,5
626,444,5
626,625,5
627,628,5
627,649,5
628,627,5
628,641,5
629,630,5
629,670,5
630,606,5
630,629,5
631,526,5
631,578,5
632,633,5
632,700,5
633,609,5
633,632,5
634,71,5
634,813,5
635,636,5
635,680,5
636,635,5
636,697,5
637,645,5
637,920,5
638,799,5
638,920,5
639,575,5
639,640,5
640,621,5
640,639,5
641,628,5
641,918,5
642,646,5
642,918,5
643,615,5
643,644,5
644,643,5
644,992,5
645,637,5
645,646,5
646,642,5
646,645,5
647,618,5
647,648,5
648,647,5
648,651,5
649,627,5
649,688,5
650,736,5
650,756,5
651,648,5
651,652,5
652,139,5
652,651,5
653,654,5
653,666,5
654,653,5
654,1000,5
655,656,5
655,667,5
656,655,5
656,980,5
657,658,5
657,659,5
658,657,5
658,764,5
659,657,5
659,660,5
660,659,5
660,997,5
661,662,5
661,707,5
661,782,5
662,661,5
662,716,5
662,746,5
663,673,5
663,732,5
663,780,5
664,668,5
664,980,5
664,983,5
665,703,5
665,730,5
665,732,5
666,653,5
666,945,5
666,965,5
667,655,5
667,678,5
667,970,5
668,664,5
668,970,5
668,980,5
669,59,5
669,671,5
669,681,5
670,148,5
670,587,5
670,629,5
671,669,5
671,681,5
671,979,5
672,675,5
672,685,5
672,986,5
673,663,5
673,761,5
673,945,5
674,676,5
674,748,5
674,815,5
675,672,5
675,685,5
675,814,5
676,674,5
676,943,5
676,953,5
677,679,5
677,777,5
677,829,5
678,667,5
678,681,5
678,970,5
679,677,5
679,932,5
679,964,5
680,635,5
680,682,5
680,990,5
681,669,5
681,671,5
681,678,5
682,680,5
682,683,5
682,889,5
683,682,5
683,684,5
683,844,5
684,683,5
684,692,5
684,739,5
685,672,5
685,675,5
685,778,5
686,256,5
686,841,5
686,892,5
687,693,5
687,696,5
687,698,5
688,649,5
688,761,5
688,935,5
689,690,5
689,935,5
689,971,5
690,689,5
690,719,5
690,720,5
691,692,5
691,876,5
691,908,5
692,684,5
692,691,5
692,839,5
693,687,5
693,694,5
693,971,5
694,693,5
694,935,5
694,997,5
695,149,5
695,784,5
695,785,5
696,687,5
696,698,5
696,747,5
697,636,5
697,905,5
697,907,5
698,687,5
698,696,5
698,961,5
699,965,5
699,993,5
699,996,5
700,632,5
700,701,5
700,729,5
701,700,5
701,801,5
701,843,5
702,67,5
702,207,5
702,752,5
703,665,5
703,704,5
703,708,5
704,703,5
704,708,5
704,714,5
705,26,5
705,722,5
705,916,5
706,497,5
706,707,5
706,805,5
707,661,5
707,706,5
707,940,5
708,703,5
708,704,5
708,988,5
709,711,5
709,712,5
709,741,5
710,713,5
710,732,5
710,775,5
711,709,5
711,712,5
711,1000,5
712,709,5
712,711,5
712,719,5
713,710,5
713,969,5
713,989,5
714,704,5
714,718,5
714,929,5
715,183,5
715,720,5
715,852,5
716,662,5
716,721,5
716,934,5
717,117,5
717,464,5
717,743,5
718,459,5
718,714,5
718,929,5
719,690,5
719,712,5
719,929,5
720,690,5
720,715,5
720,724,5
721,21,5
721,716,5
721,763,5
722,705,5
722,729,5
722,836,5
723,724,5
723,725,5
723,954,5
724,720,5
724,723,5
724,886,5
725,723,5
725,726,5
725,786,5
726,725,5
726,727,5
726,770,5
727,726,5
727,728,5
727,1000,5
728,727,5
728,731,5
728,986,5
729,700,5
729,722,5
729,896,5
730,665,5
730,748,5
730,882,5
731,581,5
731,728,5
731,736,5
732,663,5
732,665,5
732,710,5
733,244,5
733,783,5
733,909,5
734,17,5
734,191,5
734,905,5
735,739,5
735,796,5
735,808,5
736,650,5
736,731,5
736,737,5
737,736,5
737,741,5
737,789,5
738,386,5
738,387,5
738,838,5
739,684,5
739,735,5
739,849,5
740,334,5
740,337,5
740,806,5
741,709,5
741,737,5
741,743,5
742,746,5
742,756,5
742,759,5
743,717,5
743,741,5
743,744,5
744,743,5
744,745,5
744,767,5
745,744,5
745,747,5
745,754,5
746,662,5
746,742,5
746,997,5
747,696,5
747,745,5
747,750,5
748,674,5
748,730,5
748,752,5
749,750,5
749,751,5
749,990,5
750,747,5
750,749,5
750,993,5
751,622,5
751,749,5
751,754,5
752,702,5
752,748,5
752,777,5
753,755,5
753,849,5
753,872,5
754,745,5
754,751,5
754,762,5
755,753,5
755,905,5
755,970,5
756,650,5
756,742,5
756,898,5
757,758,5
757,807,5
757,991,5
758,757,5
758,938,5
758,998,5
759,742,5
759,891,5
759,894,5
760,107,5
760,108,5
760,990,5
761,673,5
761,688,5
761,891,5
762,754,5
762,764,5
762,973,5
763,721,5
763,768,5
763,871,5
764,658,5
764,762,5
764,767,5
765,766,5
765,767,5
765,988,5
766,765,5
766,769,5
766,837,5
767,744,5
767,764,5
767,765,5
768,763,5
768,791,5
768,994,5
769,766,5
769,770,5
769,784,5
770,726,5
770,769,5
770,781,5
771,772,5
771,934,5
771,954,5
772,771,5
772,821,5
772,953,5
773,774,5
773,858,5
773,999,5
774,322,5
774,773,5
774,995,5
775,710,5
775,777,5
775,812,5
776,277,5
776,278,5
776,288,5
777,677,5
777,752,5
777,775,5
778,515,5
778,516,5
778,685,5
779,335,5
779,591,5
779,1000,5
780,663,5
780,782,5
780,812,5
781,770,5
781,784,5
781,986,5
782,661,5
782,780,5
782,885,5
783,545,5
783,546,5
783,733,5
784,695,5
784,769,5
784,781,5
785,695,5
785,788,5
785,910,5
786,725,5
786,791,5
786,991,5
787,315,5
787,316,5
787,880,5
788,785,5
788,789,5
788,960,5
789,737,5
789,788,5
789,790,5
790,789,5
790,793,5
790,986,5
791,768,5
791,786,5
791,994,5
792,52,5
792,796,5
792,989,5
793,790,5
793,794,5
793,960,5
794,793,5
794,795,5
794,797,5
795,794,5
795,798,5
795,999,5
796,735,5
796,792,5
796,865,5
797,794,5
797,798,5
797,802,5
798,795,5
798,797,5
798,802,5
799,638,5
799,801,5
799,995,5
800,478,5
800,479,5
800,951,5
801,701,5
801,799,5
801,806,5
802,797,5
802,798,5
802,803,5
803,110,5
803,802,5
803,809,5
804,568,5
804,569,5
804,950,5
805,706,5
805,888,5
805,941,5
806,740,5
806,801,5
806,807,5
807,757,5
807,806,5
807,991,5
808,735,5
808,812,5
808,865,5
809,803,5
809,811,5
809,1000,5
810,268,5
810,269,5
810,884,5
811,809,5
811,813,5
811,998,5
812,775,5
812,780,5
812,808,5
813,634,5
813,811,5
813,814,5
814,675,5
814,813,5
814,817,5
815,674,5
815,816,5
815,871,5
816,815,5
816,823,5
816,995,5
817,814,5
817,818,5
817,919,5
818,817,5
818,819,5
818,988,5
819,818,5
819,821,5
819,998,5
820,824,5
820,996,5
820,998,5
821,772,5
821,819,5
821,824,5
822,823,5
822,892,5
822,909,5
823,816,5
823,822,5
823,995,5
824,820,5
824,821,5
824,874,5
825,613,5
825,830,5
825,831,5
826,830,5
826,831,5
826,944,5
827,828,5
827,851,5
827,995,5
828,827,5
828,845,5
828,847,5
829,677,5
829,832,5
829,846,5
830,825,5
830,826,5
830,998,5
831,825,5
831,826,5
831,998,5
832,829,5
832,962,5
832,972,5
833,834,5
833,835,5
833,997,5
834,833,5
834,835,5
834,998,5
835,555,5
835,833,5
835,834,5
836,250,5
836,603,5
836,722,5
837,45,5
837,766,5
837,839,5
838,738,5
838,840,5
838,970,5
839,480,5
839,692,5
839,837,5
840,838,5
840,845,5
840,873,5
841,686,5
841,845,5
841,847,5
842,901,5
842,973,5
842,987,5
843,701,5
843,844,5
843,891,5
844,683,5
844,843,5
844,966,5
845,828,5
845,840,5
845,841,5
845,847,5
846,829,5
846,922,5
846,932,5
846,934,5
847,828,5
847,841,5
847,845,5
847,849,5
848,169,5
848,170,5
848,954,5
848,997,5
849,739,5
849,753,5
849,847,5
849,851,5
850,308,5
850,309,5
850,558,5
850,1000,5
851,827,5
851,849,5
851,853,5
851,995,5
852,182,5
852,715,5
852,960,5
852,979,5
853,851,5
853,854,5
853,963,5
853,983,5
854,853,5
854,855,5
854,859,5
854,994,5
855,854,5
855,856,5
855,943,5
855,987,5
856,310,5
856,855,5
856,857,5
856,983,5
857,856,5
857,858,5
857,996,5
857,1000,5
858,773,5
858,857,5
858,862,5
858,999,5
859,854,5
859,860,5
859,864,5
859,994,5
860,517,5
860,859,5
860,864,5
860,920,5
861,165,5
861,166,5
861,870,5
861,999,5
862,858,5
862,980,5
862,996,5
862,1000,5
863,576,5
863,965,5
863,975,5
863,996,5
864,859,5
864,860,5
864,879,5
864,996,5
865,796,5
865,808,5
865,866,5
865,868,5
866,865,5
866,868,5
866,894,5
866,959,5
867,131,5
867,514,5
867,902,5
867,986,5
868,498,5
868,865,5
868,866,5
868,903,5
869,871,5
869,872,5
869,934,5
869,988,5
870,132,5
870,133,5
870,861,5
870,999,5
871,763,5
871,815,5
871,869,5
871,872,5
872,753,5
872,869,5
872,871,5
872,941,5
873,840,5
873,875,5
873,876,5
873,920,5
874,518,5
874,519,5
874,824,5
874,940,5
875,873,5
875,876,5
875,903,5
875,907,5
876,691,5
876,873,5
876,875,5
876,987,5
877,879,5
877,881,5
877,918,5
877,973,5
878,111,5
878,112,5
878,397,5
878,994,5
879,864,5
879,877,5
879,881,5
879,996,5
880,787,5
880,882,5
880,884,5
880,993,5
881,602,5
881,877,5
881,879,5
881,923,5
882,730,5
882,880,5
882,884,5
882,955,5
883,30,5
883,32,5
883,238,5
883,891,5
884,810,5
884,880,5
884,882,5
884,942,5
885,22,5
885,782,5
885,886,5
885,887,5
886,724,5
886,885,5
886,887,5
886,991,5
887,885,5
887,886,5
887,918,5
887,977,5
888,805,5
888,889,5
888,892,5
888,900,5
889,682,5
889,888,5
889,894,5
889,966,5
890,64,5
890,934,5
890,936,5
890,955,5
891,759,5
891,761,5
891,843,5
891,883,5
892,686,5
892,822,5
892,888,5
892,894,5
893,426,5
893,427,5
893,964,5
893,981,5
894,759,5
894,866,5
894,889,5
894,892,5
895,896,5
895,897,5
895,956,5
895,970,5
896,729,5
896,895,5
896,897,5
896,928,5
897,895,5
897,896,5
897,926,5
897,933,5
898,756,5
898,900,5
898,901,5
898,928,5
899,287,5
899,289,5
899,958,5
899,982,5
900,527,5
900,888,5
900,898,5
900,901,5
901,842,5
901,898,5
901,900,5
901,971,5
902,867,5
902,903,5
902,904,5
902,981,5
903,868,5
903,875,5
903,902,5
903,904,5
904,902,5
904,903,5
904,930,5
904,947,5
905,697,5
905,734,5
905,755,5
905,907,5
906,123,5
906,124,5
906,967,5
906,992,5
907,697,5
907,875,5
907,905,5
907,942,5
908,222,5
908,691,5
908,911,5
908,912,5
909,448,5
909,449,5
909,733,5
909,822,5
910,785,5
910,926,5
910,981,5
910,984,5
911,505,5
911,908,5
911,912,5
911,992,5
912,908,5
912,911,5
912,952,5
912,984,5
913,620,5
913,914,5
913,915,5
913,990,5
914,87,5
914,913,5
914,915,5
914,981,5
915,438,5
915,913,5
915,914,5
915,994,5
916,705,5
916,922,5
916,923,5
916,948,5
917,248,5
917,249,5
917,501,5
917,948,5
918,641,5
918,642,5
918,877,5
918,887,5
919,581,5
919,582,5
919,817,5
919,992,5
920,637,5
920,638,5
920,860,5
920,873,5
921,221,5
921,566,5
921,567,5
921,975,5
922,846,5
922,916,5
922,923,5
922,992,5
923,253,5
923,881,5
923,916,5
923,922,5
923,942,5
924,925,5
924,928,5
924,933,5
924,938,5
924,962,5
925,924,5
925,928,5
925,946,5
925,969,5
925,976,5
926,106,5
926,897,5
926,910,5
926,927,5
926,984,5
927,926,5
927,931,5
927,944,5
927,949,5
927,975,5
928,896,5
928,898,5
928,924,5
928,925,5
928,957,5
929,714,5
929,718,5
929,719,5
929,939,5
929,982,5
930,904,5
930,931,5
930,947,5
930,980,5
930,1000,5
931,927,5
931,930,5
931,932,5
931,975,5
931,999,5
932,679,5
932,846,5
932,931,5
932,964,5
932,981,5
933,2,5
933,75,5
933,897,5
933,924,5
933,967,5
934,716,5
934,771,5
934,846,5
934,869,5
934,890,5
935,688,5
935,689,5
935,694,5
935,936,5
935,971,5
936,890,5
936,935,5
936,937,5
936,940,5
936,945,5
937,516,5
937,541,5
937,936,5
937,938,5
937,997,5
938,758,5
938,924,5
938,937,5
938,942,5
938,972,5
939,929,5
939,969,5
939,973,5
939,975,5
939,982,5
940,520,5
940,521,5
940,707,5
940,874,5
940,936,5
941,7,5
941,122,5
941,805,5
941,872,5
941,950,5
942,884,5
942,907,5
942,923,5
942,938,5
942,943,5
943,376,5
943,676,5
943,855,5
943,942,5
943,946,5
944,826,5
944,927,5
944,949,5
944,951,5
944,995,5
945,274,5
945,666,5
945,673,5
945,936,5
945,952,5
946,925,5
946,943,5
946,947,5
946,968,5
946,974,5
947,904,5
947,930,5
947,946,5
947,948,5
947,980,5
948,916,5
948,917,5
948,947,5
948,949,5
948,950,5
949,273,5
949,927,5
949,944,5
949,948,5
949,951,5
950,804,5
950,941,5
950,948,5
950,974,5
950,978,5
951,800,5
951,944,5
951,949,5
951,953,5
951,999,5
952,456,5
952,912,5
952,945,5
952,954,5
952,984,5
953,676,5
953,772,5
953,951,5
953,955,5
953,957,5
953,987,5
954,528,5
954,723,5
954,771,5
954,848,5
954,952,5
954,962,5
955,882,5
955,890,5
955,953,5
955,956,5
955,957,5
955,961,5
956,895,5
956,955,5
956,957,5
956,959,5
956,963,5
956,983,5
957,928,5
957,953,5
957,955,5
957,956,5
957,958,5
957,959,5
958,144,5
958,899,5
958,957,5
958,965,5
958,967,5
958,982,5
959,866,5
959,956,5
959,957,5
959,960,5
959,961,5
959,985,5
960,788,5
960,793,5
960,852,5
960,959,5
960,961,5
960,963,5
961,76,5
961,698,5
961,955,5
961,959,5
961,960,5
961,963,5
962,551,5
962,832,5
962,924,5
962,954,5
962,974,5
962,998,5
963,853,5
963,956,5
963,960,5
963,961,5
963,964,5
963,993,5
964,679,5
964,893,5
964,932,5
964,963,5
964,966,5
964,968,5
965,208,5
965,666,5
965,699,5
965,863,5
965,958,5
965,996,5
966,844,5
966,889,5
966,964,5
966,968,5
966,972,5
966,984,5
967,118,5
967,906,5
967,933,5
967,958,5
967,980,5
967,992,5
968,588,5
968,946,5
968,964,5
968,966,5
968,972,5
968,974,5
968,989,5
969,713,5
969,925,5
969,939,5
969,972,5
969,973,5
969,974,5
969,976,5
970,667,5
970,668,5
970,678,5
970,755,5
970,838,5
970,895,5
970,993,5
971,496,5
971,586,5
971,689,5
971,693,5
971,901,5
971,935,5
971,977,5
972,255,5
972,832,5
972,938,5
972,966,5
972,968,5
972,969,5
972,998,5
973,762,5
973,842,5
973,877,5
973,939,5
973,969,5
973,977,5
973,982,5
974,622,5
974,946,5
974,950,5
974,962,5
974,968,5
974,969,5
974,989,5
975,863,5
975,921,5
975,927,5
975,931,5
975,939,5
975,979,5
975,982,5
976,925,5
976,969,5
976,977,5
976,978,5
976,987,5
976,988,5
976,989,5
977,887,5
977,971,5
977,973,5
977,976,5
977,978,5
977,981,5
977,990,5
978,203,5
978,381,5
978,950,5
978,976,5
978,977,5
978,981,5
978,984,5
979,13,5
979,73,5
979,194,5
979,671,5
979,852,5
979,975,5
979,982,5
979,983,5
980,656,5
980,664,5
980,668,5
980,862,5
980,930,5
980,947,5
980,967,5
980,983,5
981,893,5
981,902,5
981,910,5
981,914,5
981,932,5
981,977,5
981,978,5
981,984,5
982,363,5
982,899,5
982,929,5
982,939,5
982,958,5
982,973,5
982,975,5
982,979,5
983,113,5
983,592,5
983,664,5
983,853,5
983,856,5
983,956,5
983,979,5
983,980,5
984,910,5
984,912,5
984,926,5
984,952,5
984,966,5
984,978,5
984,981,5
984,991,5
985,27,5
985,344,5
985,582,5
985,959,5
985,986,5
985,989,5
985,991,5
985,992,5
985,993,5
986,672,5
986,728,5
986,781,5
986,790,5
986,867,5
986,985,5
986,987,5
986,988,5
986,989,5
986,990,5
987,559,5
987,597,5
987,842,5
987,855,5
987,876,5
987,953,5
987,976,5
987,986,5
987,988,5
987,989,5
987,990,5
988,287,5
988,328,5
988,708,5
988,765,5
988,818,5
988,869,5
988,976,5
988,986,5
988,987,5
988,989,5
988,990,5
989,713,5
989,792,5
989,968,5
989,974,5
989,976,5
989,985,5
989,986,5
989,987,5
989,988,5
989,990,5
989,993,5
990,88,5
990,217,5
990,680,5
990,749,5
990,760,5
990,913,5
990,977,5
990,986,5
990,987,5
990,988,5
990,989,5
990,999,5
991,568,5
991,757,5
991,786,5
991,807,5
991,886,5
991,984,5
991,985,5
991,992,5
991,993,5
991,994,5
991,995,5
991,996,5
992,644,5
992,906,5
992,911,5
992,919,5
992,922,5
992,967,5
992,985,5
992,991,5
992,993,5
992,994,5
992,995,5
992,996,5
993,310,5
993,520,5
993,699,5
993,750,5
993,880,5
993,963,5
993,970,5
993,985,5
993,989,5
993,991,5
993,992,5
993,995,5
993,996,5
994,768,5
994,791,5
994,854,5
994,859,5
994,878,5
994,915,5
994,991,5
994,992,5
994,995,5
994,996,5
994,998,5
994,999,5
994,1000,5
995,156,5
995,774,5
995,799,5
995,816,5
995,823,5
995,827,5
995,851,5
995,944,5
995,991,5
995,992,5
995,993,5
995,994,5
995,996,5
995,999,5
995,1000,5
996,699,5
996,820,5
996,857,5
996,862,5
996,863,5
996,864,5
996,879,5
996,965,5
996,991,5
996,992,5
996,993,5
996,994,5
996,995,5
996,998,5
996,999,5
997,44,5
997,452,5
997,660,5
997,694,5
997,746,5
997,833,5
997,848,5
997,937,5
997,998,5
997,999,5
997,1000,5
998,517,5
998,758,5
998,811,5
998,819,5
998,820,5
998,830,5
998,831,5
998,834,5
998,962,5
998,972,5
998,994,5
998,996,5
998,997,5
998,999,5
998,1000,5
999,11,5
999,213,5
999,553,5
999,576,5
999,773,5
999,795,5
999,858,5
999,861,5
999,870,5
999,931,5
999,951,5
999,990,5
999,994,5
999,995,5
999,996,5
999,997,5
999,998,5
999,1000,5
1000,295,5
1000,598,5
1000,624,5
1000,654,5
1000,711,5
1000,727,5
1000,779,5
1000,809,5
1000,850,5
1000,857,5
1000,862,5
1000,930,5
1000,994,5
1000,995,5
1000,997,5
1000,998,5
1000,999,5
