1,1485,1
1,1981,1
2,1965,1
2,1973,1
3,154,1
3,1025,1
4,760,1
4,1592,1
5,756,1
5,2000,1
6,829,1
6,1024,1
7,91,1
7,1927,1
8,35,1
8,1998,1
9,265,1
9,883,1
10,311,1
10,1534,1
11,302,1
11,1052,1
12,54,1
12,162,1
13,974,1
13,1900,1
14,1242,1
14,1417,1
15,1983,1
15,1986,1
16,1028,1
16,1985,1
17,381,1
17,951,1
18,19,1
18,801,1
19,18,1
19,897,1
20,1426,1
20,1758,1
21,219,1
21,1136,1
22,1293,1
22,1892,1
23,1759,1
23,1931,1
24,337,1
24,469,1
25,1852,1
25,1908,1
26,1048,1
26,1539,1
27,1104,1
27,1806,1
28,1869,1
28,1896,1
29,479,1
29,1403,1
30,619,1
30,850,1
31,287,1
31,1970,1
32,1480,1
32,1732,1
33,864,1
33,1596,1
34,257,1
34,1650,1
35,8,1
35,1998,1
36,627,1
36,1126,1
37,152,1
37,393,1
38,373,1
38,1912,1
39,670,1
39,1084,1
40,786,1
40,1998,1
41,42,1
41,1966,1
42,41,1
42,1548,1
43,706,1
43,1914,1
44,273,1
44,1610,1
45,462,1
45,1138,1
46,79,1
46,1047,1
47,1019,1
47,1819,1
48,49,1
48,1965,1
49,48,1
49,1910,1
50,565,1
50,1702,1
51,1778,1
51,1830,1
52,89,1
52,1918,1
53,1487,1
53,1919,1
54,12,1
54,1726,1
55,1174,1
55,1716,1
56,1452,1
56,1782,1
57,755,1
57,1982,1
58,184,1
58,1959,1
59,160,1
59,1936,1
60,438,1
60,2000,1
61,1153,1
61,1746,1
62,201,1
62,1938,1
63,559,1
63,847,1
64,198,1
64,864,1
65,152,1
65,1946,1
66,1106,1
66,1757,1
67,69,1
67,1876,1
68,1512,1
68,1838,1
69,67,1
69,784,1
70,71,1
70,1826,1
71,70,1
71,1995,1
72,568,1
72,783,1
73,74,1
73,654,1
74,73,1
74,1917,1
75,579,1
75,1414,1
76,1283,1
76,1448,1
77,554,1
77,1928,1
78,659,1
78,722,1
79,46,1
79,1881,1
80,86,1
80,1896,1
81,1186,1
81,1479,1
82,777,1
82,1974,1
83,1371,1
83,1509,1
84,917,1
84,1326,1
85,1898,1
85,2000,1
86,80,1
86,1393,1
87,373,1
87,1893,1
88,285,1
88,1395,1
89,52,1
89,1641,1
90,858,1
90,1595,1
91,7,1
91,112,1
92,1107,1
92,1999,1
93,312,1
93,1991,1
94,336,1
94,1515,1
95,633,1
95,1338,1
96,1832,1
96,1883,1
97,811,1
97,1185,1
98,1942,1
98,2000,1
99,1548,1
99,1839,1
100,1220,1
100,1453,1
101,103,1
101,1964,1
102,766,1
102,1998,1
103,101,1
103,1439,1
104,1370,1
104,1428,1
105,1667,1
105,1750,1
106,387,1
106,1363,1
107,1477,1
107,1988,1
108,887,1
108,1993,1
109,1644,1
109,1874,1
110,1564,1
110,1999,1
111,1324,1
111,1900,1
112,91,1
112,1583,1
113,392,1
113,1897,1
114,422,1
114,1741,1
115,528,1
115,1187,1
116,1755,1
116,1901,1
117,172,1
117,1211,1
118,340,1
118,1669,1
119,1754,1
119,1999,1
120,1534,1
120,1823,1
121,599,1
121,1919,1
122,1567,1
122,1903,1
123,873,1
123,1493,1
124,292,1
124,1937,1
125,241,1
125,688,1
126,1916,1
126,1982,1
127,1450,1
127,1691,1
128,369,1
128,1601,1
129,1390,1
129,1563,1
130,776,1
130,1933,1
131,280,1
131,1871,1
132,138,1
132,1038,1
133,1038,1
133,1311,1
134,252,1
134,1511,1
135,595,1
135,1731,1
136,1192,1
136,1209,1
137,180,1
137,1974,1
138,132,1
138,605,1
139,1815,1
139,1976,1
140,156,1
140,402,1
141,986,1
141,1402,1
142,1688,1
142,1949,1
143,1414,1
143,1975,1
144,149,1
144,482,1
145,977,1
145,1351,1
146,1101,1
146,1929,1
147,414,1
147,1969,1
148,932,1
148,1746,1
149,144,1
149,1893,1
150,1358,1
150,1374,1
151,419,1
151,1516,1
152,37,1
152,65,1
153,1342,1
153,1750,1
154,3,1
154,1466,1
155,1119,1
155,1994,1
156,140,1
156,1699,1
157,1522,1
157,1743,1
158,1873,1
158,1885,1
159,381,1
159,1384,1
160,59,1
160,266,1
161,328,1
161,757,1
162,12,1
162,301,1
163,291,1
163,1987,1
164,841,1
164,1114,1
165,166,1
165,1728,1
166,165,1
166,466,1
167,1710,1
167,1870,1
168,947,1
168,1619,1
169,979,1
169,1075,1
170,1788,1
170,2000,1
171,515,1
171,1958,1
172,117,1
172,1889,1
173,424,1
173,1454,1
174,990,1
174,1554,1
175,1236,1
175,1986,1
176,839,1
176,1832,1
177,305,1
177,1643,1
178,659,1
178,1148,1
179,1605,1
179,1791,1
180,137,1
180,1220,1
181,700,1
181,1631,1
182,480,1
182,727,1
183,1797,1
183,1950,1
184,58,1
184,1959,1
185,372,1
185,1041,1
186,918,1
186,1948,1
187,222,1
187,1964,1
188,669,1
188,902,1
189,1289,1
189,1954,1
190,1285,1
190,1327,1
191,1033,1
191,1817,1
192,747,1
192,1941,1
193,845,1
193,1969,1
194,1147,1
194,1414,1
195,1182,1
195,1625,1
196,833,1
196,1267,1
197,1563,1
197,1708,1
198,64,1
198,1974,1
199,647,1
199,1648,1
200,1703,1
200,1729,1
201,62,1
201,1792,1
202,470,1
202,1422,1
203,945,1
203,1995,1
204,555,1
204,1659,1
205,1120,1
205,1995,1
206,209,1
206,708,1
207,1000,1
207,1672,1
208,1199,1
208,1883,1
209,206,1
209,1855,1
210,214,1
210,416,1
211,1712,1
211,1970,1
212,248,1
212,395,1
213,1936,1
213,1962,1
214,210,1
214,1845,1
215,218,1
215,1619,1
216,971,1
216,1866,1
217,1507,1
217,1715,1
218,215,1
218,1408,1
219,21,1
219,1751,1
220,1988,1
220,1999,1
221,1518,1
221,1697,1
222,187,1
222,1457,1
223,523,1
223,1737,1
224,348,1
224,1244,1
225,1003,1
225,1955,1
226,815,1
226,1285,1
227,315,1
227,460,1
228,1151,1
228,1917,1
229,1213,1
229,1996,1
230,780,1
230,1929,1
231,285,1
231,1505,1
232,1573,1
232,1947,1
233,774,1
233,1199,1
234,1151,1
234,1525,1
235,1162,1
235,1743,1
236,963,1
236,1650,1
237,592,1
237,981,1
238,572,1
238,1722,1
239,1487,1
239,1708,1
240,1405,1
240,1944,1
241,125,1
241,1367,1
242,1954,1
242,1962,1
243,1187,1
243,1403,1
244,1507,1
244,1552,1
245,787,1
245,1533,1
246,330,1
246,618,1
247,430,1
247,778,1
248,212,1
248,1960,1
249,950,1
249,1897,1
250,614,1
250,1623,1
251,391,1
251,1800,1
252,134,1
252,1866,1
253,256,1
253,1616,1
254,1218,1
254,1792,1
255,358,1
255,1976,1
256,253,1
256,1793,1
257,34,1
257,1737,1
258,667,1
258,1014,1
259,1060,1
259,1307,1
260,533,1
260,1444,1
261,1858,1
261,1916,1
262,378,1
262,1239,1
263,862,1
263,1781,1
264,819,1
264,1919,1
265,9,1
265,1186,1
266,160,1
266,1168,1
267,1584,1
267,1915,1
268,810,1
268,830,1
269,910,1
269,1072,1
270,663,1
270,1654,1
271,1875,1
271,1941,1
272,1914,1
272,2000,1
273,44,1
273,1953,1
274,1959,1
274,1969,1
275,524,1
275,1807,1
276,1469,1
276,1521,1
277,1060,1
277,1869,1
278,463,1
278,1995,1
279,670,1
279,962,1
280,131,1
280,1829,1
281,991,1
281,1129,1
282,1907,1
282,1977,1
283,458,1
283,1262,1
284,807,1
284,922,1
285,88,1
285,231,1
286,1020,1
286,1562,1
287,31,1
287,1940,1
288,495,1
288,1380,1
289,1973,1
289,1994,1
290,295,1
290,660,1
291,163,1
291,1606,1
292,124,1
292,1942,1
293,622,1
293,1125,1
294,1073,1
294,1691,1
295,290,1
295,1722,1
296,393,1
296,966,1
297,964,1
297,1393,1
298,426,1
298,1529,1
299,1706,1
299,1999,1
300,1278,1
300,1894,1
301,162,1
301,1755,1
302,11,1
302,1897,1
303,1769,1
303,1847,1
304,953,1
304,1856,1
305,177,1
305,1879,1
306,1484,1
306,1886,1
307,1062,1
307,1442,1
308,563,1
308,1997,1
309,1768,1
309,1984,1
310,857,1
310,1679,1
311,10,1
311,384,1
312,93,1
312,1610,1
313,1303,1
313,1821,1
314,319,1
314,1841,1
315,227,1
315,1482,1
316,920,1
316,1957,1
317,1073,1
317,1099,1
318,1214,1
318,1982,1
319,314,1
319,879,1
320,1625,1
320,1846,1
321,453,1
321,1734,1
322,323,1
322,431,1
323,322,1
323,772,1
324,410,1
324,1932,1
325,1221,1
325,1997,1
326,757,1
326,793,1
327,437,1
327,1702,1
328,161,1
328,1798,1
329,1386,1
329,1929,1
330,246,1
330,1948,1
331,1152,1
331,1608,1
332,626,1
332,1670,1
333,371,1
333,1515,1
334,386,1
334,512,1
335,401,1
335,1046,1
336,94,1
336,1215,1
337,24,1
337,1365,1
338,1720,1
338,1845,1
339,1382,1
339,1983,1
340,118,1
340,1917,1
341,1872,1
341,1980,1
342,1110,1
342,1989,1
343,1353,1
343,1429,1
344,1263,1
344,1777,1
345,620,1
345,1932,1
346,390,1
346,1938,1
347,1190,1
347,1714,1
348,224,1
348,1698,1
349,707,1
349,1183,1
350,367,1
350,1799,1
351,1652,1
351,1933,1
352,697,1
352,1701,1
353,1096,1
353,1446,1
354,481,1
354,1026,1
355,1198,1
355,1368,1
356,488,1
356,1039,1
357,1584,1
357,1649,1
358,255,1
358,412,1
359,1460,1
359,1617,1
360,939,1
360,1904,1
361,1436,1
361,1992,1
362,363,1
362,1748,1
363,362,1
363,1982,1
364,1579,1
364,1753,1
365,1501,1
365,1990,1
366,1829,1
366,1841,1
367,350,1
367,419,1
368,420,1
368,425,1
369,128,1
369,1297,1
370,509,1
370,680,1
371,333,1
371,1978,1
372,185,1
372,1700,1
373,38,1
373,87,1
374,375,1
374,1993,1
375,374,1
375,1722,1
376,1108,1
376,1946,1
377,1856,1
377,1995,1
378,262,1
378,1819,1
379,636,1
379,1136,1
380,1583,1
380,1968,1
381,17,1
381,159,1
382,1714,1
382,1865,1
383,403,1
383,1350,1
384,311,1
384,1744,1
385,562,1
385,1953,1
386,334,1
386,493,1
387,106,1
387,1985,1
388,594,1
388,1991,1
389,784,1
389,1988,1
390,346,1
390,1403,1
391,251,1
391,402,1
392,113,1
392,1968,1
393,37,1
393,296,1
394,1022,1
394,1909,1
395,212,1
395,1975,1
396,603,1
396,1880,1
397,720,1
397,1994,1
398,611,1
398,1478,1
399,1524,1
399,1749,1
400,1658,1
400,1945,1
401,335,1
401,1907,1
402,140,1
402,391,1
403,383,1
403,1999,1
404,1514,1
404,1830,1
405,1939,1
405,1995,1
406,1166,1
406,1235,1
407,1278,1
407,1933,1
408,794,1
408,1958,1
409,705,1
409,1121,1
410,324,1
410,1004,1
411,881,1
411,1965,1
412,358,1
412,1657,1
413,1460,1
413,1513,1
414,147,1
414,822,1
415,1796,1
415,1814,1
416,210,1
416,1864,1
417,870,1
417,1546,1
418,1272,1
418,1302,1
419,151,1
419,367,1
420,368,1
420,1902,1
421,611,1
421,1478,1
422,114,1
422,1988,1
423,432,1
423,1570,1
424,173,1
424,709,1
425,368,1
425,1886,1
426,298,1
426,1305,1
427,791,1
427,1614,1
428,682,1
428,838,1
429,1211,1
429,1480,1
430,247,1
430,1116,1
431,322,1
431,1731,1
432,423,1
432,1879,1
433,435,1
433,768,1
434,439,1
434,1207,1
435,433,1
435,916,1
436,485,1
436,1027,1
437,327,1
437,1784,1
438,60,1
438,1965,1
439,434,1
439,1586,1
440,1712,1
440,1713,1
441,1810,1
441,1962,1
442,945,1
442,1083,1
443,1910,1
443,1940,1
444,889,1
444,1007,1
445,459,1
445,1891,1
446,884,1
446,1009,1
447,450,1
447,1987,1
448,704,1
448,1266,1
449,676,1
449,1877,1
450,447,1
450,454,1
451,1490,1
451,1952,1
452,1167,1
452,1726,1
453,321,1
453,1447,1
454,450,1
454,1939,1
455,687,1
455,1115,1
456,1827,1
456,1974,1
457,1134,1
457,1455,1
458,283,1
458,1114,1
459,445,1
459,1774,1
460,227,1
460,1790,1
461,1206,1
461,1352,1
462,45,1
462,1280,1
463,278,1
463,1904,1
464,747,1
464,1172,1
465,771,1
465,855,1
466,166,1
466,768,1
467,923,1
467,1887,1
468,931,1
468,1615,1
469,24,1
469,1483,1
470,202,1
470,498,1
471,1156,1
471,1589,1
472,627,1
472,1077,1
473,1690,1
473,1993,1
474,493,1
474,1428,1
475,1391,1
475,1450,1
476,557,1
476,1605,1
477,1282,1
477,1948,1
478,683,1
478,1836,1
479,29,1
479,1684,1
480,182,1
480,1857,1
481,354,1
481,1863,1
482,144,1
482,1825,1
483,1837,1
483,1885,1
484,842,1
484,1859,1
485,436,1
485,1629,1
486,1202,1
486,1270,1
487,1148,1
487,1964,1
488,356,1
488,1213,1
489,491,1
489,1707,1
490,1943,1
490,1961,1
491,489,1
491,1806,1
492,1603,1
492,1826,1
493,386,1
493,474,1
494,501,1
494,759,1
495,288,1
495,1565,1
496,1031,1
496,1755,1
497,1316,1
497,1808,1
498,470,1
498,1798,1
499,1795,1
499,1990,1
500,878,1
500,1427,1
501,494,1
501,1882,1
502,533,1
502,1271,1
503,830,1
503,1128,1
504,905,1
504,1958,1
505,1334,1
505,1647,1
506,1166,1
506,1943,1
507,711,1
507,1760,1
508,701,1
508,1646,1
509,370,1
509,1883,1
510,1600,1
510,1977,1
511,530,1
511,1989,1
512,334,1
512,1836,1
513,1872,1
513,2000,1
514,1878,1
514,1956,1
515,171,1
515,1890,1
516,1057,1
516,1476,1
517,737,1
517,1898,1
518,1086,1
518,1388,1
519,521,1
519,1915,1
520,1614,1
520,1841,1
521,519,1
521,741,1
522,1665,1
522,1782,1
523,223,1
523,1814,1
524,275,1
524,1687,1
525,775,1
525,1675,1
526,657,1
526,1217,1
527,666,1
527,1633,1
528,115,1
528,603,1
529,532,1
529,1612,1
530,511,1
530,1604,1
531,1566,1
531,1701,1
532,529,1
532,1720,1
533,260,1
533,502,1
534,1575,1
534,1707,1
535,1637,1
535,1687,1
536,723,1
536,1875,1
537,1766,1
537,1782,1
538,1402,1
538,1507,1
539,541,1
539,726,1
540,689,1
540,885,1
541,539,1
541,1597,1
542,820,1
542,1500,1
543,1945,1
543,1997,1
544,1067,1
544,1960,1
545,1920,1
545,1972,1
546,1376,1
546,1568,1
547,710,1
547,1973,1
548,1364,1
548,1937,1
549,1822,1
549,1831,1
550,1083,1
550,1519,1
551,957,1
551,958,1
552,1142,1
552,1984,1
553,678,1
553,1917,1
554,77,1
554,1601,1
555,204,1
555,1465,1
556,1970,1
556,1993,1
557,476,1
557,1780,1
558,1733,1
558,1823,1
559,63,1
559,1408,1
560,1876,1
560,1954,1
561,608,1
561,1721,1
562,385,1
562,609,1
563,308,1
563,1084,1
564,1901,1
564,1969,1
565,50,1
565,1504,1
566,961,1
566,1700,1
567,1276,1
567,1713,1
568,72,1
568,1026,1
569,1224,1
569,1429,1
570,1315,1
570,1424,1
571,769,1
571,1995,1
572,238,1
572,1709,1
573,917,1
573,1677,1
574,1843,1
574,1895,1
575,623,1
575,729,1
576,1068,1
576,1997,1
577,1390,1
577,1928,1
578,1596,1
578,1992,1
579,75,1
579,1878,1
580,623,1
580,1594,1
581,1066,1
581,1729,1
582,1433,1
582,1472,1
583,1344,1
583,1962,1
584,1795,1
584,1866,1
585,1590,1
585,1945,1
586,638,1
586,779,1
587,646,1
587,728,1
588,1017,1
588,1616,1
589,1577,1
589,1874,1
590,728,1
590,1320,1
591,1611,1
591,1880,1
592,237,1
592,1708,1
593,1927,1
593,1968,1
594,388,1
594,1381,1
595,135,1
595,1410,1
596,1385,1
596,1632,1
597,1876,1
597,1882,1
598,610,1
598,1947,1
599,121,1
599,1808,1
600,1445,1
600,1902,1
601,1449,1
601,1962,1
602,1887,1
602,1976,1
603,396,1
603,528,1
604,1044,1
604,1711,1
605,138,1
605,1470,1
606,1461,1
606,1626,1
607,1013,1
607,1251,1
608,561,1
608,1717,1
609,562,1
609,1412,1
610,598,1
610,860,1
611,398,1
611,421,1
612,1337,1
612,1834,1
613,616,1
613,1923,1
614,250,1
614,1966,1
615,712,1
615,1715,1
616,613,1
616,1604,1
617,1085,1
617,1616,1
618,246,1
618,765,1
619,30,1
619,1960,1
620,345,1
620,1707,1
621,1622,1
621,1890,1
622,293,1
622,1971,1
623,575,1
623,580,1
624,1037,1
624,1603,1
625,1848,1
625,1994,1
626,332,1
626,1561,1
627,36,1
627,472,1
628,1500,1
628,1680,1
629,934,1
629,1943,1
630,631,1
630,1049,1
631,630,1
631,1978,1
632,925,1
632,1018,1
633,95,1
633,1160,1
634,1979,1
634,2000,1
635,823,1
635,1978,1
636,379,1
636,1903,1
637,746,1
637,877,1
638,586,1
638,1797,1
639,875,1
639,936,1
640,1754,1
640,1988,1
641,644,1
641,1587,1
642,816,1
642,1693,1
643,1303,1
643,1973,1
644,641,1
644,1912,1
645,721,1
645,1583,1
646,587,1
646,1582,1
647,199,1
647,1894,1
648,987,1
648,1170,1
649,1790,1
649,1996,1
650,900,1
650,1489,1
651,1388,1
651,1816,1
652,1353,1
652,1837,1
653,1733,1
653,1823,1
654,73,1
654,1328,1
655,1056,1
655,1907,1
656,1368,1
656,1991,1
657,526,1
657,1920,1
658,1295,1
658,1835,1
659,78,1
659,178,1
660,290,1
660,731,1
661,662,1
661,1564,1
662,661,1
662,796,1
663,270,1
663,1310,1
664,1747,1
664,1875,1
665,1532,1
665,1784,1
666,527,1
666,1088,1
667,258,1
667,1963,1
668,1491,1
668,1955,1
669,188,1
669,1590,1
670,39,1
670,279,1
671,1502,1
671,1997,1
672,1848,1
672,1937,1
673,853,1
673,1609,1
674,1093,1
674,1324,1
675,1277,1
675,1856,1
676,449,1
676,677,1
677,676,1
677,1957,1
678,553,1
678,773,1
679,1499,1
679,1979,1
680,370,1
680,1381,1
681,1787,1
681,1819,1
682,428,1
682,738,1
683,478,1
683,1312,1
684,877,1
684,1851,1
685,809,1
685,1558,1
686,1446,1
686,1717,1
687,455,1
687,1652,1
688,125,1
688,1728,1
689,540,1
689,867,1
690,1651,1
690,1804,1
691,1016,1
691,1861,1
692,694,1
692,1737,1
693,848,1
693,1321,1
694,692,1
694,753,1
695,698,1
695,1842,1
696,860,1
696,1792,1
697,352,1
697,1469,1
698,695,1
698,1600,1
699,1655,1
699,1883,1
700,181,1
700,1508,1
701,508,1
701,845,1
702,795,1
702,890,1
703,720,1
703,862,1
704,448,1
704,1609,1
705,409,1
705,1855,1
706,43,1
706,1984,1
707,349,1
707,1595,1
708,206,1
708,825,1
709,424,1
709,1165,1
710,547,1
710,1512,1
711,507,1
711,1203,1
712,615,1
712,1946,1
713,806,1
713,1188,1
714,1201,1
714,1934,1
715,1254,1
715,1878,1
716,717,1
716,1747,1
717,716,1
717,1204,1
718,719,1
718,751,1
719,718,1
719,1664,1
720,397,1
720,703,1
721,645,1
721,1541,1
722,78,1
722,724,1
723,536,1
723,1961,1
724,722,1
724,1895,1
725,1488,1
725,1769,1
726,539,1
726,1767,1
727,182,1
727,1002,1
728,587,1
728,590,1
729,575,1
729,1933,1
730,1373,1
730,1598,1
731,660,1
731,1949,1
732,733,1
732,972,1
733,732,1
733,811,1
734,972,1
734,1959,1
735,1374,1
735,1991,1
736,737,1
736,1562,1
737,517,1
737,736,1
738,682,1
738,1299,1
739,1197,1
739,1764,1
740,1257,1
740,1783,1
741,521,1
741,995,1
742,1178,1
742,1664,1
743,1467,1
743,1497,1
744,1943,1
744,1987,1
745,1311,1
745,1986,1
746,637,1
746,1928,1
747,192,1
747,464,1
748,1894,1
748,1947,1
749,866,1
749,1786,1
750,791,1
750,1724,1
751,718,1
751,1860,1
752,805,1
752,821,1
753,694,1
753,1181,1
754,1779,1
754,1871,1
755,57,1
755,1620,1
756,5,1
756,1037,1
757,161,1
757,326,1
758,1877,1
758,1926,1
759,494,1
759,1145,1
760,4,1
760,1752,1
761,1548,1
761,1781,1
762,1544,1
762,1975,1
763,1092,1
763,1229,1
764,1465,1
764,1493,1
765,618,1
765,1948,1
766,102,1
766,1728,1
767,1815,1
767,1990,1
768,433,1
768,466,1
769,571,1
769,1887,1
770,1613,1
770,1972,1
771,465,1
771,1865,1
772,323,1
772,1992,1
773,678,1
773,1615,1
774,233,1
774,1747,1
775,525,1
775,1761,1
776,130,1
776,1874,1
777,82,1
777,898,1
778,247,1
778,947,1
779,586,1
779,1980,1
780,230,1
780,1475,1
781,1510,1
781,1676,1
782,1852,1
782,1905,1
783,72,1
783,1491,1
784,69,1
784,389,1
785,1290,1
785,1840,1
786,40,1
786,1811,1
787,245,1
787,1233,1
788,794,1
788,1934,1
789,1680,1
789,1909,1
790,1766,1
790,1884,1
791,427,1
791,750,1
792,844,1
792,1773,1
793,326,1
793,1893,1
794,408,1
794,788,1
795,702,1
795,1072,1
796,662,1
796,1874,1
797,1786,1
797,1996,1
798,1474,1
798,1952,1
799,927,1
799,1836,1
800,1607,1
800,1753,1
801,18,1
801,1830,1
802,1789,1
802,1887,1
803,1391,1
803,1547,1
804,1970,1
804,1997,1
805,752,1
805,1245,1
806,713,1
806,1105,1
807,284,1
807,1344,1
808,1117,1
808,1921,1
809,685,1
809,1725,1
810,268,1
810,1572,1
811,97,1
811,733,1
812,1118,1
812,1981,1
813,1472,1
813,1846,1
814,815,1
814,891,1
815,226,1
815,814,1
816,642,1
816,1540,1
817,884,1
817,1661,1
818,1670,1
818,1946,1
819,264,1
819,1996,1
820,542,1
820,1130,1
821,752,1
821,894,1
822,414,1
822,824,1
823,635,1
823,1546,1
824,822,1
824,1984,1
825,708,1
825,1988,1
826,827,1
826,1902,1
827,826,1
827,1404,1
828,904,1
828,960,1
829,6,1
829,1898,1
830,268,1
830,503,1
831,1113,1
831,1435,1
832,1601,1
832,1716,1
833,196,1
833,1390,1
834,999,1
834,1899,1
835,1961,1
835,1987,1
836,863,1
836,1860,1
837,1526,1
837,1951,1
838,428,1
838,1914,1
839,176,1
839,1640,1
840,1431,1
840,1529,1
841,164,1
841,1927,1
842,484,1
842,1440,1
843,1494,1
843,1738,1
844,792,1
844,1375,1
845,193,1
845,701,1
846,854,1
846,1984,1
847,63,1
847,1941,1
848,693,1
848,1753,1
849,1029,1
849,1787,1
850,30,1
850,1599,1
851,1628,1
851,1960,1
852,1139,1
852,1626,1
853,673,1
853,865,1
854,846,1
854,958,1
855,465,1
855,1146,1
856,1660,1
856,1868,1
857,310,1
857,1847,1
858,90,1
858,1097,1
859,1219,1
859,1865,1
860,610,1
860,696,1
861,868,1
861,1994,1
862,263,1
862,703,1
863,836,1
863,1925,1
864,33,1
864,64,1
865,853,1
865,1890,1
866,749,1
866,1724,1
867,689,1
867,1615,1
868,861,1
868,1579,1
869,871,1
869,1518,1
870,417,1
870,1313,1
871,869,1
871,1603,1
872,876,1
872,1286,1
873,123,1
873,1468,1
874,1338,1
874,1517,1
875,639,1
875,1392,1
876,872,1
876,1229,1
877,637,1
877,684,1
878,500,1
878,1214,1
879,319,1
879,1742,1
880,1156,1
880,1966,1
881,411,1
881,1994,1
882,1553,1
882,1993,1
883,9,1
883,1668,1
884,446,1
884,817,1
885,540,1
885,1421,1
886,1077,1
886,1941,1
887,108,1
887,1618,1
888,1503,1
888,1903,1
889,444,1
889,1719,1
890,702,1
890,1879,1
891,814,1
891,1822,1
892,1177,1
892,1523,1
893,1932,1
893,1989,1
894,821,1
894,1930,1
895,1161,1
895,1798,1
896,1462,1
896,1537,1
897,19,1
897,1963,1
898,777,1
898,899,1
899,898,1
899,1802,1
900,650,1
900,1287,1
901,1498,1
901,1651,1
902,188,1
902,1653,1
903,944,1
903,1556,1
904,828,1
904,1158,1
905,504,1
905,1988,1
906,1040,1
906,1335,1
907,1205,1
907,1568,1
908,1552,1
908,1691,1
909,1976,1
909,1990,1
910,269,1
910,1946,1
911,1636,1
911,1996,1
912,914,1
912,929,1
913,1467,1
913,1911,1
914,912,1
914,1958,1
915,1240,1
915,1981,1
916,435,1
916,1744,1
917,84,1
917,573,1
918,186,1
918,1999,1
919,1330,1
919,1704,1
920,316,1
920,1241,1
921,955,1
921,979,1
922,284,1
922,1835,1
923,467,1
923,1094,1
924,1752,1
924,1949,1
925,632,1
925,1074,1
926,1725,1
926,1937,1
927,799,1
927,1477,1
928,929,1
928,1828,1
929,912,1
929,928,1
930,973,1
930,1998,1
931,468,1
931,1553,1
932,148,1
932,1951,1
933,1346,1
933,1634,1
934,629,1
934,1922,1
935,970,1
935,1108,1
936,639,1
936,1932,1
937,1421,1
937,1985,1
938,949,1
938,1869,1
939,360,1
939,1925,1
940,1249,1
940,1284,1
941,980,1
941,1893,1
942,1258,1
942,1461,1
943,1602,1
943,1925,1
944,903,1
944,1774,1
945,203,1
945,442,1
946,948,1
946,1622,1
947,168,1
947,778,1
948,946,1
948,1931,1
949,938,1
949,1143,1
950,249,1
950,1719,1
951,17,1
951,1838,1
952,1678,1
952,1802,1
953,304,1
953,1061,1
954,1791,1
954,1869,1
955,921,1
955,1944,1
956,1279,1
956,1370,1
957,551,1
957,1866,1
958,551,1
958,854,1
959,1983,1
959,1984,1
960,828,1
960,1458,1
961,566,1
961,1801,1
962,279,1
962,1368,1
963,236,1
963,1242,1
964,297,1
964,1599,1
965,996,1
965,1852,1
966,296,1
966,1832,1
967,1519,1
967,1773,1
968,969,1
968,1505,1
969,968,1
969,1717,1
970,935,1
970,1975,1
971,216,1
971,973,1
972,732,1
972,734,1
973,930,1
973,971,1
974,13,1
974,985,1
975,1109,1
975,1829,1
976,1247,1
976,1812,1
977,145,1
977,1757,1
978,1504,1
978,1587,1
979,169,1
979,921,1
980,941,1
980,1520,1
981,237,1
981,1487,1
982,1059,1
982,1835,1
983,1811,1
983,1998,1
984,1352,1
984,1415,1
985,974,1
985,1980,1
986,141,1
986,1159,1
987,648,1
987,1091,1
988,1105,1
988,1576,1
989,1431,1
989,1582,1
990,174,1
990,1319,1
991,281,1
991,1791,1
992,1011,1
992,1621,1
993,1189,1
993,1591,1
994,1309,1
994,1958,1
995,741,1
995,1307,1
996,965,1
996,1486,1
997,998,1
997,1164,1
998,997,1
998,1805,1
999,834,1
999,1443,1
1000,207,1
1000,1656,1
1001,1032,1
1001,1888,1
1002,727,1
1002,1202,1
1003,225,1
1003,1997,1
1004,410,1
1004,1817,1
1005,1723,1
1005,1937,1
1006,1384,1
1006,1963,1
1007,444,1
1007,1786,1
1008,1067,1
1008,2000,1
1009,446,1
1009,1983,1
1010,1154,1
1010,1318,1
1011,992,1
1011,1462,1
1012,1017,1
1012,1021,1
1013,607,1
1013,1418,1
1014,258,1
1014,1531,1
1015,1070,1
1015,1689,1
1016,691,1
1016,1950,1
1017,588,1
1017,1012,1
1018,632,1
1018,1816,1
1019,47,1
1019,1155,1
1020,286,1
1020,1833,1
1021,1012,1
1021,1758,1
1022,394,1
1022,1762,1
1023,1062,1
1023,1880,1
1024,6,1
1024,1662,1
1025,3,1
1025,1524,1
1026,354,1
1026,568,1
1027,436,1
1027,1445,1
1028,16,1
1028,1456,1
1029,849,1
1029,1898,1
1030,1479,1
1030,1736,1
1031,496,1
1031,1559,1
1032,1001,1
1032,1578,1
1033,191,1
1033,1851,1
1034,1569,1
1034,1808,1
1035,1412,1
1035,1758,1
1036,1041,1
1036,1881,1
1037,624,1
1037,756,1
1038,132,1
1038,133,1
1039,356,1
1039,1423,1
1040,906,1
1040,1308,1
1041,185,1
1041,1036,1
1042,1411,1
1042,1650,1
1043,1097,1
1043,1833,1
1044,604,1
1044,1052,1
1045,1481,1
1045,1996,1
1046,335,1
1046,1158,1
1047,46,1
1047,1575,1
1048,26,1
1048,1454,1
1049,630,1
1049,1377,1
1050,1441,1
1050,1464,1
1051,1104,1
1051,1663,1
1052,11,1
1052,1044,1
1053,1396,1
1053,1985,1
1054,1921,1
1054,1989,1
1055,1524,1
1055,1975,1
1056,655,1
1056,1907,1
1057,516,1
1057,1931,1
1058,1761,1
1058,1977,1
1059,982,1
1059,1723,1
1060,259,1
1060,277,1
1061,953,1
1061,1856,1
1062,307,1
1062,1023,1
1063,1139,1
1063,1312,1
1064,1074,1
1064,1430,1
1065,1662,1
1065,1998,1
1066,581,1
1066,1442,1
1067,544,1
1067,1008,1
1068,576,1
1068,1075,1
1069,1079,1
1069,1274,1
1070,1015,1
1070,1087,1
1071,1938,1
1071,1996,1
1072,269,1
1072,795,1
1073,294,1
1073,317,1
1074,925,1
1074,1064,1
1075,169,1
1075,1068,1
1076,1441,1
1076,1621,1
1077,472,1
1077,886,1
1078,1790,1
1078,1996,1
1079,1069,1
1079,1491,1
1080,1405,1
1080,1770,1
1081,1457,1
1081,1732,1
1082,1571,1
1082,1799,1
1083,442,1
1083,550,1
1084,39,1
1084,563,1
1085,617,1
1085,1089,1
1086,518,1
1086,1979,1
1087,1070,1
1087,1648,1
1088,666,1
1088,1980,1
1089,1085,1
1089,1915,1
1090,1636,1
1090,1996,1
1091,987,1
1091,1960,1
1092,763,1
1092,1687,1
1093,674,1
1093,1095,1
1094,923,1
1094,1100,1
1095,1093,1
1095,1991,1
1096,353,1
1096,1926,1
1097,858,1
1097,1043,1
1098,1505,1
1098,1756,1
1099,317,1
1099,1897,1
1100,1094,1
1100,1346,1
1101,146,1
1101,1102,1
1102,1101,1
1102,1429,1
1103,1193,1
1103,1557,1
1104,27,1
1104,1051,1
1105,806,1
1105,988,1
1106,66,1
1106,1109,1
1107,92,1
1107,1981,1
1108,376,1
1108,935,1
1109,975,1
1109,1106,1
1110,342,1
1110,1651,1
1111,1354,1
1111,1628,1
1112,1692,1
1112,1710,1
1113,831,1
1113,1989,1
1114,164,1
1114,458,1
1115,455,1
1115,1761,1
1116,430,1
1116,1434,1
1117,808,1
1117,1730,1
1118,812,1
1118,1341,1
1119,155,1
1119,1940,1
1120,205,1
1120,1854,1
1121,409,1
1121,1904,1
1122,1169,1
1122,1887,1
1123,1225,1
1123,1781,1
1124,1223,1
1124,1678,1
1125,293,1
1125,1525,1
1126,36,1
1126,1744,1
1127,1128,1
1127,1973,1
1128,503,1
1128,1127,1
1129,281,1
1129,1751,1
1130,820,1
1130,1578,1
1131,1132,1
1131,1894,1
1132,1131,1
1132,1671,1
1133,1805,1
1133,1849,1
1134,457,1
1134,1517,1
1135,1785,1
1135,1899,1
1136,21,1
1136,379,1
1137,1208,1
1137,1947,1
1138,45,1
1138,1977,1
1139,852,1
1139,1063,1
1140,1765,1
1140,1997,1
1141,1783,1
1141,1995,1
1142,552,1
1142,1983,1
1143,949,1
1143,1996,1
1144,1503,1
1144,1978,1
1145,759,1
1145,1237,1
1146,855,1
1146,1804,1
1147,194,1
1147,1768,1
1148,178,1
1148,487,1
1149,1902,1
1149,1906,1
1150,1296,1
1150,1610,1
1151,228,1
1151,234,1
1152,331,1
1152,1398,1
1153,61,1
1153,1913,1
1154,1010,1
1154,1944,1
1155,1019,1
1155,1857,1
1156,471,1
1156,880,1
1157,1193,1
1157,1394,1
1158,904,1
1158,1046,1
1159,986,1
1159,1977,1
1160,633,1
1160,1268,1
1161,895,1
1161,1526,1
1162,235,1
1162,1992,1
1163,1660,1
1163,1679,1
1164,997,1
1164,1759,1
1165,709,1
1165,2000,1
1166,406,1
1166,506,1
1167,452,1
1167,1901,1
1168,266,1
1168,1771,1
1169,1122,1
1169,1498,1
1170,648,1
1170,1756,1
1171,1364,1
1171,1965,1
1172,464,1
1172,1840,1
1173,1844,1
1173,1891,1
1174,55,1
1174,1985,1
1175,1381,1
1175,1735,1
1176,1754,1
1176,1910,1
1177,892,1
1177,1189,1
1178,742,1
1178,1304,1
1179,1314,1
1179,1676,1
1180,1767,1
1180,1905,1
1181,753,1
1181,1191,1
1182,195,1
1182,1550,1
1183,349,1
1183,1577,1
1184,1757,1
1184,1827,1
1185,97,1
1185,1979,1
1186,81,1
1186,265,1
1187,115,1
1187,243,1
1188,713,1
1188,1772,1
1189,993,1
1189,1177,1
1190,347,1
1190,1327,1
1191,1181,1
1191,1994,1
1192,136,1
1192,1379,1
1193,1103,1
1193,1157,1
1194,1314,1
1194,1510,1
1195,1361,1
1195,1886,1
1196,1423,1
1196,1540,1
1197,739,1
1197,1967,1
1198,355,1
1198,1322,1
1199,208,1
1199,233,1
1200,1837,1
1200,1971,1
1201,714,1
1201,1839,1
1202,486,1
1202,1002,1
1203,711,1
1203,1736,1
1204,717,1
1204,1476,1
1205,907,1
1205,1555,1
1206,461,1
1206,1209,1
1207,434,1
1207,1749,1
1208,1137,1
1208,1349,1
1209,136,1
1209,1206,1
1210,1212,1
1210,1831,1
1211,117,1
1211,429,1
1212,1210,1
1212,1878,1
1213,229,1
1213,488,1
1214,318,1
1214,878,1
1215,336,1
1215,1892,1
1216,1222,1
1216,1911,1
1217,526,1
1217,1417,1
1218,254,1
1218,1927,1
1219,859,1
1219,1714,1
1220,100,1
1220,180,1
1221,325,1
1221,1695,1
1222,1216,1
1222,1865,1
1223,1124,1
1223,1825,1
1224,569,1
1224,1925,1
1225,1123,1
1225,1584,1
1226,1585,1
1226,1950,1
1227,1411,1
1227,1456,1
1228,1517,1
1228,1921,1
1229,763,1
1229,876,1
1230,1913,1
1230,1957,1
1231,1809,1
1231,1828,1
1232,1248,1
1232,1545,1
1233,787,1
1233,1275,1
1234,1511,1
1234,1742,1
1235,406,1
1235,1961,1
1236,175,1
1236,1533,1
1237,1145,1
1237,1997,1
1238,1870,1
1238,1967,1
1239,262,1
1239,1918,1
1240,915,1
1240,1789,1
1241,920,1
1241,1246,1
1242,14,1
1242,963,1
1243,1931,1
1243,2000,1
1244,224,1
1244,1698,1
1245,805,1
1245,1998,1
1246,1241,1
1246,1973,1
1247,976,1
1247,1248,1
1248,1232,1
1248,1247,1
1249,940,1
1249,1415,1
1250,1783,1
1250,1939,1
1251,607,1
1251,1803,1
1252,1407,1
1252,1495,1
1253,1906,1
1253,1922,1
1254,715,1
1254,1913,1
1255,1300,1
1255,1401,1
1256,1642,1
1256,1771,1
1257,740,1
1257,1260,1
1258,942,1
1258,1689,1
1259,1567,1
1259,1666,1
1260,1257,1
1260,1405,1
1261,1865,1
1261,1934,1
1262,283,1
1262,1800,1
1263,344,1
1263,1580,1
1264,1308,1
1264,1889,1
1265,1538,1
1265,1673,1
1266,448,1
1266,1300,1
1267,196,1
1267,1645,1
1268,1160,1
1268,1270,1
1269,1773,1
1269,1995,1
1270,486,1
1270,1268,1
1271,502,1
1271,1273,1
1272,418,1
1272,1948,1
1273,1271,1
1273,1796,1
1274,1069,1
1274,1612,1
1275,1233,1
1275,1868,1
1276,567,1
1276,1993,1
1277,675,1
1277,1941,1
1278,300,1
1278,407,1
1279,956,1
1279,1891,1
1280,462,1
1280,1516,1
1281,1415,1
1281,1647,1
1282,477,1
1282,1585,1
1283,76,1
1283,1993,1
1284,940,1
1284,1701,1
1285,190,1
1285,226,1
1286,872,1
1286,1634,1
1287,900,1
1287,1685,1
1288,1437,1
1288,1455,1
1289,189,1
1289,1936,1
1290,785,1
1290,1686,1
1291,1419,1
1291,1848,1
1292,1332,1
1292,1936,1
1293,22,1
1293,1475,1
1294,1297,1
1294,1976,1
1295,658,1
1295,1449,1
1296,1150,1
1296,1817,1
1297,369,1
1297,1294,1
1298,1741,1
1298,1999,1
1299,738,1
1299,1864,1
1300,1255,1
1300,1266,1
1301,1987,1
1301,1989,1
1302,418,1
1302,1942,1
1303,313,1
1303,643,1
1304,1178,1
1304,1380,1
1305,426,1
1305,1850,1
1306,1624,1
1306,1867,1
1307,259,1
1307,995,1
1308,1040,1
1308,1264,1
1309,994,1
1309,1845,1
1310,663,1
1310,1511,1
1311,133,1
1311,745,1
1312,683,1
1312,1063,1
1313,870,1
1313,1705,1
1314,1179,1
1314,1194,1
1315,570,1
1315,1456,1
1316,497,1
1316,1697,1
1317,1725,1
1317,1974,1
1318,1010,1
1318,1709,1
1319,990,1
1319,1588,1
1320,590,1
1320,1935,1
1321,693,1
1321,1529,1
1322,1198,1
1322,1900,1
1323,1422,1
1323,1590,1
1324,111,1
1324,674,1
1325,1957,1
1325,1989,1
1326,84,1
1326,1652,1
1327,190,1
1327,1190,1
1328,654,1
1328,1656,1
1329,1333,1
1329,1552,1
1330,919,1
1330,1350,1
1331,1607,1
1331,1696,1
1332,1292,1
1332,1723,1
1333,1329,1
1333,1854,1
1334,505,1
1334,1530,1
1335,906,1
1335,1986,1
1336,1774,1
1336,1896,1
1337,612,1
1337,1827,1
1338,95,1
1338,874,1
1339,1537,1
1339,1674,1
1340,1341,1
1340,1746,1
1341,1118,1
1341,1340,1
1342,153,1
1342,1716,1
1343,1360,1
1343,1766,1
1344,583,1
1344,807,1
1345,1772,1
1345,1853,1
1346,933,1
1346,1100,1
1347,1788,1
1347,1791,1
1348,1463,1
1348,1555,1
1349,1208,1
1349,1508,1
1350,383,1
1350,1330,1
1351,145,1
1351,1934,1
1352,461,1
1352,984,1
1353,343,1
1353,652,1
1354,1111,1
1354,1355,1
1355,1354,1
1355,1944,1
1356,1366,1
1356,1482,1
1357,1684,1
1357,1938,1
1358,150,1
1358,1714,1
1359,1768,1
1359,1909,1
1360,1343,1
1360,1641,1
1361,1195,1
1361,1561,1
1362,1365,1
1362,1906,1
1363,106,1
1363,1964,1
1364,548,1
1364,1171,1
1365,337,1
1365,1362,1
1366,1356,1
1366,1851,1
1367,241,1
1367,1998,1
1368,355,1
1368,656,1
1368,962,1
1369,1852,1
1369,1905,1
1369,1910,1
1370,104,1
1370,956,1
1370,1427,1
1371,83,1
1371,1649,1
1371,1959,1
1372,1472,1
1372,1541,1
1372,1884,1
1373,730,1
1373,1509,1
1373,1670,1
1374,150,1
1374,735,1
1374,1574,1
1375,844,1
1375,1959,1
1375,1995,1
1376,546,1
1376,1484,1
1376,1922,1
1377,1049,1
1377,1556,1
1377,1780,1
1378,1379,1
1378,1423,1
1378,1589,1
1379,1192,1
1379,1378,1
1379,1730,1
1380,288,1
1380,1304,1
1380,1421,1
1381,594,1
1381,680,1
1381,1175,1
1382,339,1
1382,1416,1
1382,1806,1
1383,1389,1
1383,1661,1
1383,1663,1
1384,159,1
1384,1006,1
1384,1450,1
1385,596,1
1385,1386,1
1385,1989,1
1386,329,1
1386,1385,1
1386,1547,1
1387,1391,1
1387,1810,1
1387,1867,1
1388,518,1
1388,651,1
1388,1762,1
1389,1383,1
1389,1663,1
1389,1968,1
1390,129,1
1390,577,1
1390,833,1
1391,475,1
1391,803,1
1391,1387,1
1392,875,1
1392,1573,1
1392,1881,1
1393,86,1
1393,297,1
1393,1394,1
1394,1157,1
1394,1393,1
1394,1926,1
1395,88,1
1395,1396,1
1395,1568,1
1396,1053,1
1396,1395,1
1396,1567,1
1397,1757,1
1397,1924,1
1397,1925,1
1398,1152,1
1398,1739,1
1398,1992,1
1399,1682,1
1399,1972,1
1399,1992,1
1400,1448,1
1400,1653,1
1400,1862,1
1401,1255,1
1401,1425,1
1401,1945,1
1402,141,1
1402,538,1
1402,1770,1
1403,29,1
1403,243,1
1403,390,1
1404,827,1
1404,1409,1
1404,1818,1
1405,240,1
1405,1080,1
1405,1260,1
1406,1471,1
1406,1845,1
1406,1998,1
1407,1252,1
1407,1815,1
1407,1990,1
1408,218,1
1408,559,1
1408,1410,1
1409,1404,1
1409,1870,1
1409,1970,1
1410,595,1
1410,1408,1
1410,1490,1
1411,1042,1
1411,1227,1
1411,1457,1
1412,609,1
1412,1035,1
1412,1861,1
1413,1521,1
1413,1762,1
1413,1882,1
1414,75,1
1414,143,1
1414,194,1
1415,984,1
1415,1249,1
1415,1281,1
1416,1382,1
1416,1527,1
1416,1935,1
1417,14,1
1417,1217,1
1417,1657,1
1418,1013,1
1418,1803,1
1418,1848,1
1419,1291,1
1419,1459,1
1419,1558,1
1420,1462,1
1420,1598,1
1420,1849,1
1421,885,1
1421,937,1
1421,1380,1
1422,202,1
1422,1323,1
1422,1586,1
1423,1039,1
1423,1196,1
1423,1378,1
1424,570,1
1424,1870,1
1424,1997,1
1425,1401,1
1425,1521,1
1425,1566,1
1426,20,1
1426,1919,1
1426,1996,1
1427,500,1
1427,1370,1
1427,1617,1
1428,104,1
1428,474,1
1428,1956,1
1429,343,1
1429,569,1
1429,1102,1
1430,1064,1
1430,1924,1
1430,1979,1
1431,840,1
1431,989,1
1431,1434,1
1432,1546,1
1432,1965,1
1432,1994,1
1433,582,1
1433,1570,1
1433,1857,1
1434,1116,1
1434,1431,1
1434,1777,1
1435,831,1
1435,1437,1
1435,1681,1
1436,361,1
1436,1824,1
1436,1972,1
1437,1288,1
1437,1435,1
1437,1699,1
1438,1440,1
1438,1492,1
1438,1607,1
1439,103,1
1439,1581,1
1439,1967,1
1440,842,1
1440,1438,1
1440,1979,1
1441,1050,1
1441,1076,1
1441,1964,1
1442,307,1
1442,1066,1
1442,1963,1
1443,999,1
1443,1485,1
1443,1499,1
1444,260,1
1444,1449,1
1444,1738,1
1445,600,1
1445,1027,1
1445,1906,1
1446,353,1
1446,686,1
1446,1534,1
1447,453,1
1447,1538,1
1447,1834,1
1448,76,1
1448,1400,1
1448,1993,1
1449,601,1
1449,1295,1
1449,1444,1
1450,127,1
1450,475,1
1450,1384,1
1451,1798,1
1451,1873,1
1451,1946,1
1452,56,1
1452,1486,1
1452,1884,1
1453,100,1
1453,1739,1
1453,1947,1
1454,173,1
1454,1048,1
1454,1530,1
1455,457,1
1455,1288,1
1455,1686,1
1456,1028,1
1456,1227,1
1456,1315,1
1457,222,1
1457,1081,1
1457,1411,1
1458,960,1
1458,1574,1
1458,1992,1
1459,1419,1
1459,1496,1
1459,1848,1
1460,359,1
1460,413,1
1460,1473,1
1461,606,1
1461,942,1
1461,1836,1
1462,896,1
1462,1011,1
1462,1420,1
1463,1348,1
1463,1775,1
1463,1951,1
1464,1050,1
1464,1719,1
1464,1964,1
1465,555,1
1465,764,1
1465,1954,1
1466,154,1
1466,1469,1
1466,1862,1
1467,743,1
1467,913,1
1467,1732,1
1468,873,1
1468,1888,1
1468,1991,1
1469,276,1
1469,697,1
1469,1466,1
1470,605,1
1470,1690,1
1470,1993,1
1471,1406,1
1471,1499,1
1471,1528,1
1472,582,1
1472,813,1
1472,1372,1
1473,1460,1
1473,1746,1
1473,1991,1
1474,798,1
1474,1645,1
1474,1843,1
1475,780,1
1475,1293,1
1475,1705,1
1476,516,1
1476,1204,1
1476,1950,1
1477,107,1
1477,927,1
1477,1971,1
1478,398,1
1478,421,1
1478,1849,1
1479,81,1
1479,1030,1
1479,1747,1
1480,32,1
1480,429,1
1480,1732,1
1481,1045,1
1481,1482,1
1481,1796,1
1482,315,1
1482,1356,1
1482,1481,1
1483,469,1
1483,1633,1
1483,1740,1
1484,306,1
1484,1376,1
1484,1980,1
1485,1,1
1485,1443,1
1485,1851,1
1486,996,1
1486,1452,1
1486,1850,1
1487,53,1
1487,239,1
1487,981,1
1488,725,1
1488,1675,1
1488,1899,1
1489,650,1
1489,1554,1
1489,1967,1
1490,451,1
1490,1410,1
1490,1703,1
1491,668,1
1491,783,1
1491,1079,1
1492,1438,1
1492,1585,1
1492,1794,1
1493,123,1
1493,764,1
1493,1750,1
1494,843,1
1494,1658,1
1494,1958,1
1495,1252,1
1495,1506,1
1495,1976,1
1496,1459,1
1496,1586,1
1496,1937,1
1497,743,1
1497,1618,1
1497,1950,1
1498,901,1
1498,1169,1
1498,1933,1
1499,679,1
1499,1443,1
1499,1471,1
1500,542,1
1500,628,1
1500,1501,1
1501,365,1
1501,1500,1
1501,1990,1
1502,671,1
1502,1503,1
1502,1745,1
1503,888,1
1503,1144,1
1503,1502,1
1504,565,1
1504,978,1
1504,2000,1
1505,231,1
1505,968,1
1505,1098,1
1506,1495,1
1506,1543,1
1506,1951,1
1507,217,1
1507,244,1
1507,538,1
1508,700,1
1508,1349,1
1508,1665,1
1509,83,1
1509,1373,1
1509,1772,1
1510,781,1
1510,1194,1
1510,1982,1
1511,134,1
1511,1234,1
1511,1310,1
1512,68,1
1512,710,1
1512,1966,1
1513,413,1
1513,1806,1
1513,1840,1
1514,404,1
1514,1854,1
1514,1978,1
1515,94,1
1515,333,1
1515,1978,1
1516,151,1
1516,1280,1
1516,1839,1
1517,874,1
1517,1134,1
1517,1228,1
1518,221,1
1518,869,1
1518,1633,1
1519,550,1
1519,967,1
1519,1718,1
1520,980,1
1520,1599,1
1520,1659,1
1521,276,1
1521,1413,1
1521,1425,1
1522,157,1
1522,1953,1
1522,1991,1
1523,892,1
1523,1853,1
1523,1879,1
1524,399,1
1524,1025,1
1524,1055,1
1525,234,1
1525,1125,1
1525,1801,1
1526,837,1
1526,1161,1
1526,1941,1
1527,1416,1
1527,1540,1
1527,1935,1
1528,1471,1
1528,1809,1
1528,1998,1
1529,298,1
1529,840,1
1529,1321,1
1530,1334,1
1530,1454,1
1530,1643,1
1531,1014,1
1531,1883,1
1531,1897,1
1532,665,1
1532,1660,1
1532,1709,1
1533,245,1
1533,1236,1
1533,1594,1
1534,10,1
1534,120,1
1534,1446,1
1535,1889,1
1535,1971,1
1535,1988,1
1536,1545,1
1536,1560,1
1536,1940,1
1537,896,1
1537,1339,1
1537,1557,1
1538,1265,1
1538,1447,1
1538,1673,1
1539,26,1
1539,1797,1
1539,1931,1
1540,816,1
1540,1196,1
1540,1527,1
1541,721,1
1541,1372,1
1541,1625,1
1542,1695,1
1542,1773,1
1542,1997,1
1543,1506,1
1543,1760,1
1543,1775,1
1544,762,1
1544,1920,1
1544,1931,1
1545,1232,1
1545,1536,1
1545,1940,1
1546,417,1
1546,823,1
1546,1432,1
1547,803,1
1547,1386,1
1547,1868,1
1548,42,1
1548,99,1
1548,761,1
1549,1551,1
1549,1928,1
1549,1985,1
1550,1182,1
1550,1637,1
1550,1825,1
1551,1549,1
1551,1778,1
1551,1794,1
1552,244,1
1552,908,1
1552,1329,1
1553,882,1
1553,931,1
1553,1629,1
1554,174,1
1554,1489,1
1554,1764,1
1555,1205,1
1555,1348,1
1555,1760,1
1556,903,1
1556,1377,1
1556,1635,1
1557,1103,1
1557,1537,1
1557,1624,1
1558,685,1
1558,1419,1
1558,1559,1
1559,1031,1
1559,1558,1
1559,1969,1
1560,1536,1
1560,1908,1
1560,1910,1
1561,626,1
1561,1361,1
1561,1566,1
1562,286,1
1562,736,1
1562,1882,1
1563,129,1
1563,197,1
1563,1817,1
1564,110,1
1564,661,1
1564,1639,1
1565,495,1
1565,1816,1
1565,1935,1
1566,531,1
1566,1425,1
1566,1561,1
1567,122,1
1567,1259,1
1567,1396,1
1568,546,1
1568,907,1
1568,1395,1
1569,1034,1
1569,1834,1
1569,1978,1
1570,423,1
1570,1433,1
1570,1846,1
1571,1082,1
1571,1605,1
1571,1799,1
1572,810,1
1572,1804,1
1572,1962,1
1573,232,1
1573,1392,1
1573,1631,1
1574,1374,1
1574,1458,1
1574,1918,1
1575,534,1
1575,1047,1
1575,1930,1
1576,988,1
1576,1600,1
1576,1718,1
1577,589,1
1577,1183,1
1577,1783,1
1578,1032,1
1578,1130,1
1578,1888,1
1579,364,1
1579,868,1
1579,1686,1
1580,1263,1
1580,1662,1
1580,1809,1
1581,1439,1
1581,1967,1
1581,1983,1
1582,646,1
1582,989,1
1582,1851,1
1583,112,1
1583,380,1
1583,645,1
1584,267,1
1584,357,1
1584,1225,1
1585,1226,1
1585,1282,1
1585,1492,1
1586,439,1
1586,1422,1
1586,1496,1
1587,641,1
1587,978,1
1587,1871,1
1588,1319,1
1588,1939,1
1588,1959,1
1589,471,1
1589,1378,1
1589,1763,1
1590,585,1
1590,669,1
1590,1323,1
1591,993,1
1591,1849,1
1591,1912,1
1592,4,1
1592,1762,1
1592,1911,1
1593,1763,1
1593,1923,1
1593,1985,1
1594,580,1
1594,1533,1
1594,1924,1
1595,90,1
1595,707,1
1595,1938,1
1596,33,1
1596,578,1
1596,1974,1
1597,541,1
1597,1800,1
1597,1994,1
1598,730,1
1598,1420,1
1598,1770,1
1599,850,1
1599,964,1
1599,1520,1
1600,510,1
1600,698,1
1600,1576,1
1601,128,1
1601,554,1
1601,832,1
1602,943,1
1602,1673,1
1602,1955,1
1603,492,1
1603,624,1
1603,871,1
1604,530,1
1604,616,1
1604,1989,1
1605,179,1
1605,476,1
1605,1571,1
1606,291,1
1606,1961,1
1606,1987,1
1607,800,1
1607,1331,1
1607,1438,1
1608,331,1
1608,1707,1
1608,1930,1
1609,673,1
1609,704,1
1609,1958,1
1610,44,1
1610,312,1
1610,1150,1
1611,591,1
1611,1613,1
1611,1725,1
1612,529,1
1612,1274,1
1612,1801,1
1613,770,1
1613,1611,1
1613,1972,1
1614,427,1
1614,520,1
1614,1981,1
1615,468,1
1615,773,1
1615,867,1
1616,253,1
1616,588,1
1616,617,1
1617,359,1
1617,1427,1
1617,1858,1
1618,887,1
1618,1497,1
1618,1997,1
1619,168,1
1619,215,1
1619,1681,1
1620,755,1
1620,1630,1
1620,1916,1
1621,992,1
1621,1076,1
1621,1879,1
1622,621,1
1622,946,1
1622,1738,1
1623,250,1
1623,1864,1
1623,1953,1
1624,1306,1
1624,1557,1
1624,1649,1
1625,195,1
1625,320,1
1625,1541,1
1626,606,1
1626,852,1
1626,1629,1
1627,1819,1
1627,1846,1
1627,1857,1
1628,851,1
1628,1111,1
1628,1960,1
1629,485,1
1629,1553,1
1629,1626,1
1630,1620,1
1630,1858,1
1630,1982,1
1631,181,1
1631,1573,1
1631,1635,1
1632,596,1
1632,1646,1
1632,1957,1
1633,527,1
1633,1483,1
1633,1518,1
1634,933,1
1634,1286,1
1634,1681,1
1635,1556,1
1635,1631,1
1635,1891,1
1636,911,1
1636,1090,1
1636,1919,1
1637,535,1
1637,1550,1
1637,1638,1
1638,1637,1
1638,1689,1
1638,1724,1
1639,1564,1
1639,1706,1
1639,1986,1
1640,839,1
1640,1956,1
1640,1989,1
1641,89,1
1641,1360,1
1641,1996,1
1642,1256,1
1642,1645,1
1642,1984,1
1643,177,1
1643,1530,1
1643,1942,1
1644,109,1
1644,1933,1
1644,1942,1
1645,1267,1
1645,1474,1
1645,1642,1
1646,508,1
1646,1632,1
1646,1957,1
1647,505,1
1647,1281,1
1647,1928,1
1648,199,1
1648,1087,1
1648,1942,1
1649,357,1
1649,1371,1
1649,1624,1
1650,34,1
1650,236,1
1650,1042,1
1651,690,1
1651,901,1
1651,1110,1
1652,351,1
1652,687,1
1652,1326,1
1653,902,1
1653,1400,1
1653,1970,1
1654,270,1
1654,1767,1
1654,1808,1
1655,699,1
1655,1731,1
1655,1880,1
1656,1000,1
1656,1328,1
1656,1828,1
1657,412,1
1657,1417,1
1657,1784,1
1658,400,1
1658,1494,1
1658,1685,1
1659,204,1
1659,1520,1
1659,1873,1
1660,856,1
1660,1163,1
1660,1532,1
1661,817,1
1661,1383,1
1661,1968,1
1662,1024,1
1662,1065,1
1662,1580,1
1663,1051,1
1663,1383,1
1663,1389,1
1664,719,1
1664,742,1
1664,1826,1
1665,522,1
1665,1508,1
1665,1905,1
1666,1259,1
1666,1923,1
1666,1970,1
1667,105,1
1667,1911,1
1667,1948,1
1668,883,1
1668,1760,1
1668,1980,1
1669,118,1
1669,1859,1
1669,1965,1
1670,332,1
1670,818,1
1670,1373,1
1671,1132,1
1671,1672,1
1671,1674,1
1672,207,1
1672,1671,1
1672,1912,1
1673,1265,1
1673,1538,1
1673,1602,1
1674,1339,1
1674,1671,1
1674,1926,1
1675,525,1
1675,1488,1
1675,1813,1
1676,781,1
1676,1179,1
1676,1982,1
1677,573,1
1677,1855,1
1677,1877,1
1678,952,1
1678,1124,1
1678,1812,1
1679,310,1
1679,1163,1
1679,1833,1
1680,628,1
1680,789,1
1680,1776,1
1681,1435,1
1681,1619,1
1681,1634,1
1682,1399,1
1682,1683,1
1682,1974,1
1683,1682,1
1683,1759,1
1683,1969,1
1684,479,1
1684,1357,1
1684,1740,1
1685,1287,1
1685,1658,1
1685,1743,1
1686,1290,1
1686,1455,1
1686,1579,1
1687,524,1
1687,535,1
1687,1092,1
1688,142,1
1688,1736,1
1688,1942,1
1689,1015,1
1689,1258,1
1689,1638,1
1690,473,1
1690,1470,1
1690,1693,1
1691,127,1
1691,294,1
1691,908,1
1692,1112,1
1692,1748,1
1692,1843,1
1693,642,1
1693,1690,1
1693,1941,1
1694,1787,1
1694,1864,1
1694,1914,1
1695,1221,1
1695,1542,1
1695,1745,1
1696,1331,1
1696,1697,1
1696,1951,1
1697,221,1
1697,1316,1
1697,1696,1
1698,348,1
1698,1244,1
1698,1952,1
1699,156,1
1699,1437,1
1699,1955,1
1700,372,1
1700,566,1
1700,1703,1
1701,352,1
1701,531,1
1701,1284,1
1702,50,1
1702,327,1
1702,2000,1
1703,200,1
1703,1490,1
1703,1700,1
1703,1753,1
1704,919,1
1704,1705,1
1704,1971,1
1704,1986,1
1705,1313,1
1705,1475,1
1705,1704,1
1705,1765,1
1706,299,1
1706,1639,1
1706,1949,1
1706,1999,1
1707,489,1
1707,534,1
1707,620,1
1707,1608,1
1708,197,1
1708,239,1
1708,592,1
1708,1985,1
1709,572,1
1709,1318,1
1709,1532,1
1709,1963,1
1710,167,1
1710,1112,1
1710,1712,1
1710,1983,1
1711,604,1
1711,1720,1
1711,1873,1
1711,1960,1
1712,211,1
1712,440,1
1712,1710,1
1712,1870,1
1713,440,1
1713,567,1
1713,1862,1
1713,1952,1
1714,347,1
1714,382,1
1714,1219,1
1714,1358,1
1715,217,1
1715,615,1
1715,1861,1
1715,1948,1
1716,55,1
1716,832,1
1716,1342,1
1716,1949,1
1717,608,1
1717,686,1
1717,969,1
1717,1718,1
1718,1519,1
1718,1576,1
1718,1717,1
1718,1995,1
1719,889,1
1719,950,1
1719,1464,1
1719,1964,1
1720,338,1
1720,532,1
1720,1711,1
1720,1885,1
1721,561,1
1721,1722,1
1721,1934,1
1721,1981,1
1722,238,1
1722,295,1
1722,375,1
1722,1721,1
1723,1005,1
1723,1059,1
1723,1332,1
1723,1876,1
1724,750,1
1724,866,1
1724,1638,1
1724,1734,1
1725,809,1
1725,926,1
1725,1317,1
1725,1611,1
1726,54,1
1726,452,1
1726,1759,1
1726,1969,1
1727,1729,1
1727,1904,1
1727,1967,1
1727,1977,1
1728,165,1
1728,688,1
1728,766,1
1728,1998,1
1729,200,1
1729,581,1
1729,1727,1
1729,1963,1
1730,1117,1
1730,1379,1
1730,1748,1
1730,1831,1
1731,135,1
1731,431,1
1731,1655,1
1731,1988,1
1732,32,1
1732,1081,1
1732,1467,1
1732,1480,1
1733,558,1
1733,653,1
1733,1734,1
1733,1867,1
1734,321,1
1734,1724,1
1734,1733,1
1734,1934,1
1735,1175,1
1735,1963,1
1735,1966,1
1735,1991,1
1736,1030,1
1736,1203,1
1736,1688,1
1736,1874,1
1737,223,1
1737,257,1
1737,692,1
1737,1980,1
1738,843,1
1738,1444,1
1738,1622,1
1738,1890,1
1739,1398,1
1739,1453,1
1739,1740,1
1739,1992,1
1740,1483,1
1740,1684,1
1740,1739,1
1740,1751,1
1741,114,1
1741,1298,1
1741,1742,1
1741,1999,1
1742,879,1
1742,1234,1
1742,1741,1
1742,1978,1
1743,157,1
1743,235,1
1743,1685,1
1743,1945,1
1744,384,1
1744,916,1
1744,1126,1
1744,1954,1
1745,1502,1
1745,1695,1
1745,1818,1
1745,1997,1
1746,61,1
1746,148,1
1746,1340,1
1746,1473,1
1747,664,1
1747,716,1
1747,774,1
1747,1479,1
1748,362,1
1748,1692,1
1748,1730,1
1748,1822,1
1749,399,1
1749,1207,1
1749,1893,1
1749,1975,1
1750,105,1
1750,153,1
1750,1493,1
1750,1953,1
1751,219,1
1751,1129,1
1751,1740,1
1751,1866,1
1752,760,1
1752,924,1
1752,1770,1
1752,1945,1
1753,364,1
1753,800,1
1753,848,1
1753,1703,1
1754,119,1
1754,640,1
1754,1176,1
1754,1999,1
1755,116,1
1755,301,1
1755,496,1
1755,1901,1
1756,1098,1
1756,1170,1
1756,1886,1
1756,1922,1
1757,66,1
1757,977,1
1757,1184,1
1757,1397,1
1758,20,1
1758,1021,1
1758,1035,1
1758,1946,1
1759,23,1
1759,1164,1
1759,1683,1
1759,1726,1
1760,507,1
1760,1543,1
1760,1555,1
1760,1668,1
1761,775,1
1761,1058,1
1761,1115,1
1761,1987,1
1762,1022,1
1762,1388,1
1762,1413,1
1762,1592,1
1763,1589,1
1763,1593,1
1763,1966,1
1763,1991,1
1764,739,1
1764,1554,1
1764,1765,1
1764,1967,1
1765,1140,1
1765,1705,1
1765,1764,1
1765,1821,1
1766,537,1
1766,790,1
1766,1343,1
1766,1908,1
1767,726,1
1767,1180,1
1767,1654,1
1767,1903,1
1768,309,1
1768,1147,1
1768,1359,1
1768,1935,1
1769,303,1
1769,725,1
1769,1847,1
1769,1978,1
1770,1080,1
1770,1402,1
1770,1598,1
1770,1752,1
1771,1168,1
1771,1256,1
1771,1780,1
1771,1896,1
1772,1188,1
1772,1345,1
1772,1509,1
1772,1995,1
1773,792,1
1773,967,1
1773,1269,1
1773,1542,1
1774,459,1
1774,944,1
1774,1336,1
1774,1776,1
1775,1463,1
1775,1543,1
1775,1854,1
1775,1951,1
1776,1680,1
1776,1774,1
1776,1952,1
1776,1984,1
1777,344,1
1777,1434,1
1777,1778,1
1777,1945,1
1778,51,1
1778,1551,1
1778,1777,1
1778,1794,1
1779,754,1
1779,1886,1
1779,1907,1
1779,1980,1
1780,557,1
1780,1377,1
1780,1771,1
1780,1977,1
1781,263,1
1781,761,1
1781,1123,1
1781,1930,1
1782,56,1
1782,522,1
1782,537,1
1782,1908,1
1783,740,1
1783,1141,1
1783,1250,1
1783,1577,1
1784,437,1
1784,665,1
1784,1657,1
1784,2000,1
1785,1135,1
1785,1837,1
1785,1971,1
1785,1999,1
1786,749,1
1786,797,1
1786,1007,1
1786,1996,1
1787,681,1
1787,849,1
1787,1694,1
1787,1914,1
1788,170,1
1788,1347,1
1788,1789,1
1788,1839,1
1789,802,1
1789,1240,1
1789,1788,1
1789,1995,1
1790,460,1
1790,649,1
1790,1078,1
1790,1996,1
1791,179,1
1791,954,1
1791,991,1
1791,1347,1
1792,201,1
1792,254,1
1792,696,1
1792,1921,1
1793,256,1
1793,1844,1
1793,1850,1
1793,1959,1
1794,1492,1
1794,1551,1
1794,1778,1
1794,1854,1
1795,499,1
1795,584,1
1795,1976,1
1795,1990,1
1796,415,1
1796,1273,1
1796,1481,1
1796,1956,1
1797,183,1
1797,638,1
1797,1539,1
1797,1980,1
1798,328,1
1798,498,1
1798,895,1
1798,1451,1
1799,350,1
1799,1082,1
1799,1571,1
1799,1869,1
1800,251,1
1800,1262,1
1800,1597,1
1800,1955,1
1801,961,1
1801,1525,1
1801,1612,1
1801,1816,1
1802,899,1
1802,952,1
1802,1803,1
1802,1993,1
1803,1251,1
1803,1418,1
1803,1802,1
1803,1891,1
1804,690,1
1804,1146,1
1804,1572,1
1804,1807,1
1805,998,1
1805,1133,1
1805,1914,1
1805,1986,1
1806,27,1
1806,491,1
1806,1382,1
1806,1513,1
1807,275,1
1807,1804,1
1807,1863,1
1807,1911,1
1808,497,1
1808,599,1
1808,1034,1
1808,1654,1
1809,1231,1
1809,1528,1
1809,1580,1
1809,1811,1
1810,441,1
1810,1387,1
1810,1912,1
1810,1987,1
1811,786,1
1811,983,1
1811,1809,1
1811,1998,1
1812,976,1
1812,1678,1
1812,1850,1
1812,1988,1
1813,1675,1
1813,1961,1
1813,1981,1
1813,1987,1
1814,415,1
1814,523,1
1814,1937,1
1814,1994,1
1815,139,1
1815,767,1
1815,1407,1
1815,1990,1
1816,651,1
1816,1018,1
1816,1565,1
1816,1801,1
1817,191,1
1817,1004,1
1817,1296,1
1817,1563,1
1818,1404,1
1818,1745,1
1818,1990,1
1818,1993,1
1819,47,1
1819,378,1
1819,681,1
1819,1627,1
1820,1821,1
1820,1867,1
1820,1915,1
1820,1926,1
1821,313,1
1821,1765,1
1821,1820,1
1821,1859,1
1822,549,1
1822,891,1
1822,1748,1
1822,1823,1
1823,120,1
1823,558,1
1823,653,1
1823,1822,1
1824,1436,1
1824,1825,1
1824,1972,1
1824,1992,1
1825,482,1
1825,1223,1
1825,1550,1
1825,1824,1
1826,70,1
1826,492,1
1826,1664,1
1826,1827,1
1827,456,1
1827,1184,1
1827,1337,1
1827,1826,1
1828,928,1
1828,1231,1
1828,1656,1
1828,1829,1
1829,280,1
1829,366,1
1829,975,1
1829,1828,1
1830,51,1
1830,404,1
1830,801,1
1830,1832,1
1831,549,1
1831,1210,1
1831,1730,1
1831,1952,1
1832,96,1
1832,176,1
1832,966,1
1832,1830,1
1833,1020,1
1833,1043,1
1833,1679,1
1833,1847,1
1834,612,1
1834,1447,1
1834,1569,1
1834,1981,1
1835,658,1
1835,922,1
1835,982,1
1835,1936,1
1836,478,1
1836,512,1
1836,799,1
1836,1461,1
1837,483,1
1837,652,1
1837,1200,1
1837,1785,1
1838,68,1
1838,951,1
1838,1839,1
1838,1912,1
1839,99,1
1839,1201,1
1839,1516,1
1839,1788,1
1839,1838,1
1840,785,1
1840,1172,1
1840,1513,1
1840,1841,1
1840,1895,1
1841,314,1
1841,366,1
1841,520,1
1841,1840,1
1841,1981,1
1842,695,1
1842,1843,1
1842,1913,1
1842,1929,1
1842,1944,1
1843,574,1
1843,1474,1
1843,1692,1
1843,1842,1
1843,1895,1
1844,1173,1
1844,1793,1
1844,1850,1
1844,1880,1
1844,1963,1
1845,214,1
1845,338,1
1845,1309,1
1845,1406,1
1845,1998,1
1846,320,1
1846,813,1
1846,1570,1
1846,1627,1
1846,1993,1
1847,303,1
1847,857,1
1847,1769,1
1847,1833,1
1847,1972,1
1848,625,1
1848,672,1
1848,1291,1
1848,1418,1
1848,1459,1
1849,1133,1
1849,1420,1
1849,1478,1
1849,1591,1
1849,1864,1
1850,1305,1
1850,1486,1
1850,1793,1
1850,1812,1
1850,1844,1
1851,684,1
1851,1033,1
1851,1366,1
1851,1485,1
1851,1582,1
1852,25,1
1852,782,1
1852,965,1
1852,1369,1
1852,1853,1
1853,1345,1
1853,1523,1
1853,1852,1
1853,1917,1
1853,1964,1
1854,1120,1
1854,1333,1
1854,1514,1
1854,1775,1
1854,1794,1
1855,209,1
1855,705,1
1855,1677,1
1855,1915,1
1855,1943,1
1856,304,1
1856,377,1
1856,675,1
1856,1061,1
1856,1857,1
1857,480,1
1857,1155,1
1857,1433,1
1857,1627,1
1857,1856,1
1858,261,1
1858,1617,1
1858,1630,1
1858,1859,1
1858,1916,1
1859,484,1
1859,1669,1
1859,1821,1
1859,1858,1
1859,1994,1
1860,751,1
1860,836,1
1860,1861,1
1860,1904,1
1860,1977,1
1861,691,1
1861,1412,1
1861,1715,1
1861,1860,1
1861,1863,1
1862,1400,1
1862,1466,1
1862,1713,1
1862,1863,1
1862,1997,1
1863,481,1
1863,1807,1
1863,1861,1
1863,1862,1
1863,1950,1
1864,416,1
1864,1299,1
1864,1623,1
1864,1694,1
1864,1849,1
1865,382,1
1865,771,1
1865,859,1
1865,1222,1
1865,1261,1
1866,216,1
1866,252,1
1866,584,1
1866,957,1
1866,1751,1
1867,1306,1
1867,1387,1
1867,1733,1
1867,1820,1
1867,1877,1
1868,856,1
1868,1275,1
1868,1547,1
1868,1913,1
1868,1956,1
1869,28,1
1869,277,1
1869,938,1
1869,954,1
1869,1799,1
1870,167,1
1870,1238,1
1870,1409,1
1870,1424,1
1870,1712,1
1871,131,1
1871,754,1
1871,1587,1
1871,1922,1
1871,1980,1
1872,341,1
1872,513,1
1872,1873,1
1872,1920,1
1872,2000,1
1873,158,1
1873,1451,1
1873,1659,1
1873,1711,1
1873,1872,1
1874,109,1
1874,589,1
1874,776,1
1874,796,1
1874,1736,1
1875,271,1
1875,536,1
1875,664,1
1875,1961,1
1875,1987,1
1876,67,1
1876,560,1
1876,597,1
1876,1723,1
1876,1962,1
1877,449,1
1877,758,1
1877,1677,1
1877,1867,1
1877,1885,1
1878,514,1
1878,579,1
1878,715,1
1878,1212,1
1878,1956,1
1879,305,1
1879,432,1
1879,890,1
1879,1523,1
1879,1621,1
1880,396,1
1880,591,1
1880,1023,1
1880,1655,1
1880,1844,1
1881,79,1
1881,1036,1
1881,1392,1
1881,1882,1
1881,1932,1
1882,501,1
1882,597,1
1882,1413,1
1882,1562,1
1882,1881,1
1883,96,1
1883,208,1
1883,509,1
1883,699,1
1883,1531,1
1884,790,1
1884,1372,1
1884,1452,1
1884,1899,1
1884,1940,1
1885,158,1
1885,483,1
1885,1720,1
1885,1877,1
1885,1975,1
1886,306,1
1886,425,1
1886,1195,1
1886,1756,1
1886,1779,1
1887,467,1
1887,602,1
1887,769,1
1887,802,1
1887,1122,1
1888,1001,1
1888,1468,1
1888,1578,1
1888,1903,1
1888,1966,1
1889,172,1
1889,1264,1
1889,1535,1
1889,1890,1
1889,1986,1
1890,515,1
1890,621,1
1890,865,1
1890,1738,1
1890,1889,1
1891,445,1
1891,1173,1
1891,1279,1
1891,1635,1
1891,1803,1
1892,22,1
1892,1215,1
1892,1921,1
1892,1973,1
1892,1994,1
1893,87,1
1893,149,1
1893,793,1
1893,941,1
1893,1749,1
1894,300,1
1894,647,1
1894,748,1
1894,1131,1
1894,1921,1
1895,574,1
1895,724,1
1895,1840,1
1895,1843,1
1895,1896,1
1896,28,1
1896,80,1
1896,1336,1
1896,1771,1
1896,1895,1
1897,113,1
1897,249,1
1897,302,1
1897,1099,1
1897,1531,1
1898,85,1
1898,517,1
1898,829,1
1898,1029,1
1898,1920,1
1899,834,1
1899,1135,1
1899,1488,1
1899,1884,1
1899,1900,1
1900,13,1
1900,111,1
1900,1322,1
1900,1899,1
1900,1953,1
1901,116,1
1901,564,1
1901,1167,1
1901,1755,1
1901,1902,1
1902,420,1
1902,600,1
1902,826,1
1902,1149,1
1902,1901,1
1903,122,1
1903,636,1
1903,888,1
1903,1767,1
1903,1888,1
1904,360,1
1904,463,1
1904,1121,1
1904,1727,1
1904,1860,1
1905,782,1
1905,1180,1
1905,1369,1
1905,1665,1
1905,1908,1
1906,1149,1
1906,1253,1
1906,1362,1
1906,1445,1
1906,1965,1
1907,282,1
1907,401,1
1907,655,1
1907,1056,1
1907,1779,1
1908,25,1
1908,1560,1
1908,1766,1
1908,1782,1
1908,1905,1
1908,1979,1
1909,394,1
1909,789,1
1909,1359,1
1909,1910,1
1909,1983,1
1909,1984,1
1910,49,1
1910,443,1
1910,1176,1
1910,1369,1
1910,1560,1
1910,1909,1
1911,913,1
1911,1216,1
1911,1592,1
1911,1667,1
1911,1807,1
1911,1950,1
1912,38,1
1912,644,1
1912,1591,1
1912,1672,1
1912,1810,1
1912,1838,1
1913,1153,1
1913,1230,1
1913,1254,1
1913,1842,1
1913,1868,1
1913,1975,1
1914,43,1
1914,272,1
1914,838,1
1914,1694,1
1914,1787,1
1914,1805,1
1915,267,1
1915,519,1
1915,1089,1
1915,1820,1
1915,1855,1
1915,1974,1
1916,126,1
1916,261,1
1916,1620,1
1916,1858,1
1916,1917,1
1916,1982,1
1917,74,1
1917,228,1
1917,340,1
1917,553,1
1917,1853,1
1917,1916,1
1918,52,1
1918,1239,1
1918,1574,1
1918,1972,1
1918,1974,1
1918,1992,1
1919,53,1
1919,121,1
1919,264,1
1919,1426,1
1919,1636,1
1919,1996,1
1920,545,1
1920,657,1
1920,1544,1
1920,1872,1
1920,1898,1
1920,1982,1
1921,808,1
1921,1054,1
1921,1228,1
1921,1792,1
1921,1892,1
1921,1894,1
1922,934,1
1922,1253,1
1922,1376,1
1922,1756,1
1922,1871,1
1922,1949,1
1923,613,1
1923,1593,1
1923,1666,1
1923,1924,1
1923,1928,1
1923,1985,1
1924,1397,1
1924,1430,1
1924,1594,1
1924,1923,1
1924,1955,1
1924,1979,1
1925,863,1
1925,939,1
1925,943,1
1925,1224,1
1925,1397,1
1925,1929,1
1926,758,1
1926,1096,1
1926,1394,1
1926,1674,1
1926,1820,1
1926,1927,1
1927,7,1
1927,593,1
1927,841,1
1927,1218,1
1927,1926,1
1927,1968,1
1928,77,1
1928,577,1
1928,746,1
1928,1549,1
1928,1647,1
1928,1923,1
1929,146,1
1929,230,1
1929,329,1
1929,1842,1
1929,1925,1
1929,1992,1
1930,894,1
1930,1575,1
1930,1608,1
1930,1781,1
1930,1933,1
1930,1947,1
1931,23,1
1931,948,1
1931,1057,1
1931,1243,1
1931,1539,1
1931,1544,1
1931,2000,1
1932,324,1
1932,345,1
1932,893,1
1932,936,1
1932,1881,1
1932,1947,1
1932,1982,1
1933,130,1
1933,351,1
1933,407,1
1933,729,1
1933,1498,1
1933,1644,1
1933,1930,1
1934,714,1
1934,788,1
1934,1261,1
1934,1351,1
1934,1721,1
1934,1734,1
1934,1935,1
1935,1320,1
1935,1416,1
1935,1527,1
1935,1565,1
1935,1768,1
1935,1934,1
1935,1983,1
1936,59,1
1936,213,1
1936,1289,1
1936,1292,1
1936,1835,1
1936,1938,1
1936,1939,1
1937,124,1
1937,548,1
1937,672,1
1937,926,1
1937,1005,1
1937,1496,1
1937,1814,1
1938,62,1
1938,346,1
1938,1071,1
1938,1357,1
1938,1595,1
1938,1936,1
1938,1939,1
1939,405,1
1939,454,1
1939,1250,1
1939,1588,1
1939,1936,1
1939,1938,1
1939,1995,1
1940,287,1
1940,443,1
1940,1119,1
1940,1536,1
1940,1545,1
1940,1884,1
1940,1944,1
1941,192,1
1941,271,1
1941,847,1
1941,886,1
1941,1277,1
1941,1526,1
1941,1693,1
1942,98,1
1942,292,1
1942,1302,1
1942,1643,1
1942,1644,1
1942,1648,1
1942,1688,1
1943,490,1
1943,506,1
1943,629,1
1943,744,1
1943,1855,1
1943,1944,1
1943,1987,1
1944,240,1
1944,955,1
1944,1154,1
1944,1355,1
1944,1842,1
1944,1940,1
1944,1943,1
1945,400,1
1945,543,1
1945,585,1
1945,1401,1
1945,1743,1
1945,1752,1
1945,1777,1
1946,65,1
1946,376,1
1946,712,1
1946,818,1
1946,910,1
1946,1451,1
1946,1758,1
1947,232,1
1947,598,1
1947,748,1
1947,1137,1
1947,1453,1
1947,1930,1
1947,1932,1
1948,186,1
1948,330,1
1948,477,1
1948,765,1
1948,1272,1
1948,1667,1
1948,1715,1
1949,142,1
1949,731,1
1949,924,1
1949,1706,1
1949,1716,1
1949,1922,1
1949,1986,1
1950,183,1
1950,1016,1
1950,1226,1
1950,1476,1
1950,1497,1
1950,1863,1
1950,1911,1
1951,837,1
1951,932,1
1951,1463,1
1951,1506,1
1951,1696,1
1951,1775,1
1951,1953,1
1952,451,1
1952,798,1
1952,1698,1
1952,1713,1
1952,1776,1
1952,1831,1
1952,1983,1
1953,273,1
1953,385,1
1953,1522,1
1953,1623,1
1953,1750,1
1953,1900,1
1953,1951,1
1954,189,1
1954,242,1
1954,560,1
1954,1465,1
1954,1744,1
1954,1958,1
1954,1962,1
1955,225,1
1955,668,1
1955,1602,1
1955,1699,1
1955,1800,1
1955,1924,1
1955,1994,1
1956,514,1
1956,1428,1
1956,1640,1
1956,1796,1
1956,1868,1
1956,1878,1
1956,1957,1
1957,316,1
1957,677,1
1957,1230,1
1957,1325,1
1957,1632,1
1957,1646,1
1957,1956,1
1958,171,1
1958,408,1
1958,504,1
1958,914,1
1958,994,1
1958,1494,1
1958,1609,1
1958,1954,1
1959,58,1
1959,184,1
1959,274,1
1959,734,1
1959,1371,1
1959,1375,1
1959,1588,1
1959,1793,1
1960,248,1
1960,544,1
1960,619,1
1960,851,1
1960,1091,1
1960,1628,1
1960,1711,1
1960,1961,1
1961,490,1
1961,723,1
1961,835,1
1961,1235,1
1961,1606,1
1961,1813,1
1961,1875,1
1961,1960,1
1962,213,1
1962,242,1
1962,441,1
1962,583,1
1962,601,1
1962,1572,1
1962,1876,1
1962,1954,1
1963,667,1
1963,897,1
1963,1006,1
1963,1442,1
1963,1709,1
1963,1729,1
1963,1735,1
1963,1844,1
1964,101,1
1964,187,1
1964,487,1
1964,1363,1
1964,1441,1
1964,1464,1
1964,1719,1
1964,1853,1
1965,2,1
1965,48,1
1965,411,1
1965,438,1
1965,1171,1
1965,1432,1
1965,1669,1
1965,1906,1
1966,41,1
1966,614,1
1966,880,1
1966,1512,1
1966,1735,1
1966,1763,1
1966,1888,1
1966,1968,1
1967,1197,1
1967,1238,1
1967,1439,1
1967,1489,1
1967,1581,1
1967,1727,1
1967,1764,1
1967,1977,1
1968,380,1
1968,392,1
1968,593,1
1968,1389,1
1968,1661,1
1968,1927,1
1968,1966,1
1968,1970,1
1969,147,1
1969,193,1
1969,274,1
1969,564,1
1969,1559,1
1969,1683,1
1969,1726,1
1969,1995,1
1970,31,1
1970,211,1
1970,556,1
1970,804,1
1970,1409,1
1970,1653,1
1970,1666,1
1970,1968,1
1970,1997,1
1971,622,1
1971,1200,1
1971,1477,1
1971,1535,1
1971,1704,1
1971,1785,1
1971,1973,1
1971,1986,1
1971,1999,1
1972,545,1
1972,770,1
1972,1399,1
1972,1436,1
1972,1613,1
1972,1824,1
1972,1847,1
1972,1918,1
1972,1992,1
1973,2,1
1973,289,1
1973,547,1
1973,643,1
1973,1127,1
1973,1246,1
1973,1892,1
1973,1971,1
1973,1994,1
1974,82,1
1974,137,1
1974,198,1
1974,456,1
1974,1317,1
1974,1596,1
1974,1682,1
1974,1915,1
1974,1918,1
1975,143,1
1975,395,1
1975,762,1
1975,970,1
1975,1055,1
1975,1749,1
1975,1885,1
1975,1913,1
1975,1976,1
1976,139,1
1976,255,1
1976,602,1
1976,909,1
1976,1294,1
1976,1495,1
1976,1795,1
1976,1975,1
1976,1990,1
1977,282,1
1977,510,1
1977,1058,1
1977,1138,1
1977,1159,1
1977,1727,1
1977,1780,1
1977,1860,1
1977,1967,1
1978,371,1
1978,631,1
1978,635,1
1978,1144,1
1978,1514,1
1978,1515,1
1978,1569,1
1978,1742,1
1978,1769,1
1979,634,1
1979,679,1
1979,1086,1
1979,1185,1
1979,1430,1
1979,1440,1
1979,1908,1
1979,1924,1
1979,1981,1
1980,341,1
1980,779,1
1980,985,1
1980,1088,1
1980,1484,1
1980,1668,1
1980,1737,1
1980,1779,1
1980,1797,1
1980,1871,1
1981,1,1
1981,812,1
1981,915,1
1981,1107,1
1981,1614,1
1981,1721,1
1981,1813,1
1981,1834,1
1981,1841,1
1981,1979,1
1982,57,1
1982,126,1
1982,318,1
1982,363,1
1982,1510,1
1982,1630,1
1982,1676,1
1982,1916,1
1982,1920,1
1982,1932,1
1983,15,1
1983,339,1
1983,959,1
1983,1009,1
1983,1142,1
1983,1581,1
1983,1710,1
1983,1909,1
1983,1935,1
1983,1952,1
1984,309,1
1984,552,1
1984,706,1
1984,824,1
1984,846,1
1984,959,1
1984,1642,1
1984,1776,1
1984,1909,1
1984,1985,1
1985,16,1
1985,387,1
1985,937,1
1985,1053,1
1985,1174,1
1985,1549,1
1985,1593,1
1985,1708,1
1985,1923,1
1985,1984,1
1986,15,1
1986,175,1
1986,745,1
1986,1335,1
1986,1639,1
1986,1704,1
1986,1805,1
1986,1889,1
1986,1949,1
1986,1971,1
1987,163,1
1987,447,1
1987,744,1
1987,835,1
1987,1301,1
1987,1606,1
1987,1761,1
1987,1810,1
1987,1813,1
1987,1875,1
1987,1943,1
1988,107,1
1988,220,1
1988,389,1
1988,422,1
1988,640,1
1988,825,1
1988,905,1
1988,1535,1
1988,1731,1
1988,1812,1
1988,1999,1
1989,342,1
1989,511,1
1989,893,1
1989,1054,1
1989,1113,1
1989,1301,1
1989,1325,1
1989,1385,1
1989,1604,1
1989,1640,1
1989,1991,1
1990,365,1
1990,499,1
1990,767,1
1990,909,1
1990,1407,1
1990,1501,1
1990,1795,1
1990,1815,1
1990,1818,1
1990,1976,1
1990,1991,1
1991,93,1
1991,388,1
1991,656,1
1991,735,1
1991,1095,1
1991,1468,1
1991,1473,1
1991,1522,1
1991,1735,1
1991,1763,1
1991,1989,1
1991,1990,1
1992,361,1
1992,578,1
1992,772,1
1992,1162,1
1992,1398,1
1992,1399,1
1992,1458,1
1992,1739,1
1992,1824,1
1992,1918,1
1992,1929,1
1992,1972,1
1992,1993,1
1993,108,1
1993,374,1
1993,473,1
1993,556,1
1993,882,1
1993,1276,1
1993,1283,1
1993,1448,1
1993,1470,1
1993,1802,1
1993,1818,1
1993,1846,1
1993,1992,1
1993,1996,1
1994,155,1
1994,289,1
1994,397,1
1994,625,1
1994,861,1
1994,881,1
1994,1191,1
1994,1432,1
1994,1597,1
1994,1814,1
1994,1859,1
1994,1892,1
1994,1955,1
1994,1973,1
1995,71,1
1995,203,1
1995,205,1
1995,278,1
1995,377,1
1995,405,1
1995,571,1
1995,1141,1
1995,1269,1
1995,1375,1
1995,1718,1
1995,1772,1
1995,1789,1
1995,1939,1
1995,1969,1
1996,229,1
1996,649,1
1996,797,1
1996,819,1
1996,911,1
1996,1045,1
1996,1071,1
1996,1078,1
1996,1090,1
1996,1143,1
1996,1426,1
1996,1641,1
1996,1786,1
1996,1790,1
1996,1919,1
1996,1993,1
1997,308,1
1997,325,1
1997,543,1
1997,576,1
1997,671,1
1997,804,1
1997,1003,1
1997,1140,1
1997,1237,1
1997,1424,1
1997,1542,1
1997,1618,1
1997,1745,1
1997,1862,1
1997,1970,1
1997,1998,1
1997,1999,1
1998,8,1
1998,35,1
1998,40,1
1998,102,1
1998,930,1
1998,983,1
1998,1065,1
1998,1245,1
1998,1367,1
1998,1406,1
1998,1528,1
1998,1728,1
1998,1811,1
1998,1845,1
1998,1997,1
1998,1999,1
1998,2000,1
1999,92,1
1999,110,1
1999,119,1
1999,220,1
1999,299,1
1999,403,1
1999,918,1
1999,1298,1
1999,1706,1
1999,1741,1
1999,1754,1
1999,1785,1
1999,1971,1
1999,1988,1
1999,1997,1
1999,1998,1
1999,2000,1
2000,5,1
2000,60,1
2000,85,1
2000,98,1
2000,170,1
2000,272,1
2000,513,1
2000,634,1
2000,1008,1
2000,1165,1
2000,1243,1
2000,1504,1
2000,1702,1
2000,1784,1
2000,1872,1
2000,1931,1
2000,1998,1
2000,1999,1
1,66,2
1,145,2
2,34,2
2,155,2
3,76,2
3,325,2
4,5,2
4,24,2
5,4,2
5,98,2
6,1539,2
6,2000,2
7,91,2
7,112,2
8,1809,2
8,1998,2
9,285,2
9,306,2
10,14,2
10,190,2
11,228,2
11,234,2
12,116,2
12,147,2
13,44,2
13,123,2
14,10,2
14,236,2
15,16,2
15,69,2
16,15,2
16,1028,2
17,95,2
17,140,2
18,19,2
18,73,2
19,18,2
19,115,2
20,23,2
20,141,2
21,81,2
21,134,2
22,1814,2
22,1892,2
23,20,2
23,205,2
24,4,2
24,31,2
25,1852,2
25,1908,2
26,424,2
26,2000,2
27,39,2
27,1104,2
28,1336,2
28,1869,2
29,479,2
29,1403,2
30,75,2
30,161,2
31,24,2
31,1970,2
32,37,2
32,217,2
33,137,2
33,1596,2
34,2,2
34,257,2
35,40,2
35,1998,2
36,59,2
36,160,2
37,32,2
37,217,2
38,207,2
38,373,2
39,27,2
39,52,2
40,35,2
40,1998,2
41,42,2
41,150,2
42,41,2
42,80,2
43,45,2
43,104,2
44,13,2
44,111,2
45,43,2
45,580,2
46,79,2
46,263,2
47,129,2
47,1019,2
48,49,2
48,94,2
49,48,2
49,1910,2
50,60,2
50,2000,2
51,148,2
51,1778,2
52,39,2
52,61,2
53,387,2
53,1919,2
54,116,2
54,1726,2
55,239,2
55,492,2
56,782,2
56,834,2
57,261,2
57,1179,2
58,734,2
58,1959,2
59,36,2
59,189,2
60,50,2
60,2000,2
61,52,2
61,1746,2
62,67,2
62,122,2
63,1061,2
63,1526,2
64,100,2
64,180,2
65,1021,2
65,1946,2
66,1,2
66,185,2
67,62,2
67,204,2
68,1671,2
68,1838,2
69,15,2
69,70,2
70,69,2
70,613,2
71,73,2
71,450,2
72,120,2
72,226,2
73,18,2
73,71,2
74,80,2
74,101,2
75,30,2
75,161,2
76,3,2
76,211,2
77,554,2
77,1928,2
78,111,2
78,722,2
79,46,2
79,181,2
80,42,2
80,74,2
81,21,2
81,90,2
82,864,2
82,1974,2
83,184,2
83,1509,2
84,109,2
84,130,2
85,1217,2
85,2000,2
86,87,2
86,1393,2
87,86,2
87,373,2
88,306,2
88,420,2
89,94,2
89,138,2
90,81,2
90,858,2
91,7,2
91,817,2
92,107,2
92,110,2
93,250,2
93,312,2
94,48,2
94,89,2
95,17,2
95,159,2
96,97,2
96,132,2
97,96,2
97,153,2
98,5,2
98,1942,2
99,151,2
99,350,2
100,64,2
100,1220,2
101,74,2
101,103,2
102,766,2
102,1998,2
103,101,2
103,174,2
104,43,2
104,1428,2
105,106,2
105,1750,2
106,105,2
106,113,2
107,92,2
107,110,2
108,882,2
108,887,2
109,84,2
109,130,2
110,92,2
110,107,2
111,44,2
111,78,2
112,7,2
112,817,2
113,106,2
113,115,2
114,119,2
114,220,2
115,19,2
115,113,2
116,12,2
116,54,2
117,118,2
117,1211,2
118,117,2
118,340,2
119,114,2
119,220,2
120,72,2
120,357,2
121,1790,2
121,1996,2
122,62,2
122,1567,2
123,13,2
123,250,2
124,505,2
124,1937,2
125,1245,2
125,1998,2
126,1370,2
126,1916,2
127,128,2
127,178,2
128,127,2
128,167,2
129,47,2
129,320,2
130,84,2
130,109,2
131,132,2
132,96,2
132,131,2
133,176,2
133,329,2
134,21,2
134,221,2
135,256,2
135,595,2
136,495,2
136,1209,2
137,33,2
137,198,2
138,89,2
138,141,2
139,1795,2
139,1976,2
140,17,2
140,156,2
141,20,2
141,138,2
142,144,2
142,186,2
143,1414,2
143,1628,2
144,142,2
144,168,2
145,1,2
145,977,2
146,329,2
146,386,2
147,12,2
147,162,2
148,51,2
148,654,2
149,150,2
149,194,2
150,41,2
150,149,2
151,99,2
151,1516,2
152,246,2
152,393,2
153,97,2
153,165,2
154,211,2
154,436,2
155,2,2
155,222,2
156,140,2
156,224,2
157,356,2
157,1743,2
158,1111,2
158,1885,2
159,95,2
159,224,2
160,36,2
160,189,2
161,30,2
161,75,2
162,147,2
162,301,2
163,291,2
163,744,2
164,283,2
164,841,2
165,153,2
165,1998,2
166,167,2
166,280,2
167,128,2
167,166,2
168,144,2
168,169,2
169,168,2
169,230,2
170,623,2
170,2000,2
171,865,2
171,1609,2
172,174,2
172,1889,2
173,327,2
173,437,2
174,103,2
174,172,2
175,177,2
175,1986,2
176,133,2
176,337,2
177,175,2
177,432,2
178,127,2
178,182,2
179,1605,2
179,1774,2
180,64,2
180,198,2
181,79,2
181,345,2
182,178,2
182,480,2
183,187,2
183,1797,2
184,83,2
184,467,2
185,66,2
185,225,2
186,142,2
186,1948,2
187,183,2
187,245,2
188,235,2
188,902,2
189,59,2
189,160,2
190,10,2
190,191,2
191,190,2
191,287,2
192,194,2
192,1941,2
193,1164,2
193,1683,2
194,149,2
194,192,2
195,197,2
195,1182,2
196,611,2
196,849,2
197,195,2
197,423,2
198,137,2
198,180,2
199,351,2
199,407,2
200,256,2
200,1729,2
201,204,2
201,277,2
202,248,2
202,1422,2
203,405,2
203,1995,2
204,67,2
204,201,2
205,23,2
205,206,2
206,205,2
206,650,2
207,38,2
207,348,2
208,699,2
208,1883,2
209,210,2
209,444,2
210,209,2
210,993,2
211,76,2
211,154,2
212,248,2
212,326,2
213,242,2
213,260,2
214,215,2
214,1998,2
215,214,2
215,1989,2
216,971,2
216,1866,2
217,32,2
217,37,2
218,230,2
218,271,2
219,221,2
219,252,2
220,114,2
220,119,2
221,134,2
221,219,2
222,155,2
222,257,2
223,523,2
223,548,2
224,156,2
224,159,2
225,185,2
225,1003,2
226,72,2
226,353,2
227,315,2
227,460,2
228,11,2
228,234,2
229,1090,2
229,1996,2
230,169,2
230,218,2
231,285,2
231,368,2
232,1392,2
232,1573,2
233,243,2
233,253,2
234,11,2
234,228,2
235,188,2
235,247,2
236,14,2
236,1650,2
237,239,2
237,492,2
238,245,2
238,272,2
239,55,2
239,237,2
240,1405,2
240,1944,2
241,1367,2
241,1998,2
242,213,2
242,260,2
243,233,2
243,484,2
244,330,2
244,429,2
245,187,2
245,238,2
246,152,2
246,268,2
247,235,2
247,276,2
248,202,2
248,212,2
249,293,2
249,317,2
250,93,2
250,123,2
251,253,2
251,547,2
252,219,2
252,333,2
253,233,2
253,251,2
254,392,2
254,1792,2
255,1795,2
255,1815,2
256,135,2
256,200,2
257,34,2
257,222,2
258,298,2
258,1014,2
259,265,2
259,501,2
260,213,2
260,242,2
261,57,2
261,755,2
262,1995,2
262,1996,2
263,46,2
263,345,2
264,797,2
264,819,2
265,259,2
265,573,2
266,472,2
266,1875,2
267,353,2
267,558,2
268,246,2
268,810,2
269,910,2
269,1072,2
270,636,2
270,663,2
271,218,2
271,1875,2
272,238,2
272,274,2
273,1610,2
273,1953,2
274,272,2
274,822,2
275,277,2
275,354,2
276,247,2
276,352,2
277,201,2
277,275,2
278,280,2
278,589,2
279,298,2
279,396,2
280,166,2
280,278,2
281,350,2
281,419,2
282,1554,2
282,1907,2
283,164,2
283,287,2
284,384,2
284,486,2
285,9,2
285,231,2
286,337,2
286,839,2
287,191,2
287,283,2
288,290,2
288,362,2
289,313,2
289,411,2
290,288,2
290,319,2
291,163,2
291,744,2
292,1652,2
292,1942,2
293,249,2
293,1125,2
294,1073,2
294,1691,2
295,297,2
295,1722,2
296,418,2
296,966,2
297,295,2
297,1393,2
298,258,2
298,279,2
299,1706,2
299,1999,2
300,311,2
300,1894,2
301,162,2
301,1164,2
302,382,2
302,1897,2
303,1833,2
303,1847,2
304,1693,2
304,1856,2
305,400,2
305,461,2
306,9,2
306,88,2
307,1442,2
307,1703,2
308,563,2
308,1997,2
309,339,2
309,369,2
310,333,2
310,1679,2
311,300,2
311,384,2
312,93,2
312,385,2
313,289,2
313,411,2
314,319,2
314,466,2
315,227,2
315,330,2
316,831,2
316,1957,2
317,249,2
317,617,2
318,500,2
318,1982,2
319,290,2
319,314,2
320,129,2
320,480,2
321,366,2
321,372,2
322,323,2
322,509,2
323,322,2
323,828,2
324,410,2
324,1932,2
325,3,2
325,440,2
326,212,2
326,439,2
327,173,2
327,513,2
328,439,2
328,470,2
329,133,2
329,146,2
330,244,2
330,315,2
331,338,2
331,1608,2
332,535,2
332,626,2
333,252,2
333,310,2
334,512,2
334,606,2
335,1860,2
335,1967,2
336,1215,2
336,1293,2
337,176,2
337,286,2
338,331,2
338,1998,2
339,309,2
339,464,2
340,118,2
340,678,2
341,342,2
341,375,2
342,341,2
342,1989,2
343,347,2
343,661,2
344,1752,2
344,1777,2
345,181,2
345,263,2
346,371,2
346,379,2
347,343,2
347,433,2
348,207,2
348,1698,2
349,356,2
349,707,2
350,99,2
350,281,2
351,199,2
351,407,2
352,276,2
352,400,2
353,226,2
353,267,2
354,275,2
354,1026,2
355,385,2
355,594,2
356,157,2
356,349,2
357,120,2
357,449,2
358,1976,2
358,1990,2
359,363,2
359,1460,2
360,362,2
360,698,2
361,578,2
361,772,2
362,288,2
362,360,2
363,359,2
363,364,2
364,363,2
364,670,2
365,1815,2
365,1976,2
366,321,2
366,372,2
367,419,2
367,445,2
368,231,2
368,586,2
369,309,2
369,464,2
370,374,2
370,413,2
371,346,2
371,379,2
372,321,2
372,366,2
373,38,2
373,87,2
374,370,2
374,494,2
375,341,2
375,376,2
376,375,2
376,608,2
377,387,2
377,752,2
378,573,2
378,1173,2
379,346,2
379,371,2
380,446,2
380,1968,2
381,391,2
381,402,2
382,302,2
382,1714,2
383,422,2
383,1535,2
384,284,2
384,311,2
385,312,2
385,355,2
386,146,2
386,493,2
387,53,2
387,377,2
388,614,2
388,674,2
389,900,2
389,1988,2
390,1234,2
390,1403,2
391,381,2
391,402,2
392,254,2
392,394,2
393,152,2
393,615,2
394,392,2
394,451,2
395,1354,2
395,1975,2
396,279,2
396,528,2
397,409,2
397,720,2
398,421,2
398,682,2
399,434,2
399,458,2
400,305,2
400,352,2
401,655,2
401,1977,2
402,381,2
402,391,2
403,422,2
403,640,2
404,654,2
404,1830,2
405,203,2
405,1995,2
406,835,2
406,1987,2
407,199,2
407,351,2
408,448,2
408,515,2
409,397,2
409,666,2
410,324,2
410,1004,2
411,289,2
411,313,2
412,413,2
412,949,2
413,370,2
413,412,2
414,496,2
414,1969,2
415,418,2
415,1996,2
416,428,2
416,611,2
417,523,2
417,1546,2
418,296,2
418,415,2
419,281,2
419,367,2
420,88,2
420,586,2
421,398,2
421,428,2
422,383,2
422,403,2
423,197,2
423,432,2
424,26,2
424,2000,2
425,546,2
425,600,2
426,528,2
426,581,2
427,453,2
427,518,2
428,416,2
428,421,2
429,244,2
429,618,2
430,992,2
430,1116,2
431,1410,2
431,1731,2
432,177,2
432,423,2
433,347,2
433,435,2
434,399,2
434,458,2
435,433,2
435,478,2
436,154,2
436,440,2
437,173,2
437,513,2
438,441,2
438,516,2
439,326,2
439,328,2
440,325,2
440,436,2
441,438,2
441,1810,2
442,467,2
442,1083,2
443,1248,2
443,1910,2
444,209,2
444,447,2
445,367,2
445,462,2
446,380,2
446,1009,2
447,444,2
447,1058,2
448,408,2
448,1622,2
449,357,2
449,676,2
450,71,2
450,451,2
451,394,2
451,450,2
452,1167,2
452,1969,2
453,427,2
453,518,2
454,1588,2
454,1939,2
455,776,2
455,796,2
456,460,2
456,1827,2
457,1134,2
457,1455,2
458,399,2
458,434,2
459,462,2
459,476,2
460,227,2
460,456,2
461,305,2
461,531,2
462,445,2
462,459,2
463,465,2
463,1904,2
464,339,2
464,369,2
465,463,2
465,855,2
466,314,2
466,472,2
467,184,2
467,442,2
468,678,2
468,773,2
469,478,2
469,660,2
470,328,2
470,793,2
471,1156,2
471,1589,2
472,266,2
472,466,2
473,556,2
473,1690,2
474,493,2
474,512,2
475,710,2
475,753,2
476,459,2
476,607,2
477,618,2
477,1282,2
478,435,2
478,469,2
479,29,2
479,551,2
480,182,2
480,320,2
481,690,2
481,691,2
482,1598,2
482,1825,2
483,484,2
483,1885,2
484,243,2
484,483,2
485,556,2
485,567,2
486,284,2
486,533,2
487,1099,2
487,1148,2
488,489,2
488,1996,2
489,488,2
489,761,2
490,1961,2
490,1987,2
491,494,2
491,747,2
492,55,2
492,237,2
493,386,2
493,474,2
494,374,2
494,491,2
495,136,2
495,552,2
496,414,2
496,1969,2
497,551,2
497,1316,2
498,619,2
498,793,2
499,1252,2
499,1990,2
500,318,2
500,1982,2
501,259,2
501,503,2
502,533,2
502,555,2
503,501,2
503,706,2
504,505,2
504,794,2
505,124,2
505,504,2
506,525,2
506,1987,2
507,1551,2
507,1760,2
508,509,2
508,701,2
509,322,2
509,508,2
510,1600,2
510,1977,2
511,1113,2
511,1325,2
512,334,2
512,474,2
513,327,2
513,437,2
514,1365,2
514,1956,2
515,408,2
515,1622,2
516,438,2
516,519,2
517,526,2
517,565,2
518,427,2
518,453,2
519,516,2
519,1915,2
520,1258,2
520,1614,2
521,524,2
521,572,2
522,1343,2
522,1782,2
523,223,2
523,417,2
524,521,2
524,628,2
525,506,2
525,1987,2
526,517,2
526,565,2
527,529,2
527,1633,2
528,396,2
528,426,2
529,527,2
529,541,2
530,920,2
530,1957,2
531,461,2
531,1566,2
532,539,2
532,579,2
533,486,2
533,502,2
534,1575,2
534,1781,2
535,332,2
535,542,2
536,1875,2
536,1987,2
537,1766,2
537,1905,2
538,690,2
538,765,2
539,532,2
539,622,2
540,569,2
540,689,2
541,529,2
541,544,2
542,535,2
542,820,2
543,570,2
543,1945,2
544,541,2
544,762,2
545,547,2
545,634,2
546,425,2
546,600,2
547,251,2
547,545,2
548,223,2
548,643,2
549,552,2
549,1822,2
550,571,2
550,1519,2
551,479,2
551,497,2
552,495,2
552,549,2
553,1719,2
553,1917,2
554,77,2
554,569,2
555,502,2
555,601,2
556,473,2
556,485,2
557,607,2
557,954,2
558,267,2
558,653,2
559,642,2
559,847,2
560,1059,2
560,1954,2
561,608,2
561,714,2
562,570,2
562,659,2
563,308,2
563,605,2
564,1559,2
564,1901,2
565,517,2
565,526,2
566,961,2
566,1700,2
567,485,2
567,605,2
568,653,2
568,758,2
569,540,2
569,554,2
570,543,2
570,562,2
571,550,2
571,769,2
572,521,2
572,575,2
573,265,2
573,378,2
573,1173,2
574,590,2
574,785,2
575,572,2
575,647,2
576,577,2
576,1068,2
577,576,2
577,645,2
578,361,2
578,772,2
579,532,2
579,584,2
580,45,2
580,1594,2
581,426,2
581,693,2
582,813,2
582,1472,2
583,601,2
583,1723,2
584,579,2
584,1143,2
585,626,2
585,1590,2
586,368,2
586,420,2
587,646,2
587,785,2
588,591,2
588,726,2
589,278,2
589,1874,2
590,574,2
590,789,2
591,588,2
591,692,2
592,637,2
592,1708,2
593,884,2
593,1927,2
594,355,2
594,614,2
595,135,2
595,693,2
596,1385,2
596,1957,2
597,602,2
597,736,2
598,620,2
598,639,2
599,1808,2
599,1996,2
600,425,2
600,546,2
601,555,2
601,583,2
602,597,2
602,1094,2
603,848,2
603,897,2
604,1711,2
604,1720,2
605,563,2
605,567,2
606,334,2
606,921,2
607,476,2
607,557,2
608,376,2
608,561,2
609,613,2
609,686,2
610,620,2
610,860,2
611,196,2
611,416,2
612,651,2
612,791,2
613,70,2
613,609,2
614,388,2
614,594,2
615,393,2
615,712,2
616,1971,2
616,1989,2
617,317,2
617,1085,2
618,429,2
618,477,2
619,498,2
619,941,2
620,598,2
620,610,2
621,1300,2
621,1958,2
622,539,2
622,1971,2
623,170,2
623,629,2
624,637,2
624,1037,2
625,643,2
625,685,2
626,332,2
626,585,2
627,1449,2
627,1465,2
628,524,2
628,1680,2
629,623,2
629,1943,2
630,631,2
630,1049,2
631,630,2
631,1978,2
632,651,2
632,668,2
633,1000,2
633,1160,2
634,545,2
634,635,2
635,634,2
635,716,2
636,270,2
636,663,2
637,592,2
637,624,2
638,883,2
638,1088,2
639,598,2
639,703,2
640,403,2
640,1889,2
641,644,2
641,737,2
642,559,2
642,675,2
643,548,2
643,625,2
644,641,2
644,694,2
645,577,2
645,646,2
646,587,2
646,645,2
647,575,2
647,650,2
648,742,2
648,1170,2
649,1346,2
649,1996,2
650,206,2
650,647,2
651,612,2
651,632,2
652,708,2
652,1986,2
653,558,2
653,568,2
654,148,2
654,404,2
655,401,2
655,1977,2
656,1095,2
656,1991,2
657,1504,2
657,1920,2
658,916,2
658,1936,2
659,562,2
659,660,2
660,469,2
660,659,2
661,343,2
661,662,2
662,661,2
662,886,2
663,270,2
663,636,2
664,665,2
664,1747,2
665,664,2
665,1532,2
666,409,2
666,670,2
667,848,2
667,1062,2
668,632,2
668,925,2
669,702,2
669,730,2
670,364,2
670,666,2
671,759,2
671,804,2
672,1848,2
672,1937,2
673,843,2
673,1958,2
674,388,2
674,880,2
675,642,2
675,1277,2
676,449,2
676,677,2
677,676,2
677,1989,2
678,340,2
678,468,2
679,1499,2
679,1979,2
680,873,2
680,1001,2
681,684,2
681,1819,2
682,398,2
682,838,2
683,764,2
683,1312,2
684,681,2
684,1851,2
685,625,2
685,823,2
686,609,2
686,692,2
687,776,2
687,1070,2
688,930,2
688,1728,2
689,540,2
689,742,2
690,481,2
690,538,2
691,481,2
691,743,2
692,591,2
692,686,2
693,581,2
693,595,2
694,644,2
694,695,2
695,694,2
695,1842,2
696,700,2
696,703,2
697,702,2
697,778,2
698,360,2
698,705,2
699,208,2
699,1655,2
700,696,2
700,720,2
701,508,2
701,1969,2
702,669,2
702,697,2
703,639,2
703,696,2
704,853,2
704,1958,2
705,698,2
705,783,2
706,503,2
706,711,2
707,349,2
707,1595,2
708,652,2
708,1986,2
709,1165,2
709,2000,2
710,475,2
710,753,2
711,706,2
711,800,2
712,615,2
712,743,2
713,740,2
713,792,2
714,561,2
714,716,2
715,1868,2
715,1878,2
716,635,2
716,714,2
717,718,2
717,818,2
718,717,2
718,751,2
719,722,2
719,756,2
720,397,2
720,700,2
721,813,2
721,1390,2
722,78,2
722,719,2
723,775,2
723,1987,2
724,725,2
724,1895,2
725,724,2
725,999,2
726,588,2
726,727,2
727,726,2
727,1270,2
728,789,2
728,798,2
729,1874,2
729,1933,2
730,669,2
730,795,2
731,732,2
731,905,2
732,731,2
732,972,2
733,736,2
733,974,2
734,58,2
734,1959,2
735,1315,2
735,1991,2
736,597,2
736,733,2
737,641,2
737,745,2
738,838,2
738,1591,2
739,1056,2
739,1967,2
740,713,2
740,1257,2
741,921,2
741,995,2
742,648,2
742,689,2
743,691,2
743,712,2
744,163,2
744,291,2
745,737,2
745,803,2
746,1716,2
746,1928,2
747,491,2
747,752,2
748,862,2
748,875,2
749,866,2
749,1996,2
750,1721,2
750,1724,2
751,718,2
751,1727,2
752,377,2
752,747,2
753,475,2
753,710,2
754,883,2
754,1779,2
755,261,2
755,1630,2
756,719,2
756,760,2
757,850,2
757,941,2
758,568,2
758,1103,2
759,671,2
759,804,2
760,756,2
760,896,2
761,489,2
761,1548,2
762,544,2
762,1544,2
763,764,2
763,1229,2
764,683,2
764,763,2
765,538,2
765,913,2
766,102,2
766,983,2
767,909,2
767,1990,2
768,771,2
768,774,2
769,571,2
769,806,2
770,1972,2
770,1992,2
771,768,2
771,780,2
772,361,2
772,578,2
773,468,2
773,950,2
774,768,2
774,787,2
775,723,2
775,1987,2
776,455,2
776,687,2
777,1453,2
777,1992,2
778,697,2
778,795,2
779,1376,2
779,1980,2
780,771,2
780,1475,2
781,1194,2
781,1982,2
782,56,2
782,965,2
783,705,2
783,787,2
784,906,2
784,1999,2
785,574,2
785,587,2
786,1528,2
786,1811,2
787,774,2
787,783,2
788,794,2
788,863,2
789,590,2
789,728,2
790,965,2
790,996,2
791,612,2
791,925,2
792,713,2
792,806,2
793,470,2
793,498,2
794,504,2
794,788,2
795,730,2
795,778,2
796,455,2
796,1068,2
797,264,2
797,1213,2
798,728,2
798,1112,2
799,800,2
799,1836,2
800,711,2
800,799,2
801,1205,2
801,1438,2
802,1789,2
802,1887,2
803,745,2
803,805,2
804,671,2
804,759,2
805,803,2
805,1998,2
806,769,2
806,792,2
807,1002,2
807,1936,2
808,1036,2
808,1117,2
809,823,2
809,870,2
810,268,2
810,1572,2
811,1001,2
811,1032,2
812,866,2
812,1118,2
813,582,2
813,721,2
814,815,2
814,891,2
815,814,2
815,1026,2
816,822,2
816,895,2
817,91,2
817,112,2
818,717,2
818,1670,2
819,264,2
819,911,2
820,542,2
820,984,2
821,953,2
821,1941,2
822,274,2
822,816,2
823,685,2
823,809,2
824,826,2
824,846,2
825,1988,2
825,1999,2
826,824,2
826,934,2
827,828,2
827,899,2
828,323,2
828,827,2
829,978,2
829,1008,2
830,833,2
830,840,2
831,316,2
831,1989,2
832,885,2
832,937,2
833,830,2
833,876,2
834,56,2
834,1899,2
835,406,2
835,1961,2
836,837,2
836,1138,2
837,836,2
837,907,2
838,682,2
838,738,2
839,286,2
839,852,2
840,830,2
840,1529,2
841,164,2
841,1927,2
842,854,2
842,1440,2
843,673,2
843,1958,2
844,967,2
844,1105,2
845,1031,2
845,1969,2
846,824,2
846,856,2
847,559,2
847,1408,2
848,603,2
848,667,2
849,196,2
849,1229,2
850,757,2
850,980,2
851,980,2
851,1055,2
852,839,2
852,1139,2
853,704,2
853,1958,2
854,842,2
854,856,2
855,465,2
855,1146,2
856,846,2
856,854,2
857,879,2
857,888,2
858,90,2
858,879,2
859,950,2
859,1050,2
860,610,2
860,862,2
861,863,2
861,1005,2
862,748,2
862,860,2
863,788,2
863,861,2
864,82,2
864,1992,2
865,171,2
865,1738,2
866,749,2
866,812,2
867,868,2
867,877,2
868,867,2
868,912,2
869,871,2
869,1030,2
870,809,2
870,1042,2
871,869,2
871,1603,2
872,876,2
872,933,2
873,680,2
873,880,2
874,928,2
874,951,2
875,748,2
875,1047,2
876,833,2
876,872,2
877,867,2
877,889,2
878,1128,2
878,1982,2
879,857,2
879,858,2
880,674,2
880,873,2
881,1042,2
881,1171,2
882,108,2
882,887,2
883,638,2
883,754,2
884,593,2
884,1968,2
885,832,2
885,937,2
886,662,2
886,1941,2
887,108,2
887,882,2
888,857,2
888,1034,2
889,877,2
889,1089,2
890,947,2
890,984,2
891,814,2
891,1112,2
892,894,2
892,1523,2
893,895,2
893,1989,2
894,892,2
894,1161,2
895,816,2
895,893,2
896,760,2
896,898,2
897,603,2
897,1066,2
898,896,2
898,1239,2
899,827,2
899,901,2
900,389,2
900,1999,2
901,899,2
901,1072,2
902,188,2
902,904,2
903,1049,2
903,1556,2
904,902,2
904,986,2
905,731,2
905,907,2
906,784,2
906,1999,2
907,837,2
907,905,2
908,912,2
908,931,2
909,767,2
909,1990,2
910,269,2
910,913,2
911,819,2
911,1786,2
912,868,2
912,908,2
913,765,2
913,910,2
914,915,2
914,1958,2
915,914,2
915,939,2
916,658,2
916,1936,2
917,924,2
917,1015,2
918,1264,2
918,1986,2
919,1704,2
919,1999,2
920,530,2
920,1957,2
921,606,2
921,741,2
922,1835,2
922,1936,2
923,1105,2
923,1371,2
924,917,2
924,927,2
925,668,2
925,791,2
926,1432,2
926,1937,2
927,924,2
927,931,2
928,874,2
928,929,2
929,928,2
929,963,2
930,688,2
930,983,2
931,908,2
931,927,2
932,1340,2
932,1951,2
933,872,2
933,934,2
934,826,2
934,933,2
935,970,2
935,1108,2
936,1047,2
936,1137,2
937,832,2
937,885,2
938,939,2
938,1869,2
939,915,2
939,938,2
940,1284,2
940,1352,2
941,619,2
941,757,2
942,946,2
942,1041,2
943,1397,2
943,1925,2
944,1013,2
944,1082,2
945,1141,2
945,1718,2
946,942,2
946,1255,2
947,890,2
947,1011,2
948,949,2
948,2000,2
949,412,2
949,948,2
950,773,2
950,859,2
951,874,2
951,963,2
952,956,2
952,1025,2
953,821,2
953,1941,2
954,557,2
954,1082,2
955,1038,2
955,1063,2
956,952,2
956,1129,2
957,1357,2
957,1866,2
958,1034,2
958,1043,2
959,1527,2
959,1984,2
960,1458,2
960,1992,2
961,566,2
961,1801,2
962,964,2
962,1006,2
963,929,2
963,951,2
964,962,2
964,1091,2
965,782,2
965,790,2
966,296,2
966,1832,2
967,844,2
967,1141,2
968,969,2
968,985,2
969,968,2
969,1017,2
970,935,2
970,1975,2
971,216,2
971,973,2
972,732,2
972,1995,2
973,971,2
973,1998,2
974,733,2
974,985,2
975,1064,2
975,1069,2
976,1066,2
976,1305,2
977,145,2
977,1074,2
978,829,2
978,1008,2
979,1038,2
979,1275,2
980,850,2
980,851,2
981,1174,2
981,1178,2
982,1835,2
982,1954,2
983,766,2
983,930,2
984,820,2
984,890,2
985,968,2
985,974,2
986,904,2
986,987,2
987,986,2
987,1224,2
988,1188,2
988,1995,2
989,1012,2
989,1035,2
990,997,2
990,1121,2
991,1635,2
991,1791,2
992,430,2
992,1011,2
993,210,2
993,1189,2
994,1266,2
994,1890,2
995,741,2
995,1010,2
996,790,2
996,1232,2
997,990,2
997,1120,2
998,999,2
998,1029,2
999,725,2
999,998,2
1000,633,2
1000,1134,2
1001,680,2
1001,811,2
1002,807,2
1002,1954,2
1003,225,2
1003,1005,2
1004,410,2
1004,1232,2
1005,861,2
1005,1003,2
1006,962,2
1006,1007,2
1007,1006,2
1007,1996,2
1008,829,2
1008,978,2
1009,446,2
1009,1147,2
1010,995,2
1010,1154,2
1011,947,2
1011,992,2
1012,989,2
1012,1035,2
1013,944,2
1013,1251,2
1014,258,2
1014,1199,2
1015,917,2
1015,1020,2
1016,1329,2
1016,1950,2
1017,969,2
1017,1022,2
1018,1816,2
1018,1841,2
1019,47,2
1019,1372,2
1020,1015,2
1020,1022,2
1021,65,2
1021,1758,2
1022,1017,2
1022,1020,2
1023,1531,2
1023,1880,2
1024,1025,2
1024,2000,2
1025,952,2
1025,1024,2
1026,354,2
1026,815,2
1027,1029,2
1027,1238,2
1028,16,2
1028,1456,2
1029,998,2
1029,1027,2
1030,869,2
1030,1736,2
1031,845,2
1031,1969,2
1032,811,2
1032,1093,2
1033,1036,2
1033,1216,2
1034,888,2
1034,958,2
1035,989,2
1035,1012,2
1036,808,2
1036,1033,2
1037,624,2
1037,1178,2
1038,955,2
1038,979,2
1039,1093,2
1039,1423,2
1040,1353,2
1040,1999,2
1041,942,2
1041,1044,2
1042,870,2
1042,881,2
1043,958,2
1043,1136,2
1044,1041,2
1044,1323,2
1045,1426,2
1045,1919,2
1046,1158,2
1046,1967,2
1047,875,2
1047,936,2
1048,1243,2
1048,1454,2
1049,630,2
1049,903,2
1050,859,2
1050,1073,2
1051,1663,2
1051,1968,2
1052,1054,2
1052,1345,2
1053,1666,2
1053,1985,2
1054,1052,2
1054,1241,2
1055,851,2
1055,1520,2
1056,739,2
1056,1967,2
1057,1898,2
1057,1931,2
1058,447,2
1058,1060,2
1059,560,2
1059,1962,2
1060,1058,2
1060,1118,2
1061,63,2
1061,1408,2
1062,667,2
1062,1199,2
1063,955,2
1063,1254,2
1064,975,2
1064,1430,2
1065,1367,2
1065,1580,2
1066,897,2
1066,976,2
1067,1071,2
1067,2000,2
1068,576,2
1068,796,2
1069,975,2
1069,1074,2
1070,687,2
1070,1326,2
1071,1067,2
1071,1180,2
1072,269,2
1072,901,2
1073,294,2
1073,1050,2
1074,977,2
1074,1069,2
1075,1076,2
1075,1077,2
1076,1075,2
1076,1621,2
1077,1075,2
1077,1081,2
1078,1636,2
1078,1919,2
1079,1086,2
1079,1106,2
1080,1116,2
1080,1169,2
1081,1077,2
1081,1119,2
1082,944,2
1082,954,2
1083,442,2
1083,1995,2
1084,1145,2
1084,1221,2
1085,617,2
1085,1089,2
1086,1079,2
1086,1106,2
1087,1326,2
1087,1648,2
1088,638,2
1088,1395,2
1089,889,2
1089,1085,2
1090,229,2
1090,1996,2
1091,964,2
1091,1092,2
1092,1091,2
1092,1122,2
1093,1032,2
1093,1039,2
1094,602,2
1094,1100,2
1095,656,2
1095,1991,2
1096,1103,2
1096,1339,2
1097,1136,2
1097,1144,2
1098,1568,2
1098,1756,2
1099,487,2
1099,1897,2
1100,1094,2
1100,1996,2
1101,1102,2
1101,1230,2
1102,1101,2
1102,1342,2
1103,758,2
1103,1096,2
1104,27,2
1104,1968,2
1105,844,2
1105,923,2
1106,1079,2
1106,1086,2
1107,1108,2
1107,1287,2
1108,935,2
1108,1107,2
1109,1265,2
1109,1337,2
1110,1115,2
1110,1651,2
1111,158,2
1111,1520,2
1112,798,2
1112,891,2
1113,511,2
1113,1286,2
1114,1798,2
1114,1893,2
1115,1110,2
1115,1203,2
1116,430,2
1116,1080,2
1117,808,2
1117,1730,2
1118,812,2
1118,1060,2
1119,1081,2
1119,1120,2
1120,997,2
1120,1119,2
1121,990,2
1121,1122,2
1122,1092,2
1122,1121,2
1123,1124,2
1123,2000,2
1124,1123,2
1124,1247,2
1125,293,2
1125,1148,2
1126,1202,2
1126,1962,2
1127,1128,2
1127,1187,2
1128,878,2
1128,1127,2
1129,956,2
1129,1131,2
1130,1195,2
1130,1578,2
1131,1129,2
1131,1228,2
1132,1135,2
1132,1181,2
1133,1849,2
1133,1864,2
1134,457,2
1134,1000,2
1135,1132,2
1135,1176,2
1136,1043,2
1136,1097,2
1137,936,2
1137,1349,2
1138,836,2
1138,1140,2
1139,852,2
1139,1254,2
1140,1138,2
1140,1765,2
1141,945,2
1141,967,2
1142,1172,2
1142,1192,2
1143,584,2
1143,1147,2
1144,1097,2
1144,1163,2
1145,1084,2
1145,1221,2
1146,855,2
1146,1211,2
1147,1009,2
1147,1143,2
1148,487,2
1148,1125,2
1149,1395,2
1149,1445,2
1150,1152,2
1150,1296,2
1151,1219,2
1151,1853,2
1152,1150,2
1152,1398,2
1153,1162,2
1153,1233,2
1154,1010,2
1154,1944,2
1155,1570,2
1155,1857,2
1156,471,2
1156,1175,2
1157,1285,2
1157,1394,2
1158,1046,2
1158,1967,2
1159,1439,2
1159,1727,2
1160,633,2
1160,1268,2
1161,894,2
1161,1941,2
1162,1153,2
1162,1206,2
1163,1144,2
1163,1660,2
1164,193,2
1164,301,2
1165,709,2
1165,1243,2
1166,1761,2
1166,1961,2
1167,452,2
1167,1759,2
1168,1170,2
1168,1201,2
1169,1080,2
1169,1182,2
1170,648,2
1170,1168,2
1171,881,2
1171,1215,2
1172,1142,2
1172,1192,2
1173,378,2
1173,573,2
1174,981,2
1174,1304,2
1175,1156,2
1175,1735,2
1176,1135,2
1176,1177,2
1177,1176,2
1177,1990,2
1178,981,2
1178,1037,2
1179,57,2
1179,1630,2
1180,1071,2
1180,1181,2
1181,1132,2
1181,1180,2
1182,195,2
1182,1169,2
1183,1185,2
1183,1240,2
1184,1265,2
1184,1351,2
1185,1183,2
1185,1261,2
1186,1187,2
1186,1569,2
1187,1127,2
1187,1186,2
1188,988,2
1188,1995,2
1189,993,2
1189,1990,2
1190,1191,2
1190,1327,2
1191,1190,2
1191,1246,2
1192,1142,2
1192,1172,2
1193,1446,2
1193,1537,2
1194,781,2
1194,1982,2
1195,1130,2
1195,1196,2
1196,1195,2
1196,1210,2
1197,1439,2
1197,1764,2
1198,1322,2
1198,1324,2
1199,1014,2
1199,1062,2
1200,1971,2
1200,1999,2
1201,1168,2
1201,1203,2
1202,1126,2
1202,1962,2
1203,1115,2
1203,1201,2
1204,1356,2
1204,1366,2
1205,801,2
1205,1438,2
1206,1162,2
1206,1209,2
1207,1451,2
1207,1749,2
1208,1349,2
1208,1508,2
1209,136,2
1209,1206,2
1210,1196,2
1210,1212,2
1211,117,2
1211,1146,2
1212,1210,2
1212,1878,2
1213,797,2
1213,1786,2
1214,1427,2
1214,1858,2
1215,336,2
1215,1171,2
1216,1033,2
1216,1222,2
1217,85,2
1217,2000,2
1218,1583,2
1218,1663,2
1219,1151,2
1219,1853,2
1220,100,2
1220,1992,2
1221,1084,2
1221,1145,2
1222,1216,2
1222,1865,2
1223,1260,2
1223,1925,2
1224,987,2
1224,1925,2
1225,1227,2
1225,2000,2
1226,1272,2
1226,1950,2
1227,1225,2
1227,1456,2
1228,1131,2
1228,1230,2
1229,763,2
1229,849,2
1230,1101,2
1230,1228,2
1231,1686,2
1231,1809,2
1232,996,2
1232,1004,2
1233,1153,2
1233,1236,2
1234,390,2
1234,1310,2
1235,1813,2
1235,1943,2
1236,1233,2
1236,1533,2
1237,1276,2
1237,1542,2
1238,1027,2
1238,1239,2
1239,898,2
1239,1238,2
1240,1183,2
1240,1241,2
1241,1054,2
1241,1240,2
1242,1244,2
1242,1338,2
1243,1048,2
1243,1165,2
1244,1242,2
1244,1338,2
1245,125,2
1245,1998,2
1246,1191,2
1246,1247,2
1247,1124,2
1247,1246,2
1248,443,2
1248,1255,2
1249,1284,2
1249,1361,2
1250,1783,2
1250,1995,2
1251,1013,2
1251,1803,2
1252,499,2
1252,1976,2
1253,1906,2
1253,1922,2
1254,1063,2
1254,1139,2
1255,946,2
1255,1248,2
1256,1257,2
1256,1290,2
1257,740,2
1257,1256,2
1258,520,2
1258,1689,2
1259,1304,2
1259,1396,2
1260,1223,2
1260,1261,2
1261,1185,2
1261,1260,2
1262,1263,2
1262,1757,2
1263,1262,2
1263,1401,2
1264,918,2
1264,1986,2
1265,1109,2
1265,1184,2
1266,994,2
1266,1890,2
1267,1270,2
1267,1694,2
1268,1160,2
1268,1271,2
1269,1577,2
1269,1773,2
1270,727,2
1270,1267,2
1271,1268,2
1271,1332,2
1272,1226,2
1272,1948,2
1273,1278,2
1273,1796,2
1274,1612,2
1274,1673,2
1275,979,2
1275,1318,2
1276,1237,2
1276,1542,2
1277,675,2
1277,1941,2
1278,1273,2
1278,1302,2
1279,1280,2
1279,1418,2
1280,1279,2
1280,1418,2
1281,1290,2
1281,1647,2
1282,477,2
1282,1356,2
1283,1993,2
1283,1997,2
1284,940,2
1284,1249,2
1285,1157,2
1285,1446,2
1286,1113,2
1286,1619,2
1287,1107,2
1287,1685,2
1288,1384,2
1288,1437,2
1289,1292,2
1289,1962,2
1290,1256,2
1290,1281,2
1291,1821,2
1291,1848,2
1292,1289,2
1292,1962,2
1293,336,2
1293,1313,2
1294,1297,2
1294,1976,2
1295,1344,2
1295,1954,2
1296,1150,2
1296,1560,2
1297,1294,2
1297,1710,2
1298,1308,2
1298,1999,2
1299,1787,2
1299,1805,2
1300,621,2
1300,1890,2
1301,1646,2
1301,1987,2
1302,1278,2
1302,1309,2
1303,1313,2
1303,1611,2
1304,1174,2
1304,1259,2
1305,976,2
1305,1321,2
1306,1534,2
1306,1867,2
1307,1311,2
1307,1386,2
1308,1298,2
1308,1999,2
1309,1302,2
1309,1494,2
1310,1234,2
1310,1511,2
1311,1307,2
1311,1386,2
1312,683,2
1312,1355,2
1313,1293,2
1313,1303,2
1314,1676,2
1314,1916,2
1315,735,2
1315,1317,2
1316,497,2
1316,1697,2
1317,1315,2
1317,1974,2
1318,1275,2
1318,1709,2
1319,1362,2
1319,1588,2
1320,1359,2
1320,1565,2
1321,1305,2
1321,1529,2
1322,1198,2
1322,1324,2
1323,1044,2
1323,1327,2
1324,1198,2
1324,1322,2
1325,511,2
1325,1619,2
1326,1070,2
1326,1087,2
1327,1190,2
1327,1323,2
1328,1333,2
1328,1656,2
1329,1016,2
1329,1333,2
1330,1837,2
1330,1986,2
1331,1492,2
1331,1696,2
1332,1271,2
1332,1962,2
1333,1328,2
1333,1329,2
1334,1530,2
1334,1643,2
1335,1350,2
1335,1949,2
1336,28,2
1336,1896,2
1337,1109,2
1337,1443,2
1338,1242,2
1338,1244,2
1339,1096,2
1339,1394,2
1340,932,2
1340,1341,2
1341,1340,2
1341,1921,2
1342,1102,2
1342,1343,2
1343,522,2
1343,1342,2
1344,1295,2
1344,1954,2
1345,1052,2
1345,1346,2
1346,649,2
1346,1345,2
1347,1548,2
1347,1788,2
1348,1492,2
1348,1555,2
1349,1137,2
1349,1208,2
1350,1335,2
1350,1949,2
1351,1184,2
1351,1443,2
1352,940,2
1352,1405,2
1353,1040,2
1353,1999,2
1354,395,2
1354,1355,2
1355,1312,2
1355,1354,2
1356,1204,2
1356,1282,2
1357,957,2
1357,1938,2
1358,1360,2
1358,1714,2
1359,1320,2
1359,1565,2
1360,1358,2
1360,1641,2
1361,1249,2
1361,1405,2
1362,1319,2
1362,1365,2
1363,1464,2
1363,1865,2
1364,1496,2
1364,1994,2
1365,514,2
1365,1362,2
1366,1204,2
1366,1482,2
1367,241,2
1367,1065,2
1368,1370,2
1368,1378,2
1368,1460,2
1369,1536,2
1369,1817,2
1369,1910,2
1370,126,2
1370,1368,2
1370,1916,2
1371,923,2
1371,1576,2
1371,1649,2
1372,1019,2
1372,1373,2
1372,1541,2
1373,1372,2
1373,1670,2
1373,1685,2
1374,1378,2
1374,1473,2
1374,1574,2
1375,1772,2
1375,1783,2
1375,1959,2
1376,779,2
1376,1871,2
1376,1922,2
1377,1516,2
1377,1556,2
1377,1771,2
1378,1368,2
1378,1374,2
1378,1379,2
1379,1378,2
1379,1642,2
1379,1645,2
1380,1384,2
1380,1421,2
1380,1429,2
1381,1578,2
1381,1750,2
1381,1966,2
1382,1768,2
1382,1909,2
1382,1935,2
1383,1583,2
1383,1661,2
1383,1927,2
1384,1288,2
1384,1380,2
1384,1391,2
1385,596,2
1385,1386,2
1385,1989,2
1386,1307,2
1386,1311,2
1386,1385,2
1387,1388,2
1387,1391,2
1387,1450,2
1388,1387,2
1388,1485,2
1388,1491,2
1389,1661,2
1389,1927,2
1389,1968,2
1390,721,2
1390,1391,2
1390,1625,2
1391,1384,2
1391,1387,2
1391,1390,2
1392,232,2
1392,1707,2
1392,1947,2
1393,86,2
1393,297,2
1393,1394,2
1394,1157,2
1394,1339,2
1394,1393,2
1395,1088,2
1395,1149,2
1395,1396,2
1396,1259,2
1396,1395,2
1396,1549,2
1397,943,2
1397,1925,2
1397,1979,2
1398,1152,2
1398,1918,2
1398,1972,2
1399,1682,2
1399,1824,2
1399,1918,2
1400,1862,2
1400,1970,2
1400,1993,2
1401,1263,2
1401,1403,2
1401,1945,2
1402,1482,2
1402,1552,2
1402,1770,2
1403,29,2
1403,390,2
1403,1401,2
1404,1818,2
1404,1970,2
1404,1993,2
1405,240,2
1405,1352,2
1405,1361,2
1406,1580,2
1406,1728,2
1406,1811,2
1407,1495,2
1407,1815,2
1407,1990,2
1408,847,2
1408,1061,2
1408,1410,2
1409,1448,2
1409,1993,2
1409,1997,2
1410,431,2
1410,1408,2
1410,1731,2
1411,1413,2
1411,1558,2
1411,1994,2
1412,1507,2
1412,1758,2
1412,1804,2
1413,1411,2
1413,1461,2
1413,1762,2
1414,143,2
1414,1422,2
1414,1873,2
1415,1417,2
1415,1420,2
1415,1498,2
1416,1748,2
1416,1831,2
1416,1983,2
1417,1415,2
1417,1544,2
1417,1587,2
1418,1279,2
1418,1280,2
1418,1420,2
1419,1459,2
1419,1475,2
1419,1737,2
1420,1415,2
1420,1418,2
1420,1498,2
1421,1380,2
1421,1708,2
1421,1985,2
1422,202,2
1422,1414,2
1422,1873,2
1423,1039,2
1423,1426,2
1423,1456,2
1424,1712,2
1424,1870,2
1424,1997,2
1425,1561,2
1425,1701,2
1425,1743,2
1426,1045,2
1426,1423,2
1426,1919,2
1427,1214,2
1427,1620,2
1427,1858,2
1428,104,2
1428,1461,2
1428,1592,2
1429,1380,2
1429,1431,2
1429,1549,2
1430,1064,2
1430,1925,2
1430,1955,2
1431,1429,2
1431,1476,2
1431,1497,2
1432,926,2
1432,1965,2
1432,1994,2
1433,1563,2
1433,1819,2
1433,1857,2
1434,1435,2
1434,1500,2
1434,1521,2
1435,1434,2
1435,1681,2
1435,1957,2
1436,1824,2
1436,1972,2
1436,1974,2
1437,1288,2
1437,1438,2
1437,1699,2
1438,801,2
1438,1205,2
1438,1437,2
1439,1159,2
1439,1197,2
1439,1764,2
1440,842,2
1440,1441,2
1440,1485,2
1441,1440,2
1441,1616,2
1441,1865,2
1442,307,2
1442,1703,2
1442,1812,2
1443,1337,2
1443,1351,2
1443,1444,2
1444,1443,2
1444,1449,2
1444,1954,2
1445,1149,2
1445,1446,2
1445,1756,2
1446,1193,2
1446,1285,2
1446,1445,2
1447,1721,2
1447,1834,2
1447,1979,2
1448,1409,2
1448,1745,2
1448,1970,2
1449,627,2
1449,1444,2
1449,1936,2
1450,1387,2
1450,1451,2
1450,1517,2
1451,1207,2
1451,1450,2
1451,1960,2
1452,1486,2
1452,1782,2
1452,1884,2
1453,777,2
1453,1454,2
1453,1992,2
1454,1048,2
1454,1453,2
1454,1544,2
1455,457,2
1455,1579,2
1455,1912,2
1456,1028,2
1456,1227,2
1456,1423,2
1457,1546,2
1457,1814,2
1457,1973,2
1458,960,2
1458,1972,2
1458,1992,2
1459,1419,2
1459,1725,2
1459,1973,2
1460,359,2
1460,1368,2
1460,1493,2
1461,1413,2
1461,1428,2
1461,1466,2
1462,1685,2
1462,1752,2
1462,1945,2
1463,1506,2
1463,1514,2
1463,1951,2
1464,1363,2
1464,1853,2
1464,1917,2
1465,627,2
1465,1744,2
1465,1876,2
1466,1461,2
1466,1470,2
1466,1997,2
1467,1480,2
1467,1732,2
1467,1946,2
1468,1888,2
1468,1900,2
1468,1991,2
1469,1473,2
1469,1500,2
1469,1658,2
1470,1466,2
1470,1993,2
1470,1997,2
1471,1499,2
1471,1662,2
1471,1845,2
1472,582,2
1472,1627,2
1472,1846,2
1473,1374,2
1473,1469,2
1473,1493,2
1474,1692,2
1474,1822,2
1474,1983,2
1475,780,2
1475,1419,2
1475,1725,2
1476,1431,2
1476,1479,2
1476,1497,2
1477,1564,2
1477,1971,2
1477,1988,2
1478,1694,2
1478,1805,2
1478,1864,2
1479,1476,2
1479,1515,2
1479,1769,2
1480,1467,2
1480,1717,2
1480,1946,2
1481,1482,2
1481,1796,2
1481,1996,2
1482,1366,2
1482,1402,2
1482,1481,2
1483,1511,2
1483,1518,2
1483,1654,2
1484,1797,2
1484,1871,2
1484,1906,2
1485,1388,2
1485,1440,2
1485,1486,2
1486,1452,2
1486,1485,2
1486,1884,2
1487,1664,2
1487,1826,2
1487,1923,2
1488,1560,2
1488,1665,2
1488,1675,2
1489,1490,2
1489,1581,2
1489,1977,2
1490,1489,2
1490,1678,2
1490,1963,2
1491,1388,2
1491,1493,2
1491,1499,2
1492,1331,2
1492,1348,2
1492,1585,2
1493,1460,2
1493,1473,2
1493,1491,2
1494,1309,2
1494,1496,2
1494,1958,2
1495,1407,2
1495,1506,2
1495,1815,2
1496,1364,2
1496,1494,2
1496,1994,2
1497,1431,2
1497,1476,2
1497,1498,2
1498,1415,2
1498,1420,2
1498,1497,2
1499,679,2
1499,1471,2
1499,1491,2
1500,1434,2
1500,1469,2
1500,1501,2
1501,1500,2
1501,1795,2
1501,1976,2
1502,1503,2
1502,1629,2
1502,1997,2
1503,1502,2
1503,1515,2
1503,1767,2
1504,657,2
1504,1872,2
1504,1920,2
1505,1668,2
1505,1902,2
1505,1980,2
1506,1463,2
1506,1495,2
1506,1514,2
1507,1412,2
1507,1715,2
1507,1946,2
1508,1208,2
1508,1509,2
1508,1575,2
1509,83,2
1509,1508,2
1509,1576,2
1510,1617,2
1510,1620,2
1510,1982,2
1511,1310,2
1511,1483,2
1511,1595,2
1512,1513,2
1512,1517,2
1512,1579,2
1513,1512,2
1513,1806,2
1513,1840,2
1514,1463,2
1514,1506,2
1514,1515,2
1515,1479,2
1515,1503,2
1515,1514,2
1516,151,2
1516,1377,2
1516,1780,2
1517,1450,2
1517,1512,2
1517,1521,2
1518,1483,2
1518,1595,2
1518,1654,2
1519,550,2
1519,1959,2
1519,1995,2
1520,1055,2
1520,1111,2
1520,1975,2
1521,1434,2
1521,1517,2
1521,1637,2
1522,1623,2
1522,1750,2
1522,1966,2
1523,892,2
1523,1524,2
1523,1964,2
1524,1523,2
1524,1586,2
1524,1960,2
1525,1526,2
1525,1615,2
1525,1964,2
1526,63,2
1526,1525,2
1526,1856,2
1527,959,2
1527,1935,2
1527,1984,2
1528,786,2
1528,1811,2
1528,1845,2
1529,840,2
1529,1321,2
1529,1963,2
1530,1334,2
1530,1531,2
1530,1643,2
1531,1023,2
1531,1530,2
1531,1883,2
1532,665,2
1532,1533,2
1532,1626,2
1533,1236,2
1533,1532,2
1533,1638,2
1534,1306,2
1534,1867,2
1534,1926,2
1535,383,2
1535,1706,2
1535,1971,2
1536,1369,2
1536,1899,2
1536,1908,2
1537,1193,2
1537,1539,2
1537,1823,2
1538,1602,2
1538,1673,2
1538,1981,2
1539,6,2
1539,1537,2
1539,1931,2
1540,1542,2
1540,1645,2
1540,1692,2
1541,1372,2
1541,1627,2
1541,1846,2
1542,1237,2
1542,1276,2
1542,1540,2
1543,1746,2
1543,1830,2
1543,1854,2
1544,762,2
1544,1417,2
1544,1454,2
1545,1665,2
1545,1817,2
1545,1908,2
1546,417,2
1546,1457,2
1546,1973,2
1547,1562,2
1547,1762,2
1547,1832,2
1548,761,2
1548,1347,2
1548,1788,2
1549,1396,2
1549,1429,2
1549,1551,2
1550,1566,2
1550,1621,2
1550,1770,2
1551,507,2
1551,1549,2
1551,1760,2
1552,1402,2
1552,1553,2
1552,1572,2
1553,1552,2
1553,1653,2
1553,1997,2
1554,282,2
1554,1904,2
1554,1907,2
1555,1348,2
1555,1775,2
1555,1794,2
1556,903,2
1556,1377,2
1556,1780,2
1557,1674,2
1557,1867,2
1557,1915,2
1558,1411,2
1558,1559,2
1558,1994,2
1559,564,2
1559,1558,2
1559,1901,2
1560,1296,2
1560,1488,2
1560,1940,2
1561,1425,2
1561,1701,2
1561,1770,2
1562,1547,2
1562,1709,2
1562,1868,2
1563,1433,2
1563,1565,2
1563,1625,2
1564,1477,2
1564,1971,2
1564,1988,2
1565,1320,2
1565,1359,2
1565,1563,2
1566,531,2
1566,1550,2
1566,1879,2
1567,122,2
1567,1601,2
1567,1923,2
1568,1098,2
1568,1572,2
1568,1886,2
1569,1186,2
1569,1834,2
1569,1978,2
1570,1155,2
1570,1627,2
1570,1846,2
1571,1774,2
1571,1780,2
1571,1799,2
1572,810,2
1572,1552,2
1572,1568,2
1573,232,2
1573,1781,2
1573,1947,2
1574,1374,2
1574,1613,2
1574,1992,2
1575,534,2
1575,1508,2
1575,1947,2
1576,1371,2
1576,1509,2
1576,1600,2
1577,1269,2
1577,1887,2
1577,1995,2
1578,1130,2
1578,1381,2
1578,1953,2
1579,1455,2
1579,1512,2
1579,1580,2
1580,1065,2
1580,1406,2
1580,1579,2
1581,1489,2
1581,1582,2
1581,1977,2
1582,1581,2
1582,1585,2
1582,1807,2
1583,1218,2
1583,1383,2
1583,1584,2
1584,1583,2
1584,1823,2
1584,1855,2
1585,1492,2
1585,1582,2
1585,1651,2
1586,1524,2
1586,1587,2
1586,1960,2
1587,1417,2
1587,1586,2
1587,1702,2
1588,454,2
1588,1319,2
1588,1939,2
1589,471,2
1589,1763,2
1589,1991,2
1590,585,2
1590,1591,2
1590,1637,2
1591,738,2
1591,1590,2
1591,1787,2
1592,1428,2
1592,1597,2
1592,1626,2
1593,1763,2
1593,1923,2
1593,1985,2
1594,580,2
1594,1597,2
1594,1638,2
1595,707,2
1595,1511,2
1595,1518,2
1596,33,2
1596,1972,2
1596,1974,2
1597,1592,2
1597,1594,2
1597,1689,2
1598,482,2
1598,1770,2
1598,1945,2
1599,1659,2
1599,1960,2
1599,1975,2
1600,510,2
1600,1576,2
1600,1977,2
1601,1567,2
1601,1610,2
1601,1985,2
1602,1538,2
1602,1829,2
1602,1981,2
1603,871,2
1603,1664,2
1603,1826,2
1604,1632,2
1604,1634,2
1604,1681,2
1605,179,2
1605,1803,2
1605,1891,2
1606,1675,2
1606,1961,2
1606,1987,2
1607,1775,2
1607,1794,2
1607,1854,2
1608,331,2
1608,1930,2
1608,1932,2
1609,171,2
1609,1738,2
1609,1890,2
1610,273,2
1610,1601,2
1610,1953,2
1611,1303,2
1611,1615,2
1611,1669,2
1612,1274,2
1612,1801,2
1612,1981,2
1613,1574,2
1613,1616,2
1613,1992,2
1614,520,2
1614,1700,2
1614,1981,2
1615,1525,2
1615,1611,2
1615,1964,2
1616,1441,2
1616,1613,2
1616,1917,2
1617,1510,2
1617,1620,2
1617,1858,2
1618,1619,2
1618,1713,2
1618,1802,2
1619,1286,2
1619,1325,2
1619,1618,2
1620,1427,2
1620,1510,2
1620,1617,2
1621,1076,2
1621,1550,2
1621,1879,2
1622,448,2
1622,515,2
1622,1738,2
1623,1522,2
1623,1625,2
1623,1888,2
1624,1649,2
1624,1855,2
1624,1877,2
1625,1390,2
1625,1563,2
1625,1623,2
1626,1532,2
1626,1592,2
1626,1629,2
1627,1472,2
1627,1541,2
1627,1570,2
1628,143,2
1628,1711,2
1628,1873,2
1629,1502,2
1629,1626,2
1629,1997,2
1630,755,2
1630,1179,2
1630,1982,2
1631,1635,2
1631,1792,2
1631,1947,2
1632,1604,2
1632,1634,2
1632,1989,2
1633,527,2
1633,1740,2
1633,1742,2
1634,1604,2
1634,1632,2
1634,1681,2
1635,991,2
1635,1631,2
1635,1791,2
1636,1078,2
1636,1786,2
1636,1919,2
1637,1521,2
1637,1590,2
1637,1638,2
1638,1533,2
1638,1594,2
1638,1637,2
1639,1785,2
1639,1949,2
1639,1988,2
1640,1641,2
1640,1842,2
1640,1929,2
1641,1360,2
1641,1640,2
1641,1786,2
1642,1379,2
1642,1843,2
1642,1984,2
1643,1334,2
1643,1530,2
1643,1645,2
1644,1648,2
1644,1652,2
1644,1874,2
1645,1379,2
1645,1540,2
1645,1643,2
1646,1301,2
1646,1647,2
1646,1989,2
1647,1281,2
1647,1646,2
1647,1985,2
1648,1087,2
1648,1644,2
1648,1942,2
1649,1371,2
1649,1624,2
1649,1926,2
1650,236,2
1650,1669,2
1650,1705,2
1651,1110,2
1651,1585,2
1651,1653,2
1652,292,2
1652,1644,2
1652,1933,2
1653,1553,2
1653,1651,2
1653,1997,2
1654,1483,2
1654,1518,2
1654,1740,2
1655,699,2
1655,1729,2
1655,1793,2
1656,1328,2
1656,1672,2
1656,1828,2
1657,1658,2
1657,1702,2
1657,1784,2
1658,1469,2
1658,1657,2
1658,1670,2
1659,1599,2
1659,1660,2
1659,1960,2
1660,1163,2
1660,1659,2
1660,1697,2
1661,1383,2
1661,1389,2
1661,1927,2
1662,1471,2
1662,1665,2
1662,1845,2
1663,1051,2
1663,1218,2
1663,1968,2
1664,1487,2
1664,1603,2
1664,1716,2
1665,1488,2
1665,1545,2
1665,1662,2
1666,1053,2
1666,1667,2
1666,1985,2
1667,1666,2
1667,1911,2
1667,1948,2
1668,1505,2
1668,1669,2
1668,1886,2
1669,1611,2
1669,1650,2
1669,1668,2
1670,818,2
1670,1373,2
1670,1658,2
1671,68,2
1671,1674,2
1671,1912,2
1672,1656,2
1672,1810,2
1672,1828,2
1673,1274,2
1673,1538,2
1673,1981,2
1674,1557,2
1674,1671,2
1674,1926,2
1675,1488,2
1675,1606,2
1675,1961,2
1676,1314,2
1676,1858,2
1676,1916,2
1677,1678,2
1677,1877,2
1677,1926,2
1678,1490,2
1678,1677,2
1678,1963,2
1679,310,2
1679,1808,2
1679,1978,2
1680,628,2
1680,1776,2
1680,1843,2
1681,1435,2
1681,1604,2
1681,1634,2
1682,1399,2
1682,1683,2
1682,1739,2
1683,193,2
1683,1682,2
1683,1755,2
1684,1742,2
1684,1808,2
1684,1978,2
1685,1287,2
1685,1373,2
1685,1462,2
1686,1231,2
1686,1688,2
1686,1912,2
1687,1743,2
1687,1777,2
1687,1945,2
1688,1686,2
1688,1736,2
1688,1942,2
1689,1258,2
1689,1597,2
1689,1690,2
1690,473,2
1690,1689,2
1690,1713,2
1691,294,2
1691,1917,2
1691,1964,2
1692,1474,2
1692,1540,2
1692,1983,2
1693,304,2
1693,1696,2
1693,1856,2
1694,1267,2
1694,1478,2
1694,1849,2
1695,1745,2
1695,1993,2
1695,1997,2
1696,1331,2
1696,1693,2
1696,1951,2
1697,1316,2
1697,1660,2
1697,1699,2
1698,348,2
1698,1912,2
1698,1952,2
1699,1437,2
1699,1697,2
1699,1912,2
1700,566,2
1700,1614,2
1700,1703,2
1701,1425,2
1701,1561,2
1701,1825,2
1702,1587,2
1702,1657,2
1702,1872,2
1703,307,2
1703,1442,2
1703,1700,2
1703,1844,2
1704,919,2
1704,1705,2
1704,1971,2
1704,1988,2
1705,1650,2
1705,1704,2
1705,1892,2
1705,1994,2
1706,299,2
1706,1535,2
1706,1889,2
1706,1999,2
1707,1392,2
1707,1792,2
1707,1881,2
1707,1932,2
1708,592,2
1708,1421,2
1708,1709,2
1708,1985,2
1709,1318,2
1709,1562,2
1709,1708,2
1709,1878,2
1710,1297,2
1710,1712,2
1710,1983,2
1710,1984,2
1711,604,2
1711,1628,2
1711,1720,2
1711,1749,2
1712,1424,2
1712,1710,2
1712,1870,2
1712,1993,2
1713,1618,2
1713,1690,2
1713,1952,2
1713,1993,2
1714,382,2
1714,1358,2
1714,1897,2
1714,1964,2
1715,1507,2
1715,1732,2
1715,1851,2
1715,1950,2
1716,746,2
1716,1664,2
1716,1717,2
1716,1928,2
1717,1480,2
1717,1716,2
1717,1807,2
1717,1948,2
1718,945,2
1718,1719,2
1718,1773,2
1718,1995,2
1719,553,2
1719,1718,2
1719,1917,2
1719,1964,2
1720,604,2
1720,1711,2
1720,1721,2
1720,1749,2
1721,750,2
1721,1447,2
1721,1720,2
1721,1979,2
1722,295,2
1722,1723,2
1722,1872,2
1722,2000,2
1723,583,2
1723,1722,2
1723,1744,2
1723,1876,2
1724,750,2
1724,1734,2
1724,1924,2
1724,1934,2
1725,1459,2
1725,1475,2
1725,1729,2
1725,1937,2
1726,54,2
1726,1755,2
1726,1759,2
1726,1969,2
1727,751,2
1727,1159,2
1727,1731,2
1727,1977,2
1728,688,2
1728,1406,2
1728,1811,2
1728,1998,2
1729,200,2
1729,1655,2
1729,1725,2
1729,1880,2
1730,1117,2
1730,1840,2
1730,1952,2
1730,1984,2
1731,431,2
1731,1410,2
1731,1727,2
1731,1963,2
1732,1467,2
1732,1715,2
1732,1733,2
1732,1950,2
1733,1732,2
1733,1820,2
1733,1915,2
1733,1926,2
1734,1724,2
1734,1735,2
1734,1934,2
1734,1981,2
1735,1175,2
1735,1734,2
1735,1900,2
1735,1966,2
1736,1030,2
1736,1688,2
1736,1933,2
1736,1942,2
1737,1419,2
1737,1738,2
1737,1859,2
1737,1937,2
1738,865,2
1738,1609,2
1738,1622,2
1738,1737,2
1739,1682,2
1739,1740,2
1739,1918,2
1739,1992,2
1740,1633,2
1740,1654,2
1740,1739,2
1740,1751,2
1741,1742,2
1741,1754,2
1741,1988,2
1741,1999,2
1742,1633,2
1742,1684,2
1742,1741,2
1742,1847,2
1743,157,2
1743,1425,2
1743,1687,2
1743,1825,2
1744,1465,2
1744,1723,2
1744,1835,2
1744,1876,2
1745,1448,2
1745,1695,2
1745,1818,2
1745,1993,2
1746,61,2
1746,1543,2
1746,1747,2
1746,1951,2
1747,664,2
1747,1746,2
1747,1859,2
1747,1965,2
1748,1416,2
1748,1840,2
1748,1909,2
1748,1983,2
1749,1207,2
1749,1711,2
1749,1720,2
1749,1893,2
1750,105,2
1750,1381,2
1750,1522,2
1750,1991,2
1751,1740,2
1751,1752,2
1751,1866,2
1751,1938,2
1752,344,2
1752,1462,2
1752,1751,2
1752,1945,2
1753,1754,2
1753,1812,2
1753,1850,2
1753,1963,2
1754,1741,2
1754,1753,2
1754,1986,2
1754,1988,2
1755,1683,2
1755,1726,2
1755,1759,2
1755,1901,2
1756,1098,2
1756,1445,2
1756,1760,2
1756,1980,2
1757,1262,2
1757,1924,2
1757,1934,2
1757,1955,2
1758,1021,2
1758,1412,2
1758,1863,2
1758,1911,2
1759,1167,2
1759,1726,2
1759,1755,2
1759,1901,2
1760,507,2
1760,1551,2
1760,1756,2
1760,1951,2
1761,1166,2
1761,1762,2
1761,1943,2
1761,1961,2
1762,1413,2
1762,1547,2
1762,1761,2
1762,1913,2
1763,1589,2
1763,1593,2
1763,1953,2
1763,1966,2
1764,1197,2
1764,1439,2
1764,1767,2
1764,1907,2
1765,1140,2
1765,1769,2
1765,1821,2
1765,1965,2
1766,537,2
1766,1852,2
1766,1905,2
1766,1940,2
1767,1503,2
1767,1764,2
1767,1903,2
1767,1978,2
1768,1382,2
1768,1909,2
1768,1935,2
1768,1952,2
1769,1479,2
1769,1765,2
1769,1903,2
1769,1978,2
1770,1402,2
1770,1550,2
1770,1561,2
1770,1598,2
1771,1377,2
1771,1772,2
1771,1799,2
1771,1891,2
1772,1375,2
1772,1771,2
1772,1939,2
1772,1959,2
1773,1269,2
1773,1718,2
1773,1774,2
1773,1995,2
1774,179,2
1774,1571,2
1774,1773,2
1774,1891,2
1775,1555,2
1775,1607,2
1775,1778,2
1775,1854,2
1776,1680,2
1776,1777,2
1776,1831,2
1776,1935,2
1777,344,2
1777,1687,2
1777,1776,2
1777,1879,2
1778,51,2
1778,1775,2
1778,1779,2
1778,1794,2
1779,754,2
1779,1778,2
1779,1902,2
1779,1980,2
1780,1516,2
1780,1556,2
1780,1571,2
1780,1781,2
1781,534,2
1781,1573,2
1781,1780,2
1781,1947,2
1782,522,2
1782,1452,2
1782,1884,2
1782,1940,2
1783,1250,2
1783,1375,2
1783,1789,2
1783,1887,2
1784,1657,2
1784,1785,2
1784,1920,2
1784,1931,2
1785,1639,2
1785,1784,2
1785,1949,2
1785,1971,2
1786,911,2
1786,1213,2
1786,1636,2
1786,1641,2
1787,1299,2
1787,1591,2
1787,1788,2
1787,1914,2
1788,1347,2
1788,1548,2
1788,1787,2
1788,1896,2
1789,802,2
1789,1783,2
1789,1790,2
1789,1939,2
1790,121,2
1790,1789,2
1790,1919,2
1790,1996,2
1791,991,2
1791,1635,2
1791,1839,2
1791,1896,2
1792,254,2
1792,1631,2
1792,1707,2
1792,1932,2
1793,1655,2
1793,1796,2
1793,1850,2
1793,1880,2
1794,1555,2
1794,1607,2
1794,1778,2
1794,1830,2
1795,139,2
1795,255,2
1795,1501,2
1795,1990,2
1796,1273,2
1796,1481,2
1796,1793,2
1796,1996,2
1797,183,2
1797,1484,2
1797,1800,2
1797,1871,2
1798,1114,2
1798,1801,2
1798,1893,2
1798,1975,2
1799,1571,2
1799,1771,2
1799,1839,2
1799,1869,2
1800,1797,2
1800,1827,2
1800,1829,2
1800,1979,2
1801,961,2
1801,1612,2
1801,1798,2
1801,1981,2
1802,1618,2
1802,1803,2
1802,1862,2
1802,1993,2
1803,1251,2
1803,1605,2
1803,1802,2
1803,1839,2
1804,1412,2
1804,1861,2
1804,1863,2
1804,1911,2
1805,1299,2
1805,1478,2
1805,1806,2
1805,1914,2
1806,1513,2
1806,1805,2
1806,1909,2
1806,1952,2
1807,1582,2
1807,1717,2
1807,1946,2
1807,1948,2
1808,599,2
1808,1679,2
1808,1684,2
1808,1938,2
1809,8,2
1809,1231,2
1809,1845,2
1809,1998,2
1810,441,2
1810,1672,2
1810,1838,2
1810,1987,2
1811,786,2
1811,1406,2
1811,1528,2
1811,1728,2
1812,1442,2
1812,1753,2
1812,1813,2
1812,1844,2
1813,1235,2
1813,1812,2
1813,1875,2
1813,1987,2
1814,22,2
1814,1457,2
1814,1816,2
1814,1973,2
1815,255,2
1815,365,2
1815,1407,2
1815,1495,2
1816,1018,2
1816,1814,2
1816,1841,2
1816,1955,2
1817,1369,2
1817,1545,2
1817,1818,2
1817,1940,2
1818,1404,2
1818,1745,2
1818,1817,2
1818,1970,2
1819,681,2
1819,1433,2
1819,1820,2
1819,1857,2
1820,1733,2
1820,1819,2
1820,1867,2
1820,1877,2
1821,1291,2
1821,1765,2
1821,1822,2
1821,1994,2
1822,549,2
1822,1474,2
1822,1821,2
1822,1983,2
1823,1537,2
1823,1584,2
1823,1824,2
1823,1915,2
1824,1399,2
1824,1436,2
1824,1823,2
1824,1974,2
1825,482,2
1825,1701,2
1825,1743,2
1825,1826,2
1826,1487,2
1826,1603,2
1826,1825,2
1826,1923,2
1827,456,2
1827,1800,2
1827,1828,2
1827,1979,2
1828,1656,2
1828,1672,2
1828,1827,2
1828,1838,2
1829,1602,2
1829,1800,2
1829,1830,2
1829,1979,2
1830,404,2
1830,1543,2
1830,1794,2
1830,1829,2
1831,1416,2
1831,1776,2
1831,1909,2
1831,1935,2
1832,966,2
1832,1547,2
1832,1833,2
1832,1913,2
1833,303,2
1833,1832,2
1833,1847,2
1833,1938,2
1834,1447,2
1834,1569,2
1834,1934,2
1834,1955,2
1835,922,2
1835,982,2
1835,1744,2
1835,1876,2
1836,799,2
1836,1837,2
1836,1882,2
1836,1944,2
1837,1330,2
1837,1836,2
1837,1986,2
1837,1988,2
1838,68,2
1838,1810,2
1838,1828,2
1838,1839,2
1839,1791,2
1839,1799,2
1839,1803,2
1839,1838,2
1839,1869,2
1840,1513,2
1840,1730,2
1840,1748,2
1840,1841,2
1840,1984,2
1841,1018,2
1841,1816,2
1841,1840,2
1841,1924,2
1841,1934,2
1842,695,2
1842,1640,2
1842,1843,2
1842,1913,2
1842,1944,2
1843,1642,2
1843,1680,2
1843,1842,2
1843,1983,2
1843,1984,2
1844,1703,2
1844,1812,2
1844,1845,2
1844,1850,2
1844,1883,2
1845,1471,2
1845,1528,2
1845,1662,2
1845,1809,2
1845,1844,2
1846,1472,2
1846,1541,2
1846,1570,2
1846,1847,2
1846,1857,2
1847,303,2
1847,1742,2
1847,1833,2
1847,1846,2
1847,1866,2
1848,672,2
1848,1291,2
1848,1849,2
1848,1965,2
1848,1994,2
1849,1133,2
1849,1694,2
1849,1848,2
1849,1864,2
1849,1914,2
1850,1753,2
1850,1793,2
1850,1844,2
1850,1851,2
1850,1883,2
1851,684,2
1851,1715,2
1851,1850,2
1851,1948,2
1851,1950,2
1852,25,2
1852,1766,2
1852,1853,2
1852,1905,2
1852,1908,2
1853,1151,2
1853,1219,2
1853,1464,2
1853,1852,2
1853,1865,2
1854,1543,2
1854,1607,2
1854,1775,2
1854,1855,2
1854,1951,2
1855,1584,2
1855,1624,2
1855,1854,2
1855,1877,2
1855,1915,2
1856,304,2
1856,1526,2
1856,1693,2
1856,1857,2
1856,1941,2
1857,1155,2
1857,1433,2
1857,1819,2
1857,1846,2
1857,1856,2
1858,1214,2
1858,1427,2
1858,1617,2
1858,1676,2
1858,1859,2
1859,1737,2
1859,1747,2
1859,1858,2
1859,1965,2
1859,1994,2
1860,335,2
1860,1861,2
1860,1904,2
1860,1907,2
1860,1967,2
1861,1804,2
1861,1860,2
1861,1863,2
1861,1911,2
1861,1946,2
1862,1400,2
1862,1802,2
1862,1863,2
1862,1970,2
1862,1993,2
1863,1758,2
1863,1804,2
1863,1861,2
1863,1862,2
1863,1948,2
1864,1133,2
1864,1478,2
1864,1849,2
1864,1865,2
1864,1914,2
1865,1222,2
1865,1363,2
1865,1441,2
1865,1853,2
1865,1864,2
1866,216,2
1866,957,2
1866,1751,2
1866,1847,2
1866,1867,2
1867,1306,2
1867,1534,2
1867,1557,2
1867,1820,2
1867,1866,2
1868,715,2
1868,1562,2
1868,1869,2
1868,1878,2
1868,1956,2
1869,28,2
1869,938,2
1869,1799,2
1869,1839,2
1869,1868,2
1870,1424,2
1870,1712,2
1870,1871,2
1870,1970,2
1870,1997,2
1871,1376,2
1871,1484,2
1871,1797,2
1871,1870,2
1871,1906,2
1872,1504,2
1872,1702,2
1872,1722,2
1872,1873,2
1872,1931,2
1873,1414,2
1873,1422,2
1873,1628,2
1873,1872,2
1873,1960,2
1874,589,2
1874,729,2
1874,1644,2
1874,1933,2
1874,1942,2
1875,266,2
1875,271,2
1875,536,2
1875,1813,2
1875,1943,2
1876,1465,2
1876,1723,2
1876,1744,2
1876,1835,2
1876,1877,2
1877,1624,2
1877,1677,2
1877,1820,2
1877,1855,2
1877,1876,2
1878,715,2
1878,1212,2
1878,1709,2
1878,1868,2
1878,1879,2
1879,1566,2
1879,1621,2
1879,1777,2
1879,1878,2
1879,1945,2
1880,1023,2
1880,1729,2
1880,1793,2
1880,1881,2
1880,1963,2
1881,1707,2
1881,1880,2
1881,1894,2
1881,1921,2
1881,1930,2
1882,1836,2
1882,1883,2
1882,1913,2
1882,1929,2
1882,1956,2
1883,208,2
1883,1531,2
1883,1844,2
1883,1850,2
1883,1882,2
1884,1452,2
1884,1486,2
1884,1782,2
1884,1885,2
1884,1940,2
1885,158,2
1885,483,2
1885,1884,2
1885,1960,2
1885,1975,2
1886,1568,2
1886,1668,2
1886,1887,2
1886,1922,2
1886,1980,2
1887,802,2
1887,1577,2
1887,1783,2
1887,1886,2
1887,1959,2
1888,1468,2
1888,1623,2
1888,1889,2
1888,1953,2
1888,1991,2
1889,172,2
1889,640,2
1889,1706,2
1889,1888,2
1889,1971,2
1890,994,2
1890,1266,2
1890,1300,2
1890,1609,2
1890,1891,2
1891,1605,2
1891,1771,2
1891,1774,2
1891,1890,2
1891,1896,2
1892,22,2
1892,1705,2
1892,1893,2
1892,1973,2
1892,1994,2
1893,1114,2
1893,1749,2
1893,1798,2
1893,1892,2
1893,1975,2
1894,300,2
1894,1881,2
1894,1895,2
1894,1921,2
1894,1930,2
1895,724,2
1895,1894,2
1895,1935,2
1895,1952,2
1895,1984,2
1896,1336,2
1896,1788,2
1896,1791,2
1896,1891,2
1896,1897,2
1897,302,2
1897,1099,2
1897,1714,2
1897,1896,2
1897,1964,2
1898,1057,2
1898,1899,2
1898,1920,2
1898,1931,2
1898,2000,2
1899,834,2
1899,1536,2
1899,1898,2
1899,1908,2
1899,1910,2
1900,1468,2
1900,1735,2
1900,1901,2
1900,1966,2
1900,1991,2
1901,564,2
1901,1559,2
1901,1755,2
1901,1759,2
1901,1900,2
1902,1505,2
1902,1779,2
1902,1903,2
1902,1922,2
1902,1980,2
1903,1767,2
1903,1769,2
1903,1902,2
1903,1938,2
1903,1978,2
1904,463,2
1904,1554,2
1904,1860,2
1904,1905,2
1904,1967,2
1905,537,2
1905,1766,2
1905,1852,2
1905,1904,2
1905,1910,2
1906,1253,2
1906,1484,2
1906,1871,2
1906,1907,2
1906,1980,2
1907,282,2
1907,1554,2
1907,1764,2
1907,1860,2
1907,1906,2
1908,25,2
1908,1536,2
1908,1545,2
1908,1852,2
1908,1899,2
1908,1909,2
1909,1382,2
1909,1748,2
1909,1768,2
1909,1806,2
1909,1831,2
1909,1908,2
1910,49,2
1910,443,2
1910,1369,2
1910,1899,2
1910,1905,2
1910,1911,2
1911,1667,2
1911,1758,2
1911,1804,2
1911,1861,2
1911,1910,2
1911,1950,2
1912,1455,2
1912,1671,2
1912,1686,2
1912,1698,2
1912,1699,2
1912,1913,2
1913,1762,2
1913,1832,2
1913,1842,2
1913,1882,2
1913,1912,2
1913,1956,2
1914,1787,2
1914,1805,2
1914,1849,2
1914,1864,2
1914,1921,2
1914,1930,2
1915,519,2
1915,1557,2
1915,1733,2
1915,1823,2
1915,1855,2
1915,1916,2
1916,126,2
1916,1314,2
1916,1370,2
1916,1676,2
1916,1915,2
1916,1982,2
1917,553,2
1917,1464,2
1917,1616,2
1917,1691,2
1917,1719,2
1917,1918,2
1918,1398,2
1918,1399,2
1918,1739,2
1918,1917,2
1918,1972,2
1918,1974,2
1919,53,2
1919,1045,2
1919,1078,2
1919,1426,2
1919,1636,2
1919,1790,2
1920,657,2
1920,1504,2
1920,1784,2
1920,1898,2
1920,1922,2
1920,1931,2
1921,1341,2
1921,1881,2
1921,1894,2
1921,1914,2
1921,1932,2
1921,1992,2
1922,1253,2
1922,1376,2
1922,1886,2
1922,1902,2
1922,1920,2
1922,1980,2
1923,1487,2
1923,1567,2
1923,1593,2
1923,1826,2
1923,1924,2
1923,1928,2
1924,1724,2
1924,1757,2
1924,1841,2
1924,1923,2
1924,1925,2
1924,1934,2
1925,943,2
1925,1223,2
1925,1224,2
1925,1397,2
1925,1430,2
1925,1924,2
1926,1534,2
1926,1649,2
1926,1674,2
1926,1677,2
1926,1733,2
1926,1927,2
1927,593,2
1927,841,2
1927,1383,2
1927,1389,2
1927,1661,2
1927,1926,2
1928,77,2
1928,746,2
1928,1716,2
1928,1923,2
1928,1931,2
1928,1985,2
1929,1640,2
1929,1882,2
1929,1932,2
1929,1944,2
1929,1956,2
1929,1992,2
1930,1608,2
1930,1881,2
1930,1894,2
1930,1914,2
1930,1947,2
1930,1992,2
1931,1057,2
1931,1539,2
1931,1784,2
1931,1872,2
1931,1898,2
1931,1920,2
1931,1928,2
1932,324,2
1932,1608,2
1932,1707,2
1932,1792,2
1932,1921,2
1932,1929,2
1932,1933,2
1933,729,2
1933,1652,2
1933,1736,2
1933,1874,2
1933,1932,2
1933,1938,2
1933,1942,2
1934,1724,2
1934,1734,2
1934,1757,2
1934,1834,2
1934,1841,2
1934,1924,2
1934,1935,2
1935,1382,2
1935,1527,2
1935,1768,2
1935,1776,2
1935,1831,2
1935,1895,2
1935,1934,2
1936,658,2
1936,807,2
1936,916,2
1936,922,2
1936,1449,2
1936,1938,2
1936,1939,2
1937,124,2
1937,672,2
1937,926,2
1937,1725,2
1937,1737,2
1937,1973,2
1937,1994,2
1938,1357,2
1938,1751,2
1938,1808,2
1938,1833,2
1938,1903,2
1938,1933,2
1938,1936,2
1939,454,2
1939,1588,2
1939,1772,2
1939,1789,2
1939,1936,2
1939,1940,2
1939,1995,2
1940,1560,2
1940,1766,2
1940,1782,2
1940,1817,2
1940,1884,2
1940,1939,2
1940,1943,2
1941,192,2
1941,821,2
1941,886,2
1941,953,2
1941,1161,2
1941,1277,2
1941,1856,2
1942,98,2
1942,292,2
1942,1648,2
1942,1688,2
1942,1736,2
1942,1874,2
1942,1933,2
1943,629,2
1943,1235,2
1943,1761,2
1943,1875,2
1943,1940,2
1943,1944,2
1943,1961,2
1944,240,2
1944,1154,2
1944,1836,2
1944,1842,2
1944,1929,2
1944,1943,2
1944,1949,2
1945,543,2
1945,1401,2
1945,1462,2
1945,1598,2
1945,1687,2
1945,1752,2
1945,1879,2
1946,65,2
1946,1467,2
1946,1480,2
1946,1507,2
1946,1807,2
1946,1861,2
1946,1947,2
1947,1392,2
1947,1573,2
1947,1575,2
1947,1631,2
1947,1781,2
1947,1930,2
1947,1946,2
1948,186,2
1948,1272,2
1948,1667,2
1948,1717,2
1948,1807,2
1948,1851,2
1948,1863,2
1949,1335,2
1949,1350,2
1949,1639,2
1949,1785,2
1949,1944,2
1949,1955,2
1949,1999,2
1950,1016,2
1950,1226,2
1950,1715,2
1950,1732,2
1950,1851,2
1950,1911,2
1950,1951,2
1951,932,2
1951,1463,2
1951,1696,2
1951,1746,2
1951,1760,2
1951,1854,2
1951,1950,2
1952,1698,2
1952,1713,2
1952,1730,2
1952,1768,2
1952,1806,2
1952,1895,2
1952,1983,2
1953,273,2
1953,1578,2
1953,1610,2
1953,1763,2
1953,1888,2
1953,1954,2
1953,1991,2
1954,560,2
1954,982,2
1954,1002,2
1954,1295,2
1954,1344,2
1954,1444,2
1954,1953,2
1955,1430,2
1955,1757,2
1955,1816,2
1955,1834,2
1955,1949,2
1955,1956,2
1955,1981,2
1956,514,2
1956,1868,2
1956,1882,2
1956,1913,2
1956,1929,2
1956,1955,2
1956,1957,2
1957,316,2
1957,530,2
1957,596,2
1957,920,2
1957,1435,2
1957,1956,2
1957,1959,2
1958,621,2
1958,673,2
1958,704,2
1958,843,2
1958,853,2
1958,914,2
1958,1494,2
1958,1960,2
1959,58,2
1959,734,2
1959,1375,2
1959,1519,2
1959,1772,2
1959,1887,2
1959,1957,2
1959,1962,2
1960,1451,2
1960,1524,2
1960,1586,2
1960,1599,2
1960,1659,2
1960,1873,2
1960,1885,2
1960,1958,2
1961,490,2
1961,835,2
1961,1166,2
1961,1606,2
1961,1675,2
1961,1761,2
1961,1943,2
1961,1964,2
1962,1059,2
1962,1126,2
1962,1202,2
1962,1289,2
1962,1292,2
1962,1332,2
1962,1959,2
1962,1963,2
1963,1490,2
1963,1529,2
1963,1678,2
1963,1731,2
1963,1753,2
1963,1880,2
1963,1962,2
1963,1965,2
1964,1523,2
1964,1525,2
1964,1615,2
1964,1691,2
1964,1714,2
1964,1719,2
1964,1897,2
1964,1961,2
1965,1432,2
1965,1747,2
1965,1765,2
1965,1848,2
1965,1859,2
1965,1963,2
1965,1966,2
1965,1973,2
1966,1381,2
1966,1522,2
1966,1735,2
1966,1763,2
1966,1900,2
1966,1965,2
1966,1968,2
1966,1991,2
1967,335,2
1967,739,2
1967,1046,2
1967,1056,2
1967,1158,2
1967,1860,2
1967,1904,2
1967,1969,2
1968,380,2
1968,884,2
1968,1051,2
1968,1104,2
1968,1389,2
1968,1663,2
1968,1966,2
1968,1970,2
1969,414,2
1969,452,2
1969,496,2
1969,701,2
1969,845,2
1969,1031,2
1969,1726,2
1969,1967,2
1970,31,2
1970,1400,2
1970,1404,2
1970,1448,2
1970,1818,2
1970,1862,2
1970,1870,2
1970,1968,2
1970,1972,2
1971,616,2
1971,622,2
1971,1200,2
1971,1477,2
1971,1535,2
1971,1564,2
1971,1704,2
1971,1785,2
1971,1889,2
1972,770,2
1972,1398,2
1972,1436,2
1972,1458,2
1972,1596,2
1972,1918,2
1972,1970,2
1972,1973,2
1972,1974,2
1973,1457,2
1973,1459,2
1973,1546,2
1973,1814,2
1973,1892,2
1973,1937,2
1973,1965,2
1973,1972,2
1973,1974,2
1974,82,2
1974,1317,2
1974,1436,2
1974,1596,2
1974,1824,2
1974,1918,2
1974,1972,2
1974,1973,2
1974,1975,2
1975,395,2
1975,970,2
1975,1520,2
1975,1599,2
1975,1798,2
1975,1885,2
1975,1893,2
1975,1974,2
1975,1976,2
1976,139,2
1976,358,2
1976,365,2
1976,1252,2
1976,1294,2
1976,1501,2
1976,1975,2
1976,1977,2
1976,1990,2
1977,401,2
1977,510,2
1977,655,2
1977,1489,2
1977,1581,2
1977,1600,2
1977,1727,2
1977,1976,2
1977,1978,2
1978,631,2
1978,1569,2
1978,1679,2
1978,1684,2
1978,1767,2
1978,1769,2
1978,1903,2
1978,1977,2
1978,1979,2
1979,679,2
1979,1397,2
1979,1447,2
1979,1721,2
1979,1800,2
1979,1827,2
1979,1829,2
1979,1978,2
1979,1980,2
1980,779,2
1980,1505,2
1980,1756,2
1980,1779,2
1980,1886,2
1980,1902,2
1980,1906,2
1980,1922,2
1980,1979,2
1980,1981,2
1981,1538,2
1981,1602,2
1981,1612,2
1981,1614,2
1981,1673,2
1981,1734,2
1981,1801,2
1981,1955,2
1981,1980,2
1981,1983,2
1982,318,2
1982,500,2
1982,781,2
1982,878,2
1982,1194,2
1982,1510,2
1982,1630,2
1982,1916,2
1982,1983,2
1982,1984,2
1983,1416,2
1983,1474,2
1983,1692,2
1983,1710,2
1983,1748,2
1983,1822,2
1983,1843,2
1983,1952,2
1983,1981,2
1983,1982,2
1984,959,2
1984,1527,2
1984,1642,2
1984,1710,2
1984,1730,2
1984,1840,2
1984,1843,2
1984,1895,2
1984,1982,2
1984,1986,2
1985,1053,2
1985,1421,2
1985,1593,2
1985,1601,2
1985,1647,2
1985,1666,2
1985,1708,2
1985,1928,2
1985,1986,2
1985,1988,2
1986,175,2
1986,652,2
1986,708,2
1986,918,2
1986,1264,2
1986,1330,2
1986,1754,2
1986,1837,2
1986,1984,2
1986,1985,2
1987,406,2
1987,490,2
1987,506,2
1987,525,2
1987,536,2
1987,723,2
1987,775,2
1987,1301,2
1987,1606,2
1987,1810,2
1987,1813,2
1988,389,2
1988,825,2
1988,1477,2
1988,1564,2
1988,1639,2
1988,1704,2
1988,1741,2
1988,1754,2
1988,1837,2
1988,1985,2
1988,1989,2
1989,215,2
1989,342,2
1989,616,2
1989,677,2
1989,831,2
1989,893,2
1989,1385,2
1989,1632,2
1989,1646,2
1989,1988,2
1989,1990,2
1990,358,2
1990,499,2
1990,767,2
1990,909,2
1990,1177,2
1990,1189,2
1990,1407,2
1990,1795,2
1990,1976,2
1990,1989,2
1990,1999,2
1991,656,2
1991,735,2
1991,1095,2
1991,1468,2
1991,1589,2
1991,1750,2
1991,1888,2
1991,1900,2
1991,1953,2
1991,1966,2
1991,1998,2
1991,2000,2
1992,770,2
1992,777,2
1992,864,2
1992,960,2
1992,1220,2
1992,1453,2
1992,1458,2
1992,1574,2
1992,1613,2
1992,1739,2
1992,1921,2
1992,1929,2
1992,1930,2
1993,1283,2
1993,1400,2
1993,1404,2
1993,1409,2
1993,1470,2
1993,1695,2
1993,1712,2
1993,1713,2
1993,1745,2
1993,1802,2
1993,1862,2
1993,1994,2
1993,1996,2
1994,1364,2
1994,1411,2
1994,1432,2
1994,1496,2
1994,1558,2
1994,1705,2
1994,1821,2
1994,1848,2
1994,1859,2
1994,1892,2
1994,1937,2
1994,1993,2
1994,1995,2
1994,1997,2
1995,203,2
1995,262,2
1995,405,2
1995,972,2
1995,988,2
1995,1083,2
1995,1188,2
1995,1250,2
1995,1519,2
1995,1577,2
1995,1718,2
1995,1773,2
1995,1939,2
1995,1994,2
1995,1996,2
1996,121,2
1996,229,2
1996,262,2
1996,415,2
1996,488,2
1996,599,2
1996,649,2
1996,749,2
1996,1007,2
1996,1090,2
1996,1100,2
1996,1481,2
1996,1790,2
1996,1796,2
1996,1993,2
1996,1995,2
1997,308,2
1997,1283,2
1997,1409,2
1997,1424,2
1997,1466,2
1997,1470,2
1997,1502,2
1997,1553,2
1997,1629,2
1997,1653,2
1997,1695,2
1997,1870,2
1997,1994,2
1997,1999,2
1998,8,2
1998,35,2
1998,40,2
1998,102,2
1998,125,2
1998,165,2
1998,214,2
1998,241,2
1998,338,2
1998,805,2
1998,973,2
1998,1245,2
1998,1728,2
1998,1809,2
1998,1991,2
1998,1999,2
1998,2000,2
1999,299,2
1999,784,2
1999,825,2
1999,900,2
1999,906,2
1999,919,2
1999,1040,2
1999,1200,2
1999,1298,2
1999,1308,2
1999,1353,2
1999,1706,2
1999,1741,2
1999,1949,2
1999,1990,2
1999,1997,2
1999,1998,2
2000,6,2
2000,26,2
2000,50,2
2000,60,2
2000,85,2
2000,170,2
2000,424,2
2000,709,2
2000,948,2
2000,1024,2
2000,1067,2
2000,1123,2
2000,1217,2
2000,1225,2
2000,1722,2
2000,1898,2
2000,1991,2
2000,1998,2
1,66,3
1,145,3
2,223,3
2,336,3
3,308,3
3,473,3
4,24,3
4,760,3
5,1994,3
5,2000,3
6,829,3
6,978,3
7,112,3
7,817,3
8,35,3
8,102,3
9,88,3
9,368,3
10,14,3
10,209,3
11,294,3
11,1052,3
12,301,3
12,452,3
13,44,3
13,1900,3
14,10,3
14,16,3
15,16,3
15,69,3
16,14,3
16,15,3
17,68,3
17,951,3
18,19,3
18,61,3
19,18,3
19,897,3
20,117,3
20,1426,3
21,90,3
21,216,3
22,34,3
22,222,3
23,31,3
23,1759,3
24,4,3
24,39,3
25,522,3
25,782,3
26,50,3
26,327,3
27,254,3
27,1806,3
28,445,3
28,1896,3
29,134,3
29,219,3
30,75,3
30,619,3
31,23,3
31,52,3
32,37,3
32,65,3
33,64,3
33,100,3
34,22,3
34,257,3
35,8,3
35,786,3
36,242,3
36,284,3
37,32,3
37,65,3
38,1579,3
38,1912,3
39,24,3
39,1084,3
40,1809,3
40,1998,3
41,42,3
41,97,3
42,41,3
42,1548,3
43,45,3
43,706,3
44,13,3
44,78,3
45,43,3
45,462,3
46,79,3
46,534,3
47,320,3
47,1372,3
48,49,3
48,94,3
49,48,3
49,191,3
50,26,3
50,60,3
51,148,3
51,801,3
52,31,3
52,53,3
53,52,3
53,613,3
54,301,3
54,414,3
55,77,3
55,1174,3
56,443,3
56,537,3
57,1617,3
57,1858,3
58,184,3
58,1959,3
59,260,3
59,486,3
60,50,3
60,173,3
61,18,3
61,62,3
62,61,3
62,290,3
63,304,3
63,559,3
64,33,3
64,82,3
65,32,3
65,37,3
66,1,3
66,185,3
67,69,3
67,266,3
68,17,3
68,140,3
69,15,3
69,67,3
70,71,3
70,387,3
71,70,3
71,278,3
72,357,3
72,1096,3
73,74,3
73,654,3
74,73,3
74,1917,3
75,30,3
75,143,3
76,436,3
76,556,3
77,55,3
77,239,3
78,44,3
78,93,3
79,46,3
79,345,3
80,86,3
80,580,3
81,219,3
81,252,3
82,64,3
82,777,3
83,1269,3
83,1371,3
84,199,3
84,351,3
85,517,3
85,1898,3
86,80,3
86,144,3
87,89,3
87,236,3
88,9,3
88,231,3
89,87,3
89,374,3
90,21,3
90,134,3
91,884,3
91,1383,3
92,110,3
92,1785,3
93,78,3
93,111,3
94,48,3
94,96,3
95,140,3
95,633,3
96,94,3
96,1832,3
97,41,3
97,98,3
98,97,3
98,238,3
99,151,3
99,350,3
100,33,3
100,180,3
101,103,3
101,1964,3
102,8,3
102,786,3
103,101,3
103,1439,3
104,106,3
104,359,3
105,150,3
105,1667,3
106,104,3
106,113,3
107,114,3
107,900,3
108,1690,3
108,1993,3
109,1688,3
109,1874,3
110,92,3
110,299,3
111,93,3
111,250,3
112,7,3
112,380,3
113,106,3
113,115,3
114,107,3
114,299,3
115,113,3
115,233,3
116,1031,3
116,1901,3
117,20,3
117,118,3
118,117,3
118,127,3
119,1298,3
119,1999,3
120,353,3
120,568,3
121,229,3
121,1996,3
122,124,3
122,319,3
123,250,3
123,385,3
124,122,3
125,766,3
125,1998,3
126,1630,3
126,1858,3
127,118,3
127,128,3
128,127,3
128,288,3
129,721,3
129,1019,3
130,292,3
130,407,3
131,132,3
131,265,3
132,131,3
132,169,3
133,146,3
133,1038,3
134,29,3
134,90,3
135,200,3
135,1731,3
136,309,3
136,1192,3
137,180,3
137,578,3
138,141,3
138,605,3
139,358,3
139,1407,3
140,68,3
140,95,3
141,138,3
141,1402,3
142,150,3
142,172,3
143,75,3
143,161,3
144,86,3
144,153,3
145,1,3
145,185,3
146,133,3
146,334,3
147,1327,3
147,1969,3
148,51,3
148,801,3
149,157,3
149,164,3
150,105,3
150,142,3
151,99,3
151,419,3
152,227,3
152,268,3
153,144,3
153,356,3
154,440,3
154,563,3
155,222,3
155,417,3
156,381,3
156,1699,3
157,149,3
157,1522,3
158,1520,3
158,1873,3
159,381,3
159,391,3
160,189,3
160,555,3
161,143,3
161,328,3
162,414,3
162,496,3
163,835,3
163,1961,3
164,149,3
164,165,3
165,164,3
165,1728,3
166,167,3
166,280,3
167,166,3
167,1710,3
168,169,3
168,195,3
169,132,3
169,168,3
170,172,3
170,1788,3
171,408,3
171,448,3
172,142,3
172,170,3
173,60,3
173,424,3
174,175,3
174,1554,3
175,174,3
175,186,3
176,1762,3
176,1832,3
177,178,3
177,305,3
178,177,3
178,347,3
179,281,3
179,367,3
180,100,3
180,137,3
181,232,3
181,598,3
182,183,3
182,480,3
183,182,3
183,1797,3
184,58,3
184,1959,3
185,66,3
185,145,3
186,175,3
186,187,3
187,186,3
187,245,3
188,235,3
188,276,3
189,160,3
189,1289,3
190,191,3
190,1285,3
191,49,3
191,190,3
192,194,3
192,218,3
193,564,3
193,1969,3
194,192,3
194,283,3
195,168,3
195,197,3
196,428,3
196,1267,3
197,195,3
197,577,3
198,770,3
198,772,3
199,84,3
199,292,3
200,135,3
200,208,3
201,204,3
201,300,3
202,212,3
202,470,3
203,442,3
203,945,3
204,201,3
204,311,3
205,206,3
205,508,3
206,205,3
206,343,3
207,1671,3
207,1672,3
208,200,3
208,256,3
209,10,3
209,210,3
210,209,3
210,763,3
211,1400,3
211,1712,3
212,202,3
212,395,3
213,1936,3
213,1962,3
214,215,3
214,1367,3
215,214,3
215,342,3
216,21,3
216,221,3
217,227,3
217,315,3
218,192,3
218,230,3
219,29,3
219,81,3
220,1287,3
220,1999,3
221,216,3
221,1697,3
222,22,3
222,155,3
223,2,3
223,313,3
224,348,3
224,391,3
225,321,3
225,372,3
226,267,3
226,815,3
227,152,3
227,217,3
228,249,3
228,293,3
229,121,3
229,1996,3
230,218,3
230,240,3
231,88,3
231,306,3
232,181,3
232,610,3
233,115,3
233,236,3
234,1525,3
234,1616,3
235,188,3
235,1743,3
236,87,3
236,233,3
237,554,3
237,592,3
238,98,3
238,243,3
239,77,3
239,554,3
240,230,3
240,245,3
241,1245,3
241,1998,3
242,36,3
242,533,3
243,238,3
243,484,3
244,246,3
244,1507,3
245,187,3
245,240,3
246,244,3
246,618,3
247,778,3
247,795,3
248,1414,3
248,1960,3
249,228,3
249,293,3
250,111,3
250,123,3
251,253,3
251,441,3
252,81,3
252,303,3
253,251,3
253,322,3
254,27,3
254,259,3
255,909,3
255,1976,3
256,208,3
256,258,3
257,34,3
257,313,3
258,256,3
258,279,3
259,254,3
259,521,3
260,59,3
260,502,3
261,1617,3
261,1620,3
262,378,3
262,505,3
262,2000,3
263,1631,3
263,1781,3
264,1636,3
264,1790,3
265,131,3
265,1186,3
266,67,3
266,269,3
267,226,3
267,558,3
268,152,3
268,429,3
269,266,3
269,910,3
270,303,3
270,663,3
271,272,3
271,752,3
272,271,3
272,2000,3
273,312,3
273,355,3
274,275,3
274,1969,3
275,274,3
275,1807,3
276,188,3
276,332,3
277,278,3
277,1060,3
278,71,3
278,277,3
279,258,3
279,962,3
280,166,3
280,283,3
281,179,3
281,1129,3
282,335,3
282,401,3
283,194,3
283,280,3
284,36,3
284,533,3
285,306,3
285,425,3
286,334,3
286,1562,3
287,288,3
287,725,3
288,128,3
288,287,3
289,672,3
289,1994,3
290,62,3
290,295,3
291,1961,3
291,1987,3
292,130,3
292,199,3
293,228,3
293,249,3
294,11,3
294,317,3
295,290,3
295,438,3
296,300,3
296,393,3
297,628,3
297,964,3
298,528,3
298,581,3
299,110,3
299,114,3
300,201,3
300,296,3
301,12,3
301,54,3
302,340,3
302,468,3
303,252,3
303,270,3
304,63,3
304,953,3
305,177,3
305,332,3
306,231,3
306,285,3
307,1062,3
307,1442,3
308,3,3
308,436,3
309,136,3
309,369,3
310,371,3
310,379,3
311,204,3
311,314,3
312,273,3
312,388,3
313,223,3
313,257,3
314,311,3
314,456,3
315,217,3
315,481,3
316,530,3
316,920,3
317,294,3
317,340,3
318,1214,3
318,1916,3
319,122,3
319,322,3
320,47,3
320,582,3
321,225,3
321,372,3
322,253,3
322,319,3
323,324,3
323,828,3
324,323,3
324,1932,3
325,1221,3
325,1997,3
326,439,3
326,757,3
327,26,3
327,526,3
328,161,3
328,399,3
329,337,3
329,386,3
330,1732,3
330,1948,3
331,338,3
331,397,3
332,276,3
332,305,3
333,390,3
333,479,3
334,146,3
334,286,3
335,282,3
335,1197,3
336,2,3
336,685,3
337,329,3
337,386,3
338,331,3
338,1998,3
339,1297,3
339,1983,3
340,302,3
340,317,3
341,342,3
341,1872,3
342,215,3
342,341,3
343,206,3
343,349,3
344,400,3
344,1777,3
345,79,3
345,598,3
346,1515,3
346,1938,3
347,178,3
347,1190,3
348,224,3
348,402,3
349,343,3
349,469,3
350,99,3
350,419,3
351,84,3
351,455,3
352,482,3
352,1701,3
353,120,3
353,558,3
354,356,3
354,376,3
355,273,3
355,1368,3
356,153,3
356,354,3
357,72,3
357,1584,3
358,139,3
358,1815,3
359,104,3
359,360,3
360,359,3
360,463,3
361,1682,3
361,1992,3
362,363,3
362,394,3
363,362,3
363,503,3
364,370,3
364,1753,3
365,1501,3
365,1990,3
366,1829,3
366,1955,3
367,179,3
367,459,3
368,9,3
368,546,3
369,309,3
369,495,3
370,364,3
370,413,3
371,310,3
371,390,3
372,225,3
372,321,3
373,402,3
373,457,3
374,89,3
374,375,3
375,374,3
375,516,3
376,354,3
376,377,3
377,376,3
377,1856,3
378,262,3
378,573,3
379,310,3
379,1136,3
380,112,3
380,1389,3
381,156,3
381,159,3
382,678,3
382,1125,3
383,403,3
383,1350,3
384,1292,3
384,1744,3
385,123,3
385,388,3
386,329,3
386,337,3
387,70,3
387,392,3
388,312,3
388,385,3
389,784,3
389,1999,3
390,333,3
390,371,3
391,159,3
391,224,3
392,387,3
392,446,3
393,296,3
393,481,3
394,362,3
394,397,3
395,212,3
395,399,3
396,1703,3
396,1880,3
397,331,3
397,394,3
398,611,3
398,1478,3
399,328,3
399,395,3
400,344,3
400,1945,3
401,282,3
401,1197,3
402,348,3
402,373,3
403,383,3
403,1999,3
404,932,3
404,1830,3
405,442,3
405,454,3
406,525,3
406,1961,3
407,130,3
407,455,3
408,171,3
408,448,3
409,666,3
409,705,3
410,412,3
410,999,3
411,548,3
411,1965,3
412,410,3
412,1990,3
413,370,3
413,415,3
414,54,3
414,162,3
415,413,3
415,1996,3
416,682,3
416,1864,3
417,155,3
417,809,3
418,423,3
418,608,3
419,151,3
419,350,3
420,1376,3
420,1902,3
421,1478,3
421,1591,3
422,640,3
422,1999,3
423,418,3
423,1570,3
424,173,3
424,565,3
425,285,3
425,546,3
426,1305,3
426,1490,3
427,1602,3
427,1614,3
428,196,3
428,1229,3
429,268,3
429,1480,3
430,482,3
430,531,3
431,528,3
431,595,3
432,433,3
432,1879,3
433,432,3
433,539,3
434,458,3
434,498,3
435,438,3
435,683,3
436,76,3
436,308,3
437,1243,3
437,1784,3
438,295,3
438,435,3
439,326,3
439,458,3
440,154,3
440,1713,3
441,251,3
441,444,3
442,203,3
442,405,3
443,56,3
443,522,3
444,441,3
444,519,3
445,28,3
445,1891,3
446,392,3
446,447,3
447,446,3
447,744,3
448,171,3
448,408,3
449,758,3
449,1877,3
450,451,3
450,589,3
451,450,3
451,491,3
452,12,3
452,1167,3
453,566,3
453,612,3
454,405,3
454,550,3
455,351,3
455,407,3
456,314,3
456,463,3
457,373,3
457,475,3
458,434,3
458,439,3
459,367,3
459,1774,3
460,609,3
460,1790,3
461,940,3
461,1352,3
462,45,3
462,476,3
463,360,3
463,456,3
464,495,3
464,549,3
465,466,3
465,855,3
466,465,3
466,529,3
467,550,3
467,571,3
468,302,3
468,617,3
469,349,3
469,472,3
470,202,3
470,604,3
471,594,3
471,656,3
472,469,3
472,727,3
473,3,3
473,485,3
474,514,3
474,1428,3
475,457,3
475,1391,3
476,462,3
476,557,3
477,712,3
477,1948,3
478,483,3
478,764,3
479,333,3
479,636,3
480,182,3
480,582,3
481,315,3
481,393,3
482,352,3
482,430,3
483,478,3
483,532,3
484,243,3
484,488,3
485,473,3
485,1629,3
486,59,3
486,502,3
487,678,3
487,1073,3
488,484,3
488,1996,3
489,491,3
489,808,3
490,1813,3
490,1875,3
491,451,3
491,489,3
492,569,3
492,1826,3
493,514,3
493,606,3
494,501,3
494,759,3
495,369,3
495,464,3
496,162,3
496,701,3
497,636,3
497,858,3
498,434,3
498,604,3
499,1795,3
499,1976,3
500,1427,3
500,1916,3
501,494,3
501,1882,3
502,260,3
502,486,3
503,363,3
503,508,3
504,794,3
504,905,3
505,262,3
505,1647,3
506,1943,3
506,1961,3
507,654,3
507,711,3
508,205,3
508,503,3
509,516,3
509,1883,3
510,1581,3
510,1967,3
511,1619,3
511,1989,3
512,1626,3
512,1836,3
513,565,3
513,709,3
514,474,3
514,493,3
515,1622,3
515,1890,3
516,375,3
516,509,3
517,85,3
517,1898,3
518,566,3
518,651,3
519,444,3
519,521,3
520,1351,3
520,1841,3
521,259,3
521,519,3
522,25,3
522,443,3
523,809,3
523,823,3
524,527,3
524,1687,3
525,406,3
525,1961,3
526,327,3
526,657,3
527,524,3
527,631,3
528,298,3
528,431,3
529,466,3
529,532,3
530,316,3
530,596,3
531,430,3
531,535,3
532,483,3
532,529,3
533,242,3
533,284,3
534,46,3
534,610,3
535,531,3
535,1637,3
536,775,3
536,1987,3
537,56,3
537,790,3
538,615,3
538,691,3
539,433,3
539,541,3
540,569,3
540,637,3
541,539,3
541,561,3
542,820,3
542,947,3
543,544,3
543,899,3
544,543,3
544,579,3
545,547,3
545,1920,3
546,368,3
546,425,3
547,545,3
547,644,3
548,411,3
548,1937,3
549,464,3
549,587,3
550,454,3
550,467,3
551,957,3
551,958,3
552,574,3
552,587,3
553,617,3
553,773,3
554,237,3
554,239,3
555,160,3
555,658,3
556,76,3
556,567,3
557,476,3
557,903,3
558,267,3
558,353,3
559,63,3
559,821,3
560,1876,3
560,1954,3
561,541,3
561,562,3
562,561,3
562,722,3
563,154,3
563,567,3
564,193,3
564,1969,3
565,424,3
565,513,3
566,453,3
566,518,3
567,556,3
567,563,3
568,120,3
568,1103,3
569,492,3
569,540,3
570,575,3
570,952,3
571,467,3
571,713,3
572,576,3
572,597,3
573,378,3
573,1875,3
574,552,3
574,728,3
575,570,3
575,576,3
576,572,3
576,575,3
577,197,3
577,579,3
578,137,3
578,770,3
579,544,3
579,577,3
580,80,3
580,1594,3
581,298,3
581,603,3
582,320,3
582,480,3
583,658,3
583,982,3
584,588,3
584,1990,3
585,626,3
585,669,3
586,600,3
586,638,3
587,549,3
587,552,3
588,584,3
588,622,3
589,450,3
589,591,3
590,728,3
590,785,3
591,589,3
591,635,3
592,237,3
592,648,3
593,1661,3
593,1968,3
594,471,3
594,656,3
595,431,3
595,603,3
596,530,3
596,1325,3
597,572,3
597,599,3
598,181,3
598,345,3
599,597,3
599,1996,3
600,586,3
600,1445,3
601,627,3
601,807,3
602,608,3
602,732,3
603,581,3
603,595,3
604,470,3
604,498,3
605,138,3
605,1470,3
606,493,3
606,839,3
607,903,3
607,1013,3
608,418,3
608,602,3
609,460,3
609,613,3
610,232,3
610,534,3
611,398,3
611,1133,3
612,453,3
612,668,3
613,53,3
613,609,3
614,674,3
614,680,3
615,538,3
615,765,3
616,622,3
616,1604,3
617,468,3
617,553,3
618,246,3
618,691,3
619,30,3
619,757,3
620,696,3
620,1707,3
621,673,3
621,704,3
622,588,3
622,616,3
623,628,3
623,938,3
624,1037,3
624,1603,3
625,1246,3
625,1994,3
626,585,3
626,669,3
627,601,3
627,807,3
628,297,3
628,623,3
629,630,3
629,1987,3
630,629,3
630,956,3
631,527,3
631,634,3
632,925,3
632,1018,3
633,95,3
633,753,3
634,631,3
634,641,3
635,591,3
635,641,3
636,479,3
636,497,3
637,540,3
637,648,3
638,586,3
638,754,3
639,696,3
639,700,3
640,422,3
640,1999,3
641,634,3
641,635,3
642,816,3
642,821,3
643,1303,3
643,1313,3
644,547,3
644,645,3
645,644,3
645,1819,3
646,647,3
646,724,3
647,646,3
647,662,3
648,592,3
648,637,3
649,1045,3
649,1796,3
650,659,3
650,731,3
651,518,3
651,668,3
652,1353,3
652,1999,3
653,1733,3
653,1823,3
654,73,3
654,507,3
655,1056,3
655,1967,3
656,471,3
656,594,3
657,526,3
657,1920,3
658,555,3
658,583,3
659,650,3
659,974,3
660,661,3
660,869,3
661,660,3
661,1564,3
662,647,3
662,664,3
663,270,3
663,857,3
664,662,3
664,1747,3
665,666,3
665,695,3
666,409,3
666,665,3
667,848,3
667,976,3
668,612,3
668,651,3
669,585,3
669,626,3
670,676,3
670,1006,3
671,887,3
671,1993,3
672,289,3
672,1937,3
673,621,3
673,704,3
674,614,3
674,680,3
675,847,3
675,1856,3
676,670,3
676,705,3
677,684,3
677,1957,3
678,382,3
678,487,3
679,750,3
679,791,3
680,614,3
680,674,3
681,1433,3
681,1787,3
682,416,3
682,1849,3
683,435,3
683,686,3
684,677,3
684,686,3
685,336,3
685,1558,3
686,683,3
686,684,3
687,1648,3
687,1652,3
688,1728,3
688,1998,3
689,832,3
689,937,3
690,1651,3
690,1804,3
691,538,3
691,618,3
692,694,3
692,1737,3
693,1023,3
693,1199,3
694,692,3
694,868,3
695,665,3
695,698,3
696,620,3
696,639,3
697,702,3
697,730,3
698,695,3
698,1600,3
699,848,3
699,1655,3
700,639,3
700,720,3
701,496,3
701,845,3
702,697,3
702,890,3
703,720,3
703,748,3
704,621,3
704,673,3
705,409,3
705,676,3
706,43,3
706,711,3
707,857,3
707,879,3
708,825,3
708,1999,3
709,513,3
709,829,3
710,753,3
710,1512,3
711,507,3
711,706,3
712,477,3
712,1946,3
713,571,3
713,1188,3
714,716,3
714,1934,3
715,979,3
715,1254,3
716,714,3
716,774,3
717,718,3
717,840,3
718,717,3
718,904,3
719,722,3
719,756,3
720,700,3
720,703,3
721,129,3
721,1155,3
722,562,3
722,719,3
723,1761,3
723,1943,3
724,646,3
724,725,3
725,287,3
725,724,3
726,727,3
726,768,3
727,472,3
727,726,3
728,574,3
728,590,3
729,1326,3
729,1644,3
730,697,3
730,778,3
731,650,3
731,732,3
732,602,3
732,731,3
733,736,3
733,1227,3
734,802,3
734,844,3
735,811,3
735,873,3
736,733,3
736,745,3
737,745,3
737,1067,3
738,1029,3
738,1849,3
739,1764,3
739,1977,3
740,1783,3
740,1887,3
741,839,3
741,852,3
742,1178,3
742,1259,3
743,765,3
743,810,3
744,447,3
744,1987,3
745,736,3
745,737,3
746,1647,3
746,1928,3
747,749,3
747,814,3
748,703,3
748,1137,3
749,747,3
749,1996,3
750,679,3
750,791,3
751,1046,3
751,1977,3
752,271,3
752,756,3
753,633,3
753,710,3
754,638,3
754,1871,3
755,1370,3
755,1982,3
756,719,3
756,752,3
757,326,3
757,619,3
758,449,3
758,1877,3
759,494,3
759,1993,3
760,4,3
760,901,3
761,1036,3
761,1548,3
762,763,3
762,964,3
763,210,3
763,762,3
764,478,3
764,768,3
765,615,3
765,743,3
766,125,3
766,1998,3
767,1815,3
767,1976,3
768,726,3
768,764,3
769,802,3
769,967,3
770,198,3
770,578,3
771,774,3
771,892,3
772,198,3
772,864,3
773,553,3
773,1148,3
774,716,3
774,771,3
775,536,3
775,1961,3
776,1334,3
776,1942,3
777,82,3
777,864,3
778,247,3
778,730,3
779,1088,3
779,1149,3
780,783,3
780,1475,3
781,1510,3
781,1982,3
782,25,3
782,790,3
783,780,3
783,889,3
784,389,3
784,1999,3
785,590,3
785,789,3
786,35,3
786,102,3
787,788,3
787,1081,3
788,787,3
788,1934,3
789,785,3
789,1680,3
790,537,3
790,782,3
791,679,3
791,750,3
792,1577,3
792,1773,3
793,851,3
793,1893,3
794,504,3
794,800,3
795,247,3
795,820,3
796,1530,3
796,1942,3
797,1790,3
797,1796,3
798,891,3
798,959,3
799,803,3
799,927,3
800,794,3
800,1607,3
801,51,3
801,148,3
802,734,3
802,769,3
803,799,3
803,805,3
804,1970,3
804,1993,3
805,803,3
805,1998,3
806,923,3
806,1083,3
807,601,3
807,627,3
808,489,3
808,812,3
809,417,3
809,523,3
810,743,3
810,913,3
811,735,3
811,873,3
812,808,3
812,842,3
813,1472,3
813,1846,3
814,747,3
814,815,3
815,226,3
815,814,3
816,642,3
816,1540,3
817,7,3
817,1389,3
818,822,3
818,1946,3
819,1786,3
819,1790,3
820,542,3
820,795,3
821,559,3
821,642,3
822,818,3
822,997,3
823,523,3
823,881,3
824,826,3
824,1984,3
825,708,3
825,1988,3
826,824,3
826,990,3
827,830,3
827,1404,3
828,323,3
828,904,3
829,6,3
829,709,3
830,827,3
830,969,3
831,1113,3
831,1325,3
832,689,3
832,1601,3
833,836,3
833,993,3
834,996,3
834,1232,3
835,163,3
835,1943,3
836,833,3
836,1860,3
837,840,3
837,1951,3
838,1299,3
838,1849,3
839,606,3
839,741,3
840,717,3
840,837,3
841,842,3
841,1104,3
842,812,3
842,841,3
843,853,3
843,1266,3
844,734,3
844,923,3
845,701,3
845,1167,3
846,854,3
846,1009,3
847,675,3
847,1277,3
848,667,3
848,699,3
849,1787,3
849,1849,3
850,851,3
850,935,3
851,793,3
851,850,3
852,741,3
852,955,3
853,843,3
853,865,3
854,846,3
854,1030,3
855,465,3
855,913,3
856,1660,3
856,1868,3
857,663,3
857,707,3
858,497,3
858,888,3
859,1865,3
859,1897,3
860,936,3
860,1137,3
861,863,3
861,1994,3
862,1047,3
862,1208,3
863,861,3
863,866,3
864,772,3
864,777,3
865,853,3
865,1609,3
866,863,3
866,868,3
867,871,3
867,1615,3
868,694,3
868,866,3
869,660,3
869,871,3
870,881,3
870,1042,3
871,867,3
871,869,3
872,876,3
872,893,3
873,735,3
873,811,3
874,929,3
874,1000,3
875,1208,3
875,1508,3
876,872,3
876,998,3
877,886,3
877,987,3
878,1314,3
878,1982,3
879,707,3
879,888,3
880,1039,3
880,1175,3
881,823,3
881,870,3
882,1283,3
882,1553,3
883,1568,3
883,1668,3
884,91,3
884,1663,3
885,981,3
885,1053,3
886,877,3
886,917,3
887,671,3
887,1993,3
888,858,3
888,879,3
889,783,3
889,892,3
890,702,3
890,1879,3
891,798,3
891,959,3
892,771,3
892,889,3
893,872,3
893,1930,3
894,1693,3
894,1930,3
895,896,3
895,1161,3
896,895,3
896,1462,3
897,19,3
897,1062,3
898,901,3
898,1152,3
899,543,3
899,902,3
900,107,3
900,1889,3
901,760,3
901,898,3
902,899,3
902,1072,3
903,557,3
903,607,3
904,718,3
904,828,3
905,504,3
905,927,3
906,1335,3
906,1706,3
907,1205,3
907,1568,3
908,912,3
908,1085,3
909,255,3
909,1976,3
910,269,3
910,1946,3
911,1078,3
911,1996,3
912,908,3
912,1028,3
913,810,3
913,855,3
914,915,3
914,946,3
915,914,3
915,1981,3
916,1126,3
916,1744,3
917,886,3
917,924,3
918,1040,3
918,1706,3
919,1200,3
919,1999,3
920,316,3
920,1989,3
921,955,3
921,1139,3
922,1002,3
922,1835,3
923,806,3
923,844,3
924,917,3
924,1107,3
925,632,3
925,1074,3
926,1496,3
926,1937,3
927,799,3
927,905,3
928,1517,3
928,1828,3
929,874,3
929,1000,3
930,1406,3
930,1471,3
931,933,3
931,1222,3
932,404,3
932,1205,3
933,931,3
933,1054,3
934,939,3
934,1922,3
935,850,3
935,941,3
936,860,3
936,1349,3
937,689,3
937,1037,3
938,623,3
938,942,3
939,934,3
939,942,3
940,461,3
940,1249,3
941,935,3
941,980,3
942,938,3
942,939,3
943,961,3
943,975,3
944,954,3
944,991,3
945,203,3
945,972,3
946,914,3
946,948,3
947,542,3
947,1080,3
948,946,3
948,1931,3
949,952,3
949,1990,3
950,1691,3
950,1719,3
951,17,3
951,1134,3
952,570,3
952,949,3
953,304,3
953,1277,3
954,944,3
954,1791,3
955,852,3
955,921,3
956,630,3
956,962,3
957,551,3
957,958,3
958,551,3
958,957,3
959,798,3
959,891,3
960,1220,3
960,1972,3
961,943,3
961,975,3
962,279,3
962,956,3
963,1134,3
963,1160,3
964,297,3
964,762,3
965,996,3
965,1486,3
966,968,3
966,1020,3
967,769,3
967,972,3
968,966,3
968,1505,3
969,830,3
969,971,3
970,1111,3
970,1114,3
971,969,3
971,1180,3
972,945,3
972,967,3
973,974,3
973,1998,3
974,659,3
974,973,3
975,943,3
975,961,3
976,667,3
976,1023,3
977,1018,3
977,1064,3
978,6,3
978,1057,3
979,715,3
979,995,3
980,941,3
980,1111,3
981,885,3
981,1053,3
982,583,3
982,1059,3
983,1811,3
983,1998,3
984,1415,3
984,1420,3
985,986,3
985,1980,3
986,985,3
986,1138,3
987,877,3
987,990,3
988,1105,3
988,1576,3
989,1012,3
989,1016,3
990,826,3
990,987,3
991,944,3
991,1049,3
992,1080,3
992,1116,3
993,833,3
993,997,3
994,1300,3
994,1958,3
995,979,3
995,1307,3
996,834,3
996,965,3
997,822,3
997,993,3
998,876,3
998,999,3
999,410,3
999,998,3
1000,874,3
1000,929,3
1001,1093,3
1001,1175,3
1002,922,3
1002,1059,3
1003,1005,3
1003,1041,3
1004,1296,3
1004,1817,3
1005,1003,3
1005,1937,3
1006,670,3
1006,1007,3
1007,1006,3
1007,1996,3
1008,1225,3
1008,2000,3
1009,846,3
1009,1015,3
1010,1154,3
1010,1318,3
1011,1462,3
1011,1521,3
1012,989,3
1012,1016,3
1013,607,3
1013,1049,3
1014,1321,3
1014,1531,3
1015,1009,3
1015,1075,3
1016,989,3
1016,1012,3
1017,1020,3
1017,1033,3
1018,632,3
1018,977,3
1019,129,3
1019,1155,3
1020,966,3
1020,1017,3
1021,1035,3
1021,1146,3
1022,1024,3
1022,1101,3
1023,693,3
1023,976,3
1024,1022,3
1024,1123,3
1025,1026,3
1025,1027,3
1026,1025,3
1026,1089,3
1027,1025,3
1027,1028,3
1028,912,3
1028,1027,3
1029,738,3
1029,1030,3
1030,854,3
1030,1029,3
1031,116,3
1031,1901,3
1032,1156,3
1032,1198,3
1033,1017,3
1033,1036,3
1034,1043,3
1034,1144,3
1035,1021,3
1035,1146,3
1036,761,3
1036,1033,3
1037,624,3
1037,937,3
1038,133,3
1038,1063,3
1039,880,3
1039,1198,3
1040,918,3
1040,1706,3
1041,1003,3
1041,1044,3
1042,870,3
1042,1291,3
1043,1034,3
1043,1144,3
1044,1041,3
1044,1108,3
1045,649,3
1045,1786,3
1046,751,3
1046,1977,3
1047,862,3
1047,1349,3
1048,1057,3
1048,1165,3
1049,991,3
1049,1013,3
1050,1464,3
1050,1714,3
1051,1583,3
1051,1927,3
1052,11,3
1052,1054,3
1053,885,3
1053,981,3
1054,933,3
1054,1052,3
1055,1524,3
1055,1975,3
1056,655,3
1056,1977,3
1057,978,3
1057,1048,3
1058,1060,3
1058,1987,3
1059,982,3
1059,1002,3
1060,277,3
1060,1058,3
1061,1856,3
1061,1941,3
1062,307,3
1062,897,3
1063,1038,3
1063,1312,3
1064,977,3
1064,1106,3
1065,1406,3
1065,1662,3
1066,1410,3
1066,1442,3
1067,737,3
1067,1996,3
1068,1643,3
1068,1942,3
1069,1106,3
1069,1258,3
1070,1302,3
1070,1942,3
1071,1186,3
1071,1996,3
1072,902,3
1072,1075,3
1073,487,3
1073,1151,3
1074,925,3
1074,1109,3
1075,1015,3
1075,1072,3
1076,1092,3
1076,1441,3
1077,1081,3
1077,1115,3
1078,911,3
1078,1996,3
1079,1109,3
1079,1274,3
1080,947,3
1080,992,3
1081,787,3
1081,1077,3
1082,1279,3
1082,1571,3
1083,806,3
1083,1141,3
1084,39,3
1084,1993,3
1085,908,3
1085,1089,3
1086,1236,3
1086,1979,3
1087,1278,3
1087,1942,3
1088,779,3
1088,1149,3
1089,1026,3
1089,1085,3
1090,1636,3
1090,1919,3
1091,1092,3
1091,1960,3
1092,1076,3
1092,1091,3
1093,1001,3
1093,1322,3
1094,1100,3
1094,1183,3
1095,1315,3
1095,1991,3
1096,72,3
1096,1285,3
1097,1163,3
1097,1310,3
1098,1484,3
1098,1756,3
1099,1151,3
1099,1219,3
1100,1094,3
1100,1996,3
1101,1022,3
1101,1102,3
1102,1101,3
1102,1170,3
1103,568,3
1103,1193,3
1104,841,3
1104,1968,3
1105,988,3
1105,1141,3
1106,1064,3
1106,1069,3
1107,924,3
1107,1108,3
1108,1044,3
1108,1107,3
1109,1074,3
1109,1079,3
1110,1117,3
1110,1329,3
1111,970,3
1111,980,3
1112,1692,3
1112,1710,3
1113,831,3
1113,1989,3
1114,970,3
1114,1720,3
1115,1077,3
1115,1761,3
1116,992,3
1116,1169,3
1117,1110,3
1117,1196,3
1118,1119,3
1118,1228,3
1119,1118,3
1119,1140,3
1120,1121,3
1120,1190,3
1121,1120,3
1121,1319,3
1122,1123,3
1122,1169,3
1123,1024,3
1123,1122,3
1124,1127,3
1124,1678,3
1125,382,3
1125,1148,3
1126,916,3
1126,1744,3
1127,1124,3
1127,1973,3
1128,1129,3
1128,1179,3
1129,281,3
1129,1128,3
1130,1131,3
1130,1162,3
1131,1130,3
1131,1894,3
1132,1135,3
1132,1181,3
1133,611,3
1133,1805,3
1134,951,3
1134,963,3
1135,1132,3
1135,1150,3
1136,379,3
1136,1163,3
1137,748,3
1137,860,3
1138,986,3
1138,1140,3
1139,921,3
1139,1254,3
1140,1119,3
1140,1138,3
1141,1083,3
1141,1105,3
1142,1320,3
1142,1983,3
1143,1990,3
1143,1996,3
1144,1034,3
1144,1043,3
1145,1276,3
1145,1997,3
1146,1021,3
1146,1035,3
1147,1152,3
1147,1768,3
1148,773,3
1148,1125,3
1149,779,3
1149,1088,3
1150,1135,3
1150,1610,3
1151,1073,3
1151,1099,3
1152,898,3
1152,1147,3
1153,1162,3
1153,1212,3
1154,1010,3
1154,1944,3
1155,721,3
1155,1019,3
1156,1032,3
1156,1322,3
1157,1339,3
1157,1446,3
1158,1159,3
1158,1977,3
1159,1158,3
1159,1977,3
1160,963,3
1160,1244,3
1161,895,3
1161,1941,3
1162,1130,3
1162,1153,3
1163,1097,3
1163,1136,3
1164,1559,3
1164,1759,3
1165,1048,3
1165,1217,3
1166,1235,3
1166,1987,3
1167,452,3
1167,845,3
1168,1170,3
1168,1201,3
1169,1116,3
1169,1122,3
1170,1102,3
1170,1168,3
1171,1669,3
1171,1965,3
1172,1359,3
1172,1513,3
1173,1843,3
1173,1844,3
1174,55,3
1174,1178,3
1175,880,3
1175,1001,3
1176,1177,3
1176,1343,3
1177,1176,3
1177,1990,3
1178,742,3
1178,1174,3
1179,1128,3
1179,1982,3
1180,971,3
1180,1181,3
1181,1132,3
1181,1180,3
1182,1249,3
1182,1550,3
1183,1094,3
1183,1185,3
1184,1337,3
1184,1827,3
1185,1183,3
1185,1979,3
1186,265,3
1186,1071,3
1187,1189,3
1187,1191,3
1188,713,3
1188,1772,3
1189,1187,3
1189,1990,3
1190,347,3
1190,1120,3
1191,1187,3
1191,1195,3
1192,136,3
1192,1359,3
1193,1103,3
1193,1339,3
1194,1510,3
1194,1982,3
1195,1191,3
1195,1206,3
1196,1117,3
1196,1201,3
1197,335,3
1197,401,3
1198,1032,3
1198,1039,3
1199,693,3
1199,1305,3
1200,919,3
1200,1999,3
1201,1168,3
1201,1196,3
1202,1295,3
1202,1835,3
1203,1209,3
1203,1736,3
1204,1211,3
1204,1226,3
1205,907,3
1205,932,3
1206,1195,3
1206,1210,3
1207,1422,3
1207,1720,3
1208,862,3
1208,875,3
1209,1203,3
1209,1210,3
1210,1206,3
1210,1209,3
1211,1204,3
1211,1226,3
1212,1153,3
1212,1216,3
1213,1426,3
1213,1919,3
1214,318,3
1214,1982,3
1215,1291,3
1215,1293,3
1216,1212,3
1216,1497,3
1217,1165,3
1217,1417,3
1218,1927,3
1218,1968,3
1219,1099,3
1219,1441,3
1220,960,3
1220,1972,3
1221,325,3
1221,1997,3
1222,931,3
1222,1223,3
1223,1222,3
1223,1825,3
1224,1225,3
1224,1281,3
1225,1008,3
1225,1224,3
1226,1204,3
1226,1211,3
1227,733,3
1227,1228,3
1228,1118,3
1228,1227,3
1229,428,3
1229,1787,3
1230,1231,3
1230,1233,3
1231,1230,3
1231,1268,3
1232,834,3
1232,1488,3
1233,1230,3
1233,1236,3
1234,1511,3
1234,1866,3
1235,1166,3
1235,1987,3
1236,1086,3
1236,1233,3
1237,1618,3
1237,1997,3
1238,1239,3
1238,1542,3
1239,1238,3
1239,1317,3
1240,1241,3
1240,1789,3
1241,1240,3
1241,1301,3
1242,1244,3
1242,1387,3
1243,437,3
1243,1784,3
1244,1160,3
1244,1242,3
1245,241,3
1245,1998,3
1246,625,3
1246,1247,3
1247,1246,3
1247,1729,3
1248,1255,3
1248,1560,3
1249,940,3
1249,1182,3
1250,1519,3
1250,1939,3
1251,1279,3
1251,1336,3
1252,1495,3
1252,1795,3
1253,1906,3
1253,1980,3
1254,715,3
1254,1139,3
1255,1248,3
1255,1309,3
1256,1257,3
1256,1290,3
1257,1256,3
1257,1375,3
1258,1069,3
1258,1388,3
1259,742,3
1259,1708,3
1260,1261,3
1260,1263,3
1261,1260,3
1261,1934,3
1262,1263,3
1262,1800,3
1263,1260,3
1263,1262,3
1264,1308,3
1264,1706,3
1265,1538,3
1265,1612,3
1266,843,3
1266,1609,3
1267,196,3
1267,1270,3
1268,1231,3
1268,1271,3
1269,83,3
1269,1371,3
1270,1267,3
1270,1444,3
1271,1268,3
1271,1344,3
1272,1282,3
1272,1356,3
1273,1278,3
1273,1996,3
1274,1079,3
1274,1388,3
1275,1311,3
1275,1386,3
1276,1145,3
1276,1997,3
1277,847,3
1277,953,3
1278,1087,3
1278,1273,3
1279,1082,3
1279,1251,3
1280,1347,3
1280,1418,3
1281,1224,3
1281,1287,3
1282,1272,3
1282,1356,3
1283,882,3
1283,1553,3
1284,1352,3
1284,1373,3
1285,190,3
1285,1096,3
1286,1634,3
1286,1989,3
1287,220,3
1287,1281,3
1288,1455,3
1288,1838,3
1289,189,3
1289,1835,3
1290,1256,3
1290,1294,3
1291,1042,3
1291,1215,3
1292,384,3
1292,1876,3
1293,1215,3
1293,1303,3
1294,1290,3
1294,1976,3
1295,1202,3
1295,1876,3
1296,1004,3
1296,1817,3
1297,339,3
1297,1301,3
1298,119,3
1298,1999,3
1299,838,3
1299,1914,3
1300,994,3
1300,1958,3
1301,1241,3
1301,1297,3
1302,1070,3
1302,1309,3
1303,643,3
1303,1293,3
1304,1666,3
1304,1985,3
1305,426,3
1305,1199,3
1306,1624,3
1306,1867,3
1307,995,3
1307,1311,3
1308,1264,3
1308,1988,3
1309,1255,3
1309,1302,3
1310,1097,3
1310,1357,3
1311,1275,3
1311,1307,3
1312,1063,3
1312,1315,3
1313,643,3
1313,1411,3
1314,878,3
1314,1982,3
1315,1095,3
1315,1312,3
1316,1357,3
1316,1403,3
1317,1239,3
1317,1319,3
1318,1010,3
1318,1413,3
1319,1121,3
1319,1317,3
1320,1142,3
1320,1935,3
1321,1014,3
1321,1529,3
1322,1093,3
1322,1156,3
1323,1328,3
1323,1354,3
1324,1381,3
1324,1522,3
1325,596,3
1325,831,3
1326,729,3
1326,1644,3
1327,147,3
1327,1333,3
1328,1323,3
1328,1333,3
1329,1110,3
1329,1340,3
1330,1639,3
1330,1988,3
1331,1514,3
1331,1543,3
1332,1449,3
1332,1954,3
1333,1327,3
1333,1328,3
1334,776,3
1334,1933,3
1335,906,3
1335,1999,3
1336,1251,3
1336,1347,3
1337,1184,3
1337,1827,3
1338,1384,3
1338,1656,3
1339,1157,3
1339,1193,3
1340,1329,3
1340,1492,3
1341,1342,3
1341,1608,3
1342,1341,3
1342,1716,3
1343,1176,3
1343,1360,3
1344,1271,3
1344,1962,3
1345,1772,3
1345,1853,3
1346,1354,3
1346,1996,3
1347,1280,3
1347,1336,3
1348,1555,3
1348,1854,3
1349,936,3
1349,1047,3
1350,383,3
1350,1988,3
1351,520,3
1351,1934,3
1352,461,3
1352,1284,3
1353,652,3
1353,1988,3
1354,1323,3
1354,1346,3
1355,1358,3
1355,1944,3
1356,1272,3
1356,1282,3
1357,1310,3
1357,1316,3
1358,1355,3
1358,1615,3
1359,1172,3
1359,1192,3
1360,1343,3
1360,1996,3
1361,1561,3
1361,1566,3
1362,1365,3
1362,1395,3
1363,1441,3
1363,1523,3
1364,1411,3
1364,1611,3
1365,1362,3
1365,1878,3
1366,1402,3
1366,1431,3
1367,214,3
1367,1998,3
1368,355,3
1368,1370,3
1368,1750,3
1369,1852,3
1369,1899,3
1369,1905,3
1370,755,3
1370,1368,3
1370,1916,3
1371,83,3
1371,1269,3
1371,1372,3
1372,47,3
1372,1371,3
1372,1541,3
1373,1284,3
1373,1374,3
1373,1401,3
1374,1373,3
1374,1456,3
1374,1991,3
1375,1257,3
1375,1959,3
1375,1995,3
1376,420,3
1376,1779,3
1376,1980,3
1377,1516,3
1377,1571,3
1377,1780,3
1378,1379,3
1378,1493,3
1378,1991,3
1379,1378,3
1379,1540,3
1379,1730,3
1380,1384,3
1380,1549,3
1380,1985,3
1381,1324,3
1381,1763,3
1381,1953,3
1382,1474,3
1382,1776,3
1382,1831,3
1383,91,3
1383,1663,3
1383,1968,3
1384,1338,3
1384,1380,3
1384,1450,3
1385,1386,3
1385,1632,3
1385,1681,3
1386,1275,3
1386,1385,3
1386,1413,3
1387,1242,3
1387,1388,3
1387,1437,3
1388,1258,3
1388,1274,3
1388,1387,3
1389,380,3
1389,817,3
1389,1968,3
1390,1391,3
1390,1472,3
1390,1563,3
1391,475,3
1391,1390,3
1391,1437,3
1392,1575,3
1392,1631,3
1392,1930,3
1393,1394,3
1393,1401,3
1393,1405,3
1394,1393,3
1394,1537,3
1394,1649,3
1395,1362,3
1395,1396,3
1395,1980,3
1396,1395,3
1396,1567,3
1396,1985,3
1397,1430,3
1397,1612,3
1397,1673,3
1398,1399,3
1398,1974,3
1398,1992,3
1399,1398,3
1399,1918,3
1399,1974,3
1400,211,3
1400,1712,3
1400,1993,3
1401,1373,3
1401,1393,3
1401,1402,3
1402,141,3
1402,1366,3
1402,1401,3
1403,1316,3
1403,1405,3
1403,1503,3
1404,827,3
1404,1424,3
1404,1818,3
1405,1393,3
1405,1403,3
1405,1415,3
1406,930,3
1406,1065,3
1406,1809,3
1407,139,3
1407,1795,3
1407,1815,3
1408,1410,3
1408,1526,3
1408,1941,3
1409,1470,3
1409,1629,3
1409,1993,3
1410,1066,3
1410,1408,3
1410,1531,3
1411,1313,3
1411,1364,3
1411,1415,3
1412,1715,3
1412,1732,3
1412,1851,3
1413,1318,3
1413,1386,3
1413,1521,3
1414,248,3
1414,1960,3
1414,1975,3
1415,984,3
1415,1405,3
1415,1411,3
1416,1527,3
1416,1843,3
1416,1935,3
1417,1217,3
1417,1418,3
1417,1931,3
1418,1280,3
1418,1417,3
1418,1635,3
1419,1459,3
1419,1848,3
1419,1859,3
1420,984,3
1420,1423,3
1420,1469,3
1421,1603,3
1421,1664,3
1421,1923,3
1422,1207,3
1422,1711,3
1422,1975,3
1423,1420,3
1423,1468,3
1423,1966,3
1424,1404,3
1424,1448,3
1424,1745,3
1425,1462,3
1425,1521,3
1425,1550,3
1426,20,3
1426,1213,3
1426,1786,3
1427,500,3
1427,1916,3
1427,1982,3
1428,474,3
1428,1429,3
1428,1532,3
1429,1428,3
1429,1593,3
1429,1985,3
1430,1397,3
1430,1447,3
1430,1734,3
1431,1366,3
1431,1434,3
1431,1572,3
1432,1546,3
1432,1747,3
1432,1994,3
1433,681,3
1433,1627,3
1433,1846,3
1434,1431,3
1434,1469,3
1434,1498,3
1435,1437,3
1435,1646,3
1435,1989,3
1436,1613,3
1436,1972,3
1436,1992,3
1437,1387,3
1437,1391,3
1437,1435,3
1438,1440,3
1438,1506,3
1438,1607,3
1439,103,3
1439,1860,3
1439,1904,3
1440,1438,3
1440,1443,3
1440,1485,3
1441,1076,3
1441,1219,3
1441,1363,3
1442,307,3
1442,1066,3
1442,1963,3
1443,1440,3
1443,1444,3
1443,1485,3
1444,1270,3
1444,1443,3
1444,1962,3
1445,600,3
1445,1446,3
1445,1980,3
1446,1157,3
1446,1445,3
1446,1537,3
1447,1430,3
1447,1602,3
1447,1734,3
1448,1424,3
1448,1862,3
1448,1970,3
1449,1332,3
1449,1954,3
1449,1962,3
1450,1384,3
1450,1451,3
1450,1686,3
1451,1450,3
1451,1798,3
1451,1873,3
1452,1536,3
1452,1545,3
1452,1884,3
1453,1456,3
1453,1574,3
1453,1972,3
1454,1460,3
1454,1722,3
1454,1931,3
1455,1288,3
1455,1698,3
1455,1810,3
1456,1374,3
1456,1453,3
1456,1991,3
1457,1765,3
1457,1814,3
1457,1848,3
1458,1824,3
1458,1918,3
1458,1974,3
1459,1419,3
1459,1475,3
1459,1859,3
1460,1454,3
1460,1473,3
1460,1991,3
1461,1466,3
1461,1592,3
1461,1836,3
1462,896,3
1462,1011,3
1462,1425,3
1463,1555,3
1463,1775,3
1463,1778,3
1464,1050,3
1464,1714,3
1464,1865,3
1465,1723,3
1465,1954,3
1465,1962,3
1466,1461,3
1466,1653,3
1466,1997,3
1467,1715,3
1467,1851,3
1467,1863,3
1468,1423,3
1468,1888,3
1468,1966,3
1469,1420,3
1469,1434,3
1469,1471,3
1470,605,3
1470,1409,3
1470,1993,3
1471,930,3
1471,1469,3
1471,1811,3
1472,813,3
1472,1390,3
1472,1857,3
1473,1460,3
1473,1476,3
1473,1966,3
1474,1382,3
1474,1840,3
1474,1909,3
1475,780,3
1475,1459,3
1475,1848,3
1476,1473,3
1476,1552,3
1476,1572,3
1477,1754,3
1477,1949,3
1477,1988,3
1478,398,3
1478,421,3
1478,1864,3
1479,1481,3
1479,1503,3
1479,1569,3
1480,429,3
1480,1715,3
1480,1863,3
1481,1479,3
1481,1641,3
1481,1919,3
1482,1486,3
1482,1582,3
1482,1585,3
1483,1679,3
1483,1742,3
1483,1866,3
1484,1098,3
1484,1902,3
1484,1980,3
1485,1440,3
1485,1443,3
1485,1851,3
1486,965,3
1486,1482,3
1486,1488,3
1487,1664,3
1487,1716,3
1487,1826,3
1488,1232,3
1488,1486,3
1488,1489,3
1489,1488,3
1489,1764,3
1489,1907,3
1490,426,3
1490,1491,3
1490,1529,3
1491,1490,3
1491,1533,3
1491,1594,3
1492,1340,3
1492,1493,3
1492,1794,3
1493,1378,3
1493,1492,3
1493,1991,3
1494,1495,3
1494,1738,3
1494,1958,3
1495,1252,3
1495,1494,3
1495,1795,3
1496,926,3
1496,1497,3
1496,1937,3
1497,1216,3
1497,1496,3
1497,1950,3
1498,1434,3
1498,1499,3
1498,1590,3
1499,1498,3
1499,1533,3
1499,1638,3
1500,1501,3
1500,1590,3
1500,1658,3
1501,365,3
1501,1500,3
1501,1990,3
1502,1503,3
1502,1745,3
1502,1997,3
1503,1403,3
1503,1479,3
1503,1502,3
1504,1702,3
1504,1931,3
1504,2000,3
1505,968,3
1505,1756,3
1505,1871,3
1506,1438,3
1506,1508,3
1506,1951,3
1507,244,3
1507,1804,3
1507,1950,3
1508,875,3
1508,1506,3
1508,1781,3
1509,1512,3
1509,1772,3
1509,1995,3
1510,781,3
1510,1194,3
1510,1676,3
1511,1234,3
1511,1518,3
1511,1767,3
1512,710,3
1512,1509,3
1512,1912,3
1513,1172,3
1513,1514,3
1513,1540,3
1514,1331,3
1514,1513,3
1514,1543,3
1515,346,3
1515,1517,3
1515,1978,3
1516,1377,3
1516,1605,3
1516,1780,3
1517,928,3
1517,1515,3
1517,1912,3
1518,1511,3
1518,1767,3
1518,1808,3
1519,1250,3
1519,1718,3
1519,1995,3
1520,158,3
1520,1749,3
1520,1873,3
1521,1011,3
1521,1413,3
1521,1425,3
1522,157,3
1522,1324,3
1522,1991,3
1523,1363,3
1523,1525,3
1523,1879,3
1524,1055,3
1524,1525,3
1524,1975,3
1525,234,3
1525,1523,3
1525,1524,3
1526,1408,3
1526,1529,3
1526,1941,3
1527,1416,3
1527,1642,3
1527,1768,3
1528,1580,3
1528,1845,3
1528,1998,3
1529,1321,3
1529,1490,3
1529,1526,3
1530,796,3
1530,1531,3
1530,1933,3
1531,1014,3
1531,1410,3
1531,1530,3
1532,1428,3
1532,1533,3
1532,1709,3
1533,1491,3
1533,1499,3
1533,1532,3
1534,1557,3
1534,1915,3
1534,1926,3
1535,1704,3
1535,1949,3
1535,1986,3
1536,1452,3
1536,1545,3
1536,1884,3
1537,1394,3
1537,1446,3
1537,1539,3
1538,1265,3
1538,1614,3
1538,1673,3
1539,1537,3
1539,1587,3
1539,2000,3
1540,816,3
1540,1379,3
1540,1513,3
1541,1372,3
1541,1625,3
1541,1857,3
1542,1238,3
1542,1544,3
1542,1997,3
1543,1331,3
1543,1514,3
1543,1775,3
1544,1542,3
1544,1657,3
1544,2000,3
1545,1452,3
1545,1536,3
1545,1560,3
1546,1432,3
1546,1821,3
1546,1994,3
1547,1868,3
1547,1913,3
1547,1929,3
1548,42,3
1548,761,3
1548,1635,3
1549,1380,3
1549,1551,3
1549,1985,3
1550,1182,3
1550,1425,3
1550,1598,3
1551,1549,3
1551,1696,3
1551,1760,3
1552,1476,3
1552,1553,3
1552,1582,3
1553,882,3
1553,1283,3
1553,1552,3
1554,174,3
1554,1727,3
1554,1967,3
1555,1348,3
1555,1463,3
1555,1794,3
1556,1605,3
1556,1771,3
1556,1774,3
1557,1534,3
1557,1915,3
1557,1926,3
1558,685,3
1558,1559,3
1558,1650,3
1559,1164,3
1559,1558,3
1559,1969,3
1560,1248,3
1560,1545,3
1560,1852,3
1561,1361,3
1561,1566,3
1561,1598,3
1562,286,3
1562,1913,3
1562,1929,3
1563,1390,3
1563,1567,3
1563,1627,3
1564,661,3
1564,1949,3
1564,1986,3
1565,1645,3
1565,1816,3
1565,1822,3
1566,1361,3
1566,1561,3
1566,1598,3
1567,1396,3
1567,1563,3
1567,1985,3
1568,883,3
1568,907,3
1568,1668,3
1569,1479,3
1569,1572,3
1569,1660,3
1570,423,3
1570,1627,3
1570,1857,3
1571,1082,3
1571,1377,3
1571,1605,3
1572,1431,3
1572,1476,3
1572,1569,3
1573,1792,3
1573,1894,3
1573,1921,3
1574,1453,3
1574,1576,3
1574,1972,3
1575,1392,3
1575,1881,3
1575,1947,3
1576,988,3
1576,1574,3
1576,1995,3
1577,792,3
1577,1783,3
1577,1995,3
1578,1579,3
1578,1610,3
1578,1953,3
1579,38,3
1579,1578,3
1579,1912,3
1580,1528,3
1580,1581,3
1580,1845,3
1581,510,3
1581,1580,3
1581,1904,3
1582,1482,3
1582,1552,3
1582,1583,3
1583,1051,3
1583,1582,3
1583,1927,3
1584,357,3
1584,1585,3
1584,1926,3
1585,1482,3
1585,1584,3
1585,1667,3
1586,1588,3
1586,1659,3
1586,1975,3
1587,1539,3
1587,1871,3
1587,2000,3
1588,1586,3
1588,1959,3
1588,1995,3
1589,1735,3
1589,1750,3
1589,1966,3
1590,1498,3
1590,1500,3
1590,1591,3
1591,421,3
1591,1590,3
1591,1694,3
1592,1461,3
1592,1593,3
1592,1640,3
1593,1429,3
1593,1592,3
1593,1985,3
1594,580,3
1594,1491,3
1594,1689,3
1595,1633,3
1595,1654,3
1595,1978,3
1596,1739,3
1596,1974,3
1596,1992,3
1597,1800,3
1597,1816,3
1597,1994,3
1598,1550,3
1598,1561,3
1598,1566,3
1599,1628,3
1599,1749,3
1599,1885,3
1600,698,3
1600,1601,3
1600,1967,3
1601,832,3
1601,1600,3
1601,1708,3
1602,427,3
1602,1447,3
1602,1614,3
1603,624,3
1603,1421,3
1603,1928,3
1604,616,3
1604,1634,3
1604,1957,3
1605,1516,3
1605,1556,3
1605,1571,3
1606,1761,3
1606,1875,3
1606,1943,3
1607,800,3
1607,1438,3
1607,1854,3
1608,1341,3
1608,1921,3
1608,1947,3
1609,865,3
1609,1266,3
1609,1958,3
1610,1150,3
1610,1578,3
1610,1966,3
1611,1364,3
1611,1613,3
1611,1650,3
1612,1265,3
1612,1397,3
1612,1801,3
1613,1436,3
1613,1611,3
1613,1992,3
1614,427,3
1614,1538,3
1614,1602,3
1615,867,3
1615,1358,3
1615,1964,3
1616,234,3
1616,1618,3
1616,1719,3
1617,57,3
1617,261,3
1617,1676,3
1618,1237,3
1618,1616,3
1618,1997,3
1619,511,3
1619,1623,3
1619,1989,3
1620,261,3
1620,1676,3
1620,1858,3
1621,1701,3
1621,1743,3
1621,1879,3
1622,515,3
1622,1890,3
1622,1958,3
1623,1619,3
1623,1953,3
1623,1991,3
1624,1306,3
1624,1733,3
1624,1915,3
1625,1541,3
1625,1626,3
1625,1846,3
1626,512,3
1626,1625,3
1626,1640,3
1627,1433,3
1627,1563,3
1627,1570,3
1628,1599,3
1628,1749,3
1628,1885,3
1629,485,3
1629,1409,3
1629,1631,3
1630,126,3
1630,1858,3
1630,1916,3
1631,263,3
1631,1392,3
1631,1629,3
1632,1385,3
1632,1681,3
1632,1989,3
1633,1595,3
1633,1833,3
1633,1978,3
1634,1286,3
1634,1604,3
1634,1957,3
1635,1418,3
1635,1548,3
1635,1637,3
1636,264,3
1636,1090,3
1636,1796,3
1637,535,3
1637,1635,3
1637,1670,3
1638,1499,3
1638,1640,3
1638,1689,3
1639,1330,3
1639,1971,3
1639,1986,3
1640,1592,3
1640,1626,3
1640,1638,3
1641,1481,3
1641,1643,3
1641,1919,3
1642,1527,3
1642,1645,3
1642,1895,3
1643,1068,3
1643,1641,3
1643,1933,3
1644,729,3
1644,1326,3
1644,1688,3
1645,1565,3
1645,1642,3
1645,1646,3
1646,1435,3
1646,1645,3
1646,1989,3
1647,505,3
1647,746,3
1647,1923,3
1648,687,3
1648,1652,3
1648,1933,3
1649,1394,3
1649,1650,3
1649,1867,3
1650,1558,3
1650,1611,3
1650,1649,3
1651,690,3
1651,1653,3
1651,1667,3
1652,687,3
1652,1648,3
1652,1874,3
1653,1466,3
1653,1651,3
1653,1997,3
1654,1595,3
1654,1684,3
1654,1978,3
1655,699,3
1655,1850,3
1655,1880,3
1656,1338,3
1656,1657,3
1656,1686,3
1657,1544,3
1657,1656,3
1657,2000,3
1658,1500,3
1658,1659,3
1658,1670,3
1659,1586,3
1659,1658,3
1659,1975,3
1660,856,3
1660,1569,3
1660,1662,3
1661,593,3
1661,1927,3
1661,1968,3
1662,1065,3
1662,1660,3
1662,1845,3
1663,884,3
1663,1383,3
1663,1927,3
1664,1421,3
1664,1487,3
1664,1716,3
1665,1666,3
1665,1782,3
1665,1910,3
1666,1304,3
1666,1665,3
1666,1923,3
1667,105,3
1667,1585,3
1667,1651,3
1668,883,3
1668,1568,3
1668,1669,3
1669,1171,3
1669,1668,3
1669,1859,3
1670,1637,3
1670,1658,3
1670,1671,3
1671,207,3
1671,1670,3
1671,1672,3
1672,207,3
1672,1671,3
1672,1838,3
1673,1397,3
1673,1538,3
1673,1801,3
1674,1675,3
1674,1820,3
1674,1855,3
1675,1674,3
1675,1813,3
1675,1943,3
1676,1510,3
1676,1617,3
1676,1620,3
1677,1678,3
1677,1877,3
1677,1915,3
1678,1124,3
1678,1677,3
1678,1812,3
1679,1483,3
1679,1742,3
1679,1767,3
1680,789,3
1680,1682,3
1680,1806,3
1681,1385,3
1681,1632,3
1681,1957,3
1682,361,3
1682,1680,3
1682,1992,3
1683,1685,3
1683,1726,3
1683,1755,3
1684,1654,3
1684,1740,3
1684,1978,3
1685,1683,3
1685,1752,3
1685,1770,3
1686,1450,3
1686,1656,3
1686,1688,3
1687,524,3
1687,1752,3
1687,1777,3
1688,109,3
1688,1644,3
1688,1686,3
1689,1594,3
1689,1638,3
1689,1690,3
1690,108,3
1690,1689,3
1690,1993,3
1691,950,3
1691,1853,3
1691,1964,3
1692,1112,3
1692,1748,3
1692,1984,3
1693,894,3
1693,1696,3
1693,1941,3
1694,1591,3
1694,1805,3
1694,1864,3
1695,1802,3
1695,1870,3
1695,1970,3
1696,1551,3
1696,1693,3
1696,1760,3
1697,221,3
1697,1751,3
1697,1952,3
1698,1455,3
1698,1810,3
1698,1952,3
1699,156,3
1699,1700,3
1699,1828,3
1700,1699,3
1700,1721,3
1700,1924,3
1701,352,3
1701,1621,3
1701,1945,3
1702,1504,3
1702,1920,3
1702,2000,3
1703,396,3
1703,1704,3
1703,1850,3
1703,1883,3
1704,1535,3
1704,1703,3
1704,1971,3
1704,1986,3
1705,1708,3
1705,1725,3
1705,1737,3
1705,1994,3
1706,906,3
1706,918,3
1706,1040,3
1706,1264,3
1707,620,3
1707,1894,3
1707,1921,3
1707,1947,3
1708,1259,3
1708,1601,3
1708,1705,3
1708,1923,3
1709,1532,3
1709,1712,3
1709,1842,3
1709,1913,3
1710,167,3
1710,1112,3
1710,1713,3
1710,1984,3
1711,1422,3
1711,1798,3
1711,1885,3
1711,1960,3
1712,211,3
1712,1400,3
1712,1709,3
1712,1970,3
1713,440,3
1713,1710,3
1713,1862,3
1713,1970,3
1714,1050,3
1714,1464,3
1714,1865,3
1714,1917,3
1715,1412,3
1715,1467,3
1715,1480,3
1715,1950,3
1716,1342,3
1716,1487,3
1716,1664,3
1716,1717,3
1717,1716,3
1717,1861,3
1717,1911,3
1717,1950,3
1718,1519,3
1718,1719,3
1718,1887,3
1718,1939,3
1719,950,3
1719,1616,3
1719,1718,3
1719,1964,3
1720,1114,3
1720,1207,3
1720,1721,3
1720,1885,3
1721,1700,3
1721,1720,3
1721,1924,3
1721,1981,3
1722,1454,3
1722,1723,3
1722,1931,3
1722,2000,3
1723,1465,3
1723,1722,3
1723,1954,3
1723,1962,3
1724,1757,3
1724,1924,3
1724,1925,3
1724,1955,3
1725,1705,3
1725,1729,3
1725,1814,3
1725,1994,3
1726,1683,3
1726,1755,3
1726,1759,3
1726,1969,3
1727,1554,3
1727,1731,3
1727,1860,3
1727,1907,3
1728,165,3
1728,688,3
1728,1809,3
1728,1998,3
1729,1247,3
1729,1725,3
1729,1844,3
1729,1850,3
1730,1379,3
1730,1748,3
1730,1983,3
1730,1984,3
1731,135,3
1731,1727,3
1731,1844,3
1731,1883,3
1732,330,3
1732,1412,3
1732,1733,3
1732,1863,3
1733,653,3
1733,1624,3
1733,1732,3
1733,1823,3
1734,1430,3
1734,1447,3
1734,1735,3
1734,1800,3
1735,1589,3
1735,1734,3
1735,1750,3
1735,1888,3
1736,1203,3
1736,1737,3
1736,1874,3
1736,1933,3
1737,692,3
1737,1705,3
1737,1736,3
1737,1994,3
1738,1494,3
1738,1739,3
1738,1890,3
1738,1958,3
1739,1596,3
1739,1738,3
1739,1972,3
1739,1974,3
1740,1684,3
1740,1741,3
1740,1847,3
1740,1903,3
1741,1740,3
1741,1837,3
1741,1971,3
1741,1986,3
1742,1483,3
1742,1679,3
1742,1743,3
1742,1903,3
1743,235,3
1743,1621,3
1743,1742,3
1743,1945,3
1744,384,3
1744,916,3
1744,1126,3
1744,1936,3
1745,1424,3
1745,1502,3
1745,1862,3
1745,1870,3
1746,1747,3
1746,1775,3
1746,1778,3
1746,1830,3
1747,664,3
1747,1432,3
1747,1746,3
1747,1994,3
1748,1692,3
1748,1730,3
1748,1935,3
1748,1983,3
1749,1520,3
1749,1599,3
1749,1628,3
1749,1893,3
1750,1368,3
1750,1589,3
1750,1735,3
1750,1953,3
1751,1697,3
1751,1752,3
1751,1833,3
1751,1978,3
1752,1685,3
1752,1687,3
1752,1751,3
1752,1777,3
1753,364,3
1753,1754,3
1753,1793,3
1753,1844,3
1754,1477,3
1754,1753,3
1754,1949,3
1754,1986,3
1755,1683,3
1755,1726,3
1755,1759,3
1755,1901,3
1756,1098,3
1756,1505,3
1756,1760,3
1756,1906,3
1757,1724,3
1757,1834,3
1757,1925,3
1757,1979,3
1758,1804,3
1758,1807,3
1758,1851,3
1758,1861,3
1759,23,3
1759,1164,3
1759,1726,3
1759,1755,3
1760,1551,3
1760,1696,3
1760,1756,3
1760,1775,3
1761,723,3
1761,1115,3
1761,1606,3
1761,1987,3
1762,176,3
1762,1763,3
1762,1882,3
1762,1956,3
1763,1381,3
1763,1762,3
1763,1888,3
1763,1900,3
1764,739,3
1764,1489,3
1764,1767,3
1764,1967,3
1765,1457,3
1765,1769,3
1765,1892,3
1765,1965,3
1766,1782,3
1766,1884,3
1766,1899,3
1766,1910,3
1767,1511,3
1767,1518,3
1767,1679,3
1767,1764,3
1768,1147,3
1768,1527,3
1768,1895,3
1768,1984,3
1769,1765,3
1769,1808,3
1769,1847,3
1769,1938,3
1770,1685,3
1770,1771,3
1770,1825,3
1770,1945,3
1771,1556,3
1771,1770,3
1771,1799,3
1771,1839,3
1772,1188,3
1772,1345,3
1772,1509,3
1772,1995,3
1773,792,3
1773,1774,3
1773,1789,3
1773,1995,3
1774,459,3
1774,1556,3
1774,1773,3
1774,1839,3
1775,1463,3
1775,1543,3
1775,1746,3
1775,1760,3
1776,1382,3
1776,1777,3
1776,1909,3
1776,1952,3
1777,344,3
1777,1687,3
1777,1752,3
1777,1776,3
1778,1463,3
1778,1746,3
1778,1779,3
1778,1951,3
1779,1376,3
1779,1778,3
1779,1797,3
1779,1922,3
1780,1377,3
1780,1516,3
1780,1781,3
1780,1869,3
1781,263,3
1781,1508,3
1781,1780,3
1781,1947,3
1782,1665,3
1782,1766,3
1782,1908,3
1782,1910,3
1783,740,3
1783,1577,3
1783,1939,3
1783,1995,3
1784,437,3
1784,1243,3
1784,1785,3
1784,2000,3
1785,92,3
1785,1784,3
1785,1889,3
1785,1988,3
1786,819,3
1786,1045,3
1786,1426,3
1786,1919,3
1787,681,3
1787,849,3
1787,1229,3
1787,1914,3
1788,170,3
1788,1789,3
1788,1839,3
1788,1869,3
1789,1240,3
1789,1773,3
1789,1788,3
1789,1995,3
1790,264,3
1790,460,3
1790,797,3
1790,819,3
1791,954,3
1791,1803,3
1791,1891,3
1791,1896,3
1792,1573,3
1792,1793,3
1792,1930,3
1792,1947,3
1793,1753,3
1793,1792,3
1793,1812,3
1793,1880,3
1794,1492,3
1794,1555,3
1794,1854,3
1794,1951,3
1795,499,3
1795,1252,3
1795,1407,3
1795,1495,3
1796,649,3
1796,797,3
1796,1636,3
1796,1797,3
1797,183,3
1797,1779,3
1797,1796,3
1797,1980,3
1798,1451,3
1798,1711,3
1798,1800,3
1798,1960,3
1799,1771,3
1799,1803,3
1799,1891,3
1799,1896,3
1800,1262,3
1800,1597,3
1800,1734,3
1800,1798,3
1801,1612,3
1801,1673,3
1801,1802,3
1801,1816,3
1802,1695,3
1802,1801,3
1802,1870,3
1802,1970,3
1803,1791,3
1803,1799,3
1803,1805,3
1803,1869,3
1804,690,3
1804,1507,3
1804,1758,3
1804,1807,3
1805,1133,3
1805,1694,3
1805,1803,3
1805,1914,3
1806,27,3
1806,1680,3
1806,1822,3
1806,1984,3
1807,275,3
1807,1758,3
1807,1804,3
1807,1911,3
1808,1518,3
1808,1769,3
1808,1809,3
1808,1938,3
1809,40,3
1809,1406,3
1809,1728,3
1809,1808,3
1810,1455,3
1810,1698,3
1810,1812,3
1810,1828,3
1811,983,3
1811,1471,3
1811,1845,3
1811,1998,3
1812,1678,3
1812,1793,3
1812,1810,3
1812,1963,3
1813,490,3
1813,1675,3
1813,1814,3
1813,1961,3
1814,1457,3
1814,1725,3
1814,1813,3
1814,1965,3
1815,358,3
1815,767,3
1815,1407,3
1815,1976,3
1816,1565,3
1816,1597,3
1816,1801,3
1816,1827,3
1817,1004,3
1817,1296,3
1817,1852,3
1817,1991,3
1818,1404,3
1818,1990,3
1818,1993,3
1818,1997,3
1819,645,3
1819,1820,3
1819,1846,3
1819,1857,3
1820,1674,3
1820,1819,3
1820,1823,3
1820,1855,3
1821,1546,3
1821,1822,3
1821,1892,3
1821,1973,3
1822,1565,3
1822,1806,3
1822,1821,3
1822,1984,3
1823,653,3
1823,1733,3
1823,1820,3
1823,1824,3
1824,1458,3
1824,1823,3
1824,1918,3
1824,1992,3
1825,1223,3
1825,1770,3
1825,1826,3
1825,1945,3
1826,492,3
1826,1487,3
1826,1825,3
1826,1928,3
1827,1184,3
1827,1337,3
1827,1816,3
1827,1828,3
1828,928,3
1828,1699,3
1828,1810,3
1828,1827,3
1829,366,3
1829,1830,3
1829,1834,3
1829,1841,3
1830,404,3
1830,1746,3
1830,1829,3
1830,1951,3
1831,1382,3
1831,1840,3
1831,1935,3
1831,1983,3
1832,96,3
1832,176,3
1832,1833,3
1832,1956,3
1833,1633,3
1833,1751,3
1833,1832,3
1833,1978,3
1834,1757,3
1834,1829,3
1834,1836,3
1834,1841,3
1835,922,3
1835,1202,3
1835,1289,3
1835,1936,3
1836,512,3
1836,1461,3
1836,1834,3
1836,1956,3
1837,1741,3
1837,1838,3
1837,1971,3
1837,1986,3
1838,1288,3
1838,1672,3
1838,1837,3
1838,1912,3
1839,1771,3
1839,1774,3
1839,1788,3
1839,1840,3
1839,1896,3
1840,1474,3
1840,1831,3
1840,1839,3
1840,1952,3
1840,1983,3
1841,520,3
1841,1829,3
1841,1834,3
1841,1842,3
1841,1981,3
1842,1709,3
1842,1841,3
1842,1868,3
1842,1878,3
1842,1956,3
1843,1173,3
1843,1416,3
1843,1895,3
1843,1952,3
1843,1983,3
1844,1173,3
1844,1729,3
1844,1731,3
1844,1753,3
1844,1963,3
1845,1528,3
1845,1580,3
1845,1662,3
1845,1811,3
1845,1846,3
1846,813,3
1846,1433,3
1846,1625,3
1846,1819,3
1846,1845,3
1847,1740,3
1847,1769,3
1847,1848,3
1847,1903,3
1847,1938,3
1848,1419,3
1848,1457,3
1848,1475,3
1848,1847,3
1848,1973,3
1849,682,3
1849,738,3
1849,838,3
1849,849,3
1849,1850,3
1850,1655,3
1850,1703,3
1850,1729,3
1850,1849,3
1850,1963,3
1851,1412,3
1851,1467,3
1851,1485,3
1851,1758,3
1851,1948,3
1852,1369,3
1852,1560,3
1852,1817,3
1852,1853,3
1852,1940,3
1853,1345,3
1853,1691,3
1853,1852,3
1853,1917,3
1853,1964,3
1854,1348,3
1854,1607,3
1854,1794,3
1854,1855,3
1854,1951,3
1855,1674,3
1855,1820,3
1855,1854,3
1855,1867,3
1855,1926,3
1856,377,3
1856,675,3
1856,1061,3
1856,1857,3
1856,1941,3
1857,1472,3
1857,1541,3
1857,1570,3
1857,1819,3
1857,1856,3
1858,57,3
1858,126,3
1858,1620,3
1858,1630,3
1858,1859,3
1859,1419,3
1859,1459,3
1859,1669,3
1859,1858,3
1859,1973,3
1860,836,3
1860,1439,3
1860,1727,3
1860,1861,3
1860,1904,3
1861,1717,3
1861,1758,3
1861,1860,3
1861,1911,3
1861,1948,3
1862,1448,3
1862,1713,3
1862,1745,3
1862,1863,3
1862,1997,3
1863,1467,3
1863,1480,3
1863,1732,3
1863,1862,3
1863,1946,3
1864,416,3
1864,1478,3
1864,1694,3
1864,1865,3
1864,1914,3
1865,859,3
1865,1464,3
1865,1714,3
1865,1864,3
1865,1897,3
1866,1234,3
1866,1483,3
1866,1867,3
1866,1903,3
1866,1938,3
1867,1306,3
1867,1649,3
1867,1855,3
1867,1866,3
1867,1926,3
1868,856,3
1868,1547,3
1868,1842,3
1868,1913,3
1868,1944,3
1869,1780,3
1869,1788,3
1869,1803,3
1869,1870,3
1869,1891,3
1870,1695,3
1870,1745,3
1870,1802,3
1870,1869,3
1870,1970,3
1871,754,3
1871,1505,3
1871,1587,3
1871,1886,3
1871,1922,3
1872,341,3
1872,1873,3
1872,1898,3
1872,1920,3
1872,2000,3
1873,158,3
1873,1451,3
1873,1520,3
1873,1872,3
1873,1893,3
1874,109,3
1874,1652,3
1874,1736,3
1874,1876,3
1874,1942,3
1875,490,3
1875,573,3
1875,1606,3
1875,1914,3
1875,1987,3
1876,560,3
1876,1292,3
1876,1295,3
1876,1874,3
1876,1936,3
1877,449,3
1877,758,3
1877,1677,3
1877,1878,3
1877,1915,3
1878,1365,3
1878,1842,3
1878,1877,3
1878,1929,3
1878,1944,3
1879,432,3
1879,890,3
1879,1523,3
1879,1621,3
1879,1945,3
1880,396,3
1880,1655,3
1880,1793,3
1880,1881,3
1880,1963,3
1881,1575,3
1881,1880,3
1881,1930,3
1881,1932,3
1881,1947,3
1882,501,3
1882,1762,3
1882,1883,3
1882,1944,3
1882,1956,3
1883,509,3
1883,1703,3
1883,1731,3
1883,1882,3
1883,1963,3
1884,1452,3
1884,1536,3
1884,1766,3
1884,1885,3
1884,1908,3
1885,1599,3
1885,1628,3
1885,1711,3
1885,1720,3
1885,1884,3
1886,1871,3
1886,1887,3
1886,1902,3
1886,1906,3
1886,1922,3
1887,740,3
1887,1718,3
1887,1886,3
1887,1939,3
1887,1995,3
1888,1468,3
1888,1735,3
1888,1763,3
1888,1889,3
1888,1900,3
1889,900,3
1889,1785,3
1889,1888,3
1889,1971,3
1889,1988,3
1890,515,3
1890,1622,3
1890,1738,3
1890,1891,3
1890,1958,3
1891,445,3
1891,1791,3
1891,1799,3
1891,1869,3
1891,1890,3
1892,1765,3
1892,1821,3
1892,1893,3
1892,1973,3
1892,1994,3
1893,793,3
1893,1749,3
1893,1873,3
1893,1892,3
1893,1960,3
1894,1131,3
1894,1573,3
1894,1707,3
1894,1895,3
1894,1932,3
1895,1642,3
1895,1768,3
1895,1843,3
1895,1894,3
1895,1983,3
1896,28,3
1896,1791,3
1896,1799,3
1896,1839,3
1896,1897,3
1897,859,3
1897,1865,3
1897,1896,3
1897,1917,3
1897,1964,3
1898,85,3
1898,517,3
1898,1872,3
1898,1899,3
1898,2000,3
1899,1369,3
1899,1766,3
1899,1898,3
1899,1905,3
1899,1940,3
1900,13,3
1900,1763,3
1900,1888,3
1900,1901,3
1900,1953,3
1901,116,3
1901,1031,3
1901,1755,3
1901,1900,3
1901,1969,3
1902,420,3
1902,1484,3
1902,1886,3
1902,1903,3
1902,1922,3
1903,1740,3
1903,1742,3
1903,1847,3
1903,1866,3
1903,1902,3
1904,1439,3
1904,1581,3
1904,1860,3
1904,1905,3
1904,1907,3
1905,1369,3
1905,1899,3
1905,1904,3
1905,1908,3
1905,1940,3
1906,1253,3
1906,1756,3
1906,1886,3
1906,1907,3
1906,1980,3
1907,1489,3
1907,1727,3
1907,1904,3
1907,1906,3
1907,1967,3
1908,1782,3
1908,1884,3
1908,1905,3
1908,1909,3
1908,1910,3
1908,1940,3
1909,1474,3
1909,1776,3
1909,1908,3
1909,1935,3
1909,1952,3
1909,1984,3
1910,1665,3
1910,1766,3
1910,1782,3
1910,1908,3
1910,1911,3
1910,1940,3
1911,1717,3
1911,1807,3
1911,1861,3
1911,1910,3
1911,1946,3
1911,1948,3
1912,38,3
1912,1512,3
1912,1517,3
1912,1579,3
1912,1838,3
1912,1913,3
1913,1547,3
1913,1562,3
1913,1709,3
1913,1868,3
1913,1912,3
1913,1929,3
1914,1299,3
1914,1787,3
1914,1805,3
1914,1864,3
1914,1875,3
1914,1921,3
1915,1534,3
1915,1557,3
1915,1624,3
1915,1677,3
1915,1877,3
1915,1916,3
1916,318,3
1916,500,3
1916,1370,3
1916,1427,3
1916,1630,3
1916,1915,3
1917,74,3
1917,1714,3
1917,1853,3
1917,1897,3
1917,1918,3
1917,1964,3
1918,1399,3
1918,1458,3
1918,1824,3
1918,1917,3
1918,1974,3
1918,1992,3
1919,1090,3
1919,1213,3
1919,1481,3
1919,1641,3
1919,1786,3
1919,1920,3
1920,545,3
1920,657,3
1920,1702,3
1920,1872,3
1920,1919,3
1920,2000,3
1921,1573,3
1921,1608,3
1921,1707,3
1921,1914,3
1921,1925,3
1921,1932,3
1922,934,3
1922,1779,3
1922,1871,3
1922,1886,3
1922,1902,3
1922,1923,3
1923,1421,3
1923,1647,3
1923,1666,3
1923,1708,3
1923,1922,3
1923,1928,3
1924,1700,3
1924,1721,3
1924,1724,3
1924,1926,3
1924,1979,3
1924,1981,3
1925,1724,3
1925,1757,3
1925,1921,3
1925,1929,3
1925,1955,3
1925,1981,3
1926,1534,3
1926,1557,3
1926,1584,3
1926,1855,3
1926,1867,3
1926,1924,3
1927,1051,3
1927,1218,3
1927,1583,3
1927,1661,3
1927,1663,3
1927,1928,3
1928,746,3
1928,1603,3
1928,1826,3
1928,1923,3
1928,1927,3
1928,1985,3
1929,1547,3
1929,1562,3
1929,1878,3
1929,1913,3
1929,1925,3
1929,1932,3
1930,893,3
1930,894,3
1930,1392,3
1930,1792,3
1930,1881,3
1930,1932,3
1931,948,3
1931,1417,3
1931,1454,3
1931,1504,3
1931,1722,3
1931,1934,3
1931,2000,3
1932,324,3
1932,1881,3
1932,1894,3
1932,1921,3
1932,1929,3
1932,1930,3
1932,1933,3
1933,1334,3
1933,1530,3
1933,1643,3
1933,1648,3
1933,1736,3
1933,1932,3
1933,1936,3
1934,714,3
1934,788,3
1934,1261,3
1934,1351,3
1934,1931,3
1934,1979,3
1934,1981,3
1935,1320,3
1935,1416,3
1935,1748,3
1935,1831,3
1935,1909,3
1935,1937,3
1935,1952,3
1936,213,3
1936,1744,3
1936,1835,3
1936,1876,3
1936,1933,3
1936,1938,3
1936,1954,3
1937,548,3
1937,672,3
1937,926,3
1937,1005,3
1937,1496,3
1937,1935,3
1937,1973,3
1938,346,3
1938,1769,3
1938,1808,3
1938,1847,3
1938,1866,3
1938,1936,3
1938,1939,3
1939,1250,3
1939,1718,3
1939,1783,3
1939,1887,3
1939,1938,3
1939,1940,3
1939,1959,3
1940,1852,3
1940,1899,3
1940,1905,3
1940,1908,3
1940,1910,3
1940,1939,3
1940,1943,3
1941,1061,3
1941,1161,3
1941,1408,3
1941,1526,3
1941,1693,3
1941,1856,3
1941,1942,3
1942,776,3
1942,796,3
1942,1068,3
1942,1070,3
1942,1087,3
1942,1874,3
1942,1941,3
1943,506,3
1943,723,3
1943,835,3
1943,1606,3
1943,1675,3
1943,1940,3
1943,1944,3
1944,1154,3
1944,1355,3
1944,1868,3
1944,1878,3
1944,1882,3
1944,1943,3
1944,1949,3
1945,400,3
1945,1701,3
1945,1743,3
1945,1770,3
1945,1825,3
1945,1879,3
1945,1946,3
1946,712,3
1946,818,3
1946,910,3
1946,1863,3
1946,1911,3
1946,1945,3
1946,1950,3
1947,1575,3
1947,1608,3
1947,1707,3
1947,1781,3
1947,1792,3
1947,1881,3
1947,1948,3
1948,330,3
1948,477,3
1948,1851,3
1948,1861,3
1948,1911,3
1948,1947,3
1948,1950,3
1949,1477,3
1949,1535,3
1949,1564,3
1949,1754,3
1949,1944,3
1949,1955,3
1949,1986,3
1950,1497,3
1950,1507,3
1950,1715,3
1950,1717,3
1950,1946,3
1950,1948,3
1950,1951,3
1951,837,3
1951,1506,3
1951,1778,3
1951,1794,3
1951,1830,3
1951,1854,3
1951,1950,3
1952,1697,3
1952,1698,3
1952,1776,3
1952,1840,3
1952,1843,3
1952,1909,3
1952,1935,3
1953,1381,3
1953,1578,3
1953,1623,3
1953,1750,3
1953,1900,3
1953,1954,3
1953,1991,3
1954,560,3
1954,1332,3
1954,1449,3
1954,1465,3
1954,1723,3
1954,1936,3
1954,1953,3
1955,366,3
1955,1724,3
1955,1925,3
1955,1949,3
1955,1956,3
1955,1979,3
1955,1981,3
1956,1762,3
1956,1832,3
1956,1836,3
1956,1842,3
1956,1882,3
1956,1955,3
1956,1957,3
1957,677,3
1957,1604,3
1957,1634,3
1957,1681,3
1957,1956,3
1957,1959,3
1957,1989,3
1958,994,3
1958,1300,3
1958,1494,3
1958,1609,3
1958,1622,3
1958,1738,3
1958,1890,3
1958,1960,3
1959,58,3
1959,184,3
1959,1375,3
1959,1588,3
1959,1939,3
1959,1957,3
1959,1962,3
1959,1995,3
1960,248,3
1960,1091,3
1960,1414,3
1960,1711,3
1960,1798,3
1960,1893,3
1960,1958,3
1960,1975,3
1961,163,3
1961,291,3
1961,406,3
1961,506,3
1961,525,3
1961,775,3
1961,1813,3
1961,1964,3
1962,213,3
1962,1344,3
1962,1444,3
1962,1449,3
1962,1465,3
1962,1723,3
1962,1959,3
1962,1963,3
1963,1442,3
1963,1812,3
1963,1844,3
1963,1850,3
1963,1880,3
1963,1883,3
1963,1962,3
1963,1965,3
1964,101,3
1964,1615,3
1964,1691,3
1964,1719,3
1964,1853,3
1964,1897,3
1964,1917,3
1964,1961,3
1965,411,3
1965,1171,3
1965,1765,3
1965,1814,3
1965,1963,3
1965,1966,3
1965,1973,3
1965,1994,3
1966,1423,3
1966,1468,3
1966,1473,3
1966,1589,3
1966,1610,3
1966,1965,3
1966,1968,3
1966,1991,3
1967,510,3
1967,655,3
1967,1554,3
1967,1600,3
1967,1764,3
1967,1907,3
1967,1969,3
1967,1977,3
1968,593,3
1968,1104,3
1968,1218,3
1968,1383,3
1968,1389,3
1968,1661,3
1968,1966,3
1968,1970,3
1969,147,3
1969,193,3
1969,274,3
1969,564,3
1969,1559,3
1969,1726,3
1969,1901,3
1969,1967,3
1970,804,3
1970,1448,3
1970,1695,3
1970,1712,3
1970,1713,3
1970,1802,3
1970,1870,3
1970,1968,3
1970,1971,3
1971,1639,3
1971,1704,3
1971,1741,3
1971,1837,3
1971,1889,3
1971,1970,3
1971,1972,3
1971,1988,3
1971,1999,3
1972,960,3
1972,1220,3
1972,1436,3
1972,1453,3
1972,1574,3
1972,1739,3
1972,1971,3
1972,1973,3
1972,1992,3
1973,1127,3
1973,1821,3
1973,1848,3
1973,1859,3
1973,1892,3
1973,1937,3
1973,1965,3
1973,1972,3
1973,1974,3
1974,1398,3
1974,1399,3
1974,1458,3
1974,1596,3
1974,1739,3
1974,1918,3
1974,1973,3
1974,1975,3
1974,1992,3
1975,1055,3
1975,1414,3
1975,1422,3
1975,1524,3
1975,1586,3
1975,1659,3
1975,1960,3
1975,1974,3
1975,1976,3
1976,255,3
1976,499,3
1976,767,3
1976,909,3
1976,1294,3
1976,1815,3
1976,1975,3
1976,1977,3
1976,1990,3
1977,739,3
1977,751,3
1977,1046,3
1977,1056,3
1977,1158,3
1977,1159,3
1977,1967,3
1977,1976,3
1977,1978,3
1978,1515,3
1978,1595,3
1978,1633,3
1978,1654,3
1978,1684,3
1978,1751,3
1978,1833,3
1978,1977,3
1978,1979,3
1979,1086,3
1979,1185,3
1979,1757,3
1979,1924,3
1979,1934,3
1979,1955,3
1979,1978,3
1979,1980,3
1979,1981,3
1980,985,3
1980,1253,3
1980,1376,3
1980,1395,3
1980,1445,3
1980,1484,3
1980,1797,3
1980,1906,3
1980,1979,3
1980,1981,3
1981,915,3
1981,1721,3
1981,1841,3
1981,1924,3
1981,1925,3
1981,1934,3
1981,1955,3
1981,1979,3
1981,1980,3
1981,1983,3
1982,755,3
1982,781,3
1982,878,3
1982,1179,3
1982,1194,3
1982,1214,3
1982,1314,3
1982,1427,3
1982,1983,3
1982,1984,3
1983,339,3
1983,1142,3
1983,1730,3
1983,1748,3
1983,1831,3
1983,1840,3
1983,1843,3
1983,1895,3
1983,1981,3
1983,1982,3
1984,824,3
1984,1692,3
1984,1710,3
1984,1730,3
1984,1768,3
1984,1806,3
1984,1822,3
1984,1909,3
1984,1982,3
1984,1985,3
1985,1304,3
1985,1380,3
1985,1396,3
1985,1429,3
1985,1549,3
1985,1567,3
1985,1593,3
1985,1928,3
1985,1984,3
1985,1986,3
1986,1535,3
1986,1564,3
1986,1639,3
1986,1704,3
1986,1741,3
1986,1754,3
1986,1837,3
1986,1949,3
1986,1985,3
1986,1987,3
1987,291,3
1987,536,3
1987,629,3
1987,744,3
1987,1058,3
1987,1166,3
1987,1235,3
1987,1761,3
1987,1875,3
1987,1986,3
1987,1988,3
1988,825,3
1988,1308,3
1988,1330,3
1988,1350,3
1988,1353,3
1988,1477,3
1988,1785,3
1988,1889,3
1988,1971,3
1988,1987,3
1988,1989,3
1989,511,3
1989,920,3
1989,1113,3
1989,1286,3
1989,1435,3
1989,1619,3
1989,1632,3
1989,1646,3
1989,1957,3
1989,1988,3
1989,1994,3
1990,365,3
1990,412,3
1990,584,3
1990,949,3
1990,1143,3
1990,1177,3
1990,1189,3
1990,1501,3
1990,1818,3
1990,1976,3
1990,1991,3
1991,1095,3
1991,1374,3
1991,1378,3
1991,1456,3
1991,1460,3
1991,1493,3
1991,1522,3
1991,1623,3
1991,1817,3
1991,1953,3
1991,1966,3
1991,1990,3
1992,361,3
1992,1398,3
1992,1436,3
1992,1596,3
1992,1613,3
1992,1682,3
1992,1824,3
1992,1918,3
1992,1972,3
1992,1974,3
1992,1993,3
1992,1997,3
1993,108,3
1993,671,3
1993,759,3
1993,804,3
1993,887,3
1993,1084,3
1993,1400,3
1993,1409,3
1993,1470,3
1993,1690,3
1993,1818,3
1993,1992,3
1993,1995,3
1994,5,3
1994,289,3
1994,625,3
1994,861,3
1994,1432,3
1994,1546,3
1994,1597,3
1994,1705,3
1994,1725,3
1994,1737,3
1994,1747,3
1994,1892,3
1994,1965,3
1994,1989,3
1995,1375,3
1995,1509,3
1995,1519,3
1995,1576,3
1995,1577,3
1995,1588,3
1995,1772,3
1995,1773,3
1995,1783,3
1995,1789,3
1995,1887,3
1995,1959,3
1995,1993,3
1995,1998,3
1995,1999,3
1996,121,3
1996,229,3
1996,415,3
1996,488,3
1996,599,3
1996,749,3
1996,911,3
1996,1007,3
1996,1067,3
1996,1071,3
1996,1078,3
1996,1100,3
1996,1143,3
1996,1273,3
1996,1346,3
1996,1360,3
1997,325,3
1997,1145,3
1997,1221,3
1997,1237,3
1997,1276,3
1997,1466,3
1997,1502,3
1997,1542,3
1997,1618,3
1997,1653,3
1997,1818,3
1997,1862,3
1997,1992,3
1998,40,3
1998,125,3
1998,241,3
1998,338,3
1998,688,3
1998,766,3
1998,805,3
1998,973,3
1998,983,3
1998,1245,3
1998,1367,3
1998,1528,3
1998,1728,3
1998,1811,3
1998,1995,3
1998,1999,3
1998,2000,3
1999,119,3
1999,220,3
1999,389,3
1999,403,3
1999,422,3
1999,640,3
1999,652,3
1999,708,3
1999,784,3
1999,919,3
1999,1200,3
1999,1298,3
1999,1335,3
1999,1971,3
1999,1995,3
1999,1998,3
1999,2000,3
2000,5,3
2000,262,3
2000,272,3
2000,1008,3
2000,1504,3
2000,1539,3
2000,1544,3
2000,1587,3
2000,1657,3
2000,1702,3
2000,1722,3
2000,1784,3
2000,1872,3
2000,1898,3
2000,1920,3
2000,1931,3
2000,1998,3
2000,1999,3
1,185,4
1,372,4
2,1611,4
2,1973,4
3,108,4
3,308,4
4,24,4
4,1994,4
5,15,4
5,98,4
6,26,4
6,1008,4
7,1218,4
7,1927,4
8,1662,4
8,1998,4
9,231,4
9,883,4
10,190,4
10,311,4
11,228,4
11,317,4
12,414,4
12,496,4
13,78,4
13,93,4
14,1242,4
14,1417,4
15,5,4
15,1986,4
16,18,4
16,87,4
17,38,4
17,140,4
18,16,4
18,61,4
19,20,4
19,115,4
20,19,4
20,1758,4
21,81,4
21,90,4
22,34,4
22,1293,4
23,24,4
23,205,4
24,4,4
24,23,4
25,537,4
25,782,4
26,6,4
26,60,4
27,39,4
27,254,4
28,1201,4
28,1896,4
29,81,4
29,90,4
30,158,4
30,202,4
31,39,4
31,287,4
32,37,4
32,152,4
33,180,4
33,1399,4
34,22,4
34,1650,4
35,125,4
35,241,4
36,627,4
36,658,4
37,32,4
37,268,4
38,17,4
38,95,4
39,27,4
39,31,4
40,786,4
40,1998,4
41,42,4
41,105,4
42,41,4
42,45,4
43,45,4
43,104,4
44,250,4
44,273,4
45,42,4
45,43,4
46,232,4
46,610,4
47,320,4
47,480,4
48,49,4
48,94,4
49,48,4
49,191,4
50,1454,4
50,1702,4
51,1506,4
51,1830,4
52,53,4
52,89,4
53,52,4
53,70,4
54,147,4
54,162,4
55,1708,4
55,1716,4
56,996,4
56,1452,4
57,706,4
57,1982,4
58,83,4
58,203,4
59,213,4
59,242,4
60,26,4
60,85,4
61,18,4
61,1153,4
62,67,4
62,1938,4
63,953,4
63,1856,4
64,578,4
64,1992,4
65,765,4
65,1946,4
66,145,4
66,1106,4
67,62,4
67,1876,4
68,95,4
68,156,4
69,70,4
69,784,4
70,53,4
70,69,4
71,73,4
71,278,4
72,568,4
72,653,4
73,71,4
73,800,4
74,80,4
74,106,4
75,1414,4
75,1628,4
76,154,4
76,440,4
77,237,4
77,554,4
78,13,4
78,123,4
79,181,4
79,263,4
80,74,4
80,1896,4
81,21,4
81,29,4
82,100,4
82,1992,4
83,58,4
83,203,4
84,199,4
84,1326,4
85,60,4
85,1898,4
86,87,4
86,144,4
87,16,4
87,86,4
88,1088,4
88,1395,4
89,52,4
89,94,4
90,21,4
90,29,4
91,380,4
91,817,4
92,119,4
92,220,4
93,13,4
93,123,4
94,48,4
94,89,4
95,38,4
95,68,4
96,97,4
96,230,4
97,96,4
97,811,4
98,5,4
98,101,4
99,151,4
99,179,4
100,82,4
100,1992,4
101,98,4
101,1964,4
102,1245,4
102,1998,4
103,104,4
103,360,4
104,43,4
104,103,4
105,41,4
105,113,4
106,74,4
106,387,4
107,110,4
107,119,4
108,3,4
108,154,4
109,1644,4
109,1736,4
110,107,4
110,299,4
111,735,4
111,1324,4
112,1583,4
112,1663,4
113,105,4
113,127,4
114,919,4
114,1741,4
115,19,4
115,117,4
116,147,4
116,701,4
117,115,4
117,141,4
118,122,4
118,340,4
119,92,4
119,107,4
120,226,4
120,267,4
121,1090,4
121,1996,4
122,118,4
122,290,4
123,78,4
123,93,4
124,575,4
124,1937,4
125,35,4
125,1406,4
126,500,4
126,755,4
127,113,4
127,128,4
128,127,4
128,288,4
129,480,4
129,1390,4
130,455,4
130,776,4
131,132,4
131,183,4
132,131,4
132,240,4
133,1139,4
133,1311,4
134,219,4
134,252,4
135,200,4
135,431,4
136,339,4
136,369,4
137,1596,4
137,1918,4
138,142,4
138,570,4
139,1815,4
139,1976,4
140,17,4
140,348,4
141,117,4
141,986,4
142,138,4
142,1949,4
143,619,4
143,1975,4
144,86,4
144,153,4
145,66,4
145,225,4
146,176,4
146,286,4
147,54,4
147,116,4
148,1746,4
148,1760,4
149,157,4
149,1893,4
150,153,4
150,1358,4
151,99,4
151,179,4
152,32,4
152,217,4
153,144,4
153,150,4
154,76,4
154,108,4
155,313,4
155,1119,4
156,68,4
156,348,4
157,149,4
157,356,4
158,30,4
158,161,4
159,207,4
159,402,4
160,213,4
160,242,4
161,158,4
161,757,4
162,54,4
162,1901,4
163,291,4
163,406,4
164,165,4
164,194,4
165,164,4
165,214,4
166,167,4
167,166,4
167,362,4
168,170,4
168,177,4
169,979,4
169,1075,4
170,168,4
170,580,4
171,1309,4
171,1958,4
172,174,4
172,175,4
173,1722,4
173,2000,4
174,172,4
174,463,4
175,172,4
175,177,4
176,146,4
176,329,4
177,168,4
177,175,4
178,182,4
178,1148,4
179,99,4
179,151,4
180,33,4
180,1918,4
181,79,4
181,700,4
182,178,4
182,197,4
183,131,4
183,1950,4
184,442,4
184,454,4
185,1,4
185,366,4
186,187,4
186,206,4
187,186,4
187,222,4
188,247,4
188,305,4
189,601,4
189,1954,4
190,10,4
190,191,4
191,49,4
191,190,4
192,195,4
192,1941,4
193,1167,4
193,1969,4
194,164,4
194,1147,4
195,192,4
195,297,4
196,398,4
196,833,4
197,182,4
197,201,4
198,1398,4
198,1918,4
199,84,4
199,455,4
200,135,4
200,298,4
201,197,4
201,300,4
202,30,4
202,248,4
203,58,4
203,83,4
204,266,4
204,1995,4
205,23,4
205,1995,4
206,186,4
206,209,4
207,159,4
207,402,4
208,1199,4
208,1321,4
209,206,4
209,444,4
210,214,4
210,763,4
211,804,4
211,1970,4
212,248,4
212,395,4
213,59,4
213,160,4
214,165,4
214,210,4
215,218,4
215,342,4
216,219,4
216,270,4
217,152,4
217,244,4
218,215,4
218,752,4
219,134,4
219,216,4
220,92,4
220,299,4
221,303,4
221,310,4
222,187,4
222,313,4
223,336,4
223,411,4
224,1134,4
224,1244,4
225,145,4
225,366,4
226,120,4
226,353,4
227,244,4
227,460,4
228,11,4
228,294,4
229,649,4
229,1996,4
230,96,4
230,233,4
231,9,4
231,420,4
232,46,4
232,598,4
233,230,4
233,322,4
234,293,4
234,1151,4
235,332,4
235,352,4
236,238,4
236,963,4
237,77,4
237,981,4
238,236,4
238,272,4
239,492,4
239,1487,4
240,132,4
240,243,4
241,35,4
241,1406,4
242,59,4
242,160,4
243,240,4
243,1187,4
244,217,4
244,227,4
245,253,4
245,484,4
246,330,4
246,618,4
247,188,4
247,352,4
248,202,4
248,212,4
249,1691,4
249,1897,4
250,44,4
250,273,4
251,694,4
251,1800,4
252,134,4
252,310,4
253,245,4
253,364,4
254,27,4
254,1792,4
255,1495,4
255,1976,4
256,258,4
256,307,4
257,1291,4
257,1737,4
258,256,4
258,279,4
259,265,4
259,1307,4
260,486,4
260,533,4
261,1370,4
261,1858,4
262,573,4
262,1997,4
263,79,4
263,598,4
264,1919,4
264,1996,4
265,259,4
265,666,4
266,204,4
266,269,4
267,120,4
267,353,4
268,37,4
268,393,4
269,266,4
269,275,4
270,216,4
270,333,4
271,272,4
271,377,4
272,238,4
272,271,4
273,44,4
273,250,4
274,275,4
274,508,4
275,269,4
275,274,4
276,1169,4
276,1469,4
277,278,4
277,331,4
278,71,4
278,277,4
279,258,4
279,670,4
280,283,4
280,378,4
281,903,4
281,991,4
282,510,4
282,739,4
283,280,4
283,483,4
284,486,4
284,555,4
285,425,4
285,586,4
286,146,4
286,329,4
287,31,4
287,410,4
288,128,4
288,290,4
289,643,4
289,1973,4
290,122,4
290,288,4
291,163,4
291,1606,4
292,407,4
292,687,4
293,234,4
293,302,4
294,228,4
294,302,4
295,296,4
295,375,4
296,295,4
296,376,4
297,195,4
297,300,4
298,200,4
298,426,4
299,110,4
299,220,4
300,201,4
300,297,4
301,1031,4
301,1755,4
302,293,4
302,294,4
303,221,4
303,333,4
304,559,4
304,1061,4
305,188,4
305,430,4
306,368,4
306,586,4
307,256,4
307,426,4
308,3,4
308,325,4
309,798,4
309,1984,4
310,221,4
310,252,4
311,10,4
311,435,4
312,355,4
312,385,4
313,155,4
313,222,4
314,319,4
314,529,4
315,393,4
315,1482,4
316,511,4
316,596,4
317,11,4
317,382,4
318,1128,4
318,1982,4
319,314,4
319,349,4
320,47,4
320,1625,4
321,427,4
321,453,4
322,233,4
322,324,4
323,331,4
323,898,4
324,322,4
324,397,4
325,308,4
325,1221,4
326,328,4
326,470,4
327,424,4
327,2000,4
328,326,4
328,1798,4
329,176,4
329,286,4
330,246,4
330,1948,4
331,277,4
331,323,4
332,235,4
332,430,4
333,270,4
333,303,4
334,337,4
334,493,4
335,401,4
335,1046,4
336,223,4
336,411,4
337,334,4
337,493,4
338,341,4
338,973,4
339,136,4
339,464,4
340,118,4
340,382,4
341,338,4
341,1872,4
342,215,4
342,343,4
343,342,4
343,1353,4
344,461,4
344,482,4
345,1608,4
345,1932,4
346,390,4
346,479,4
347,349,4
347,622,4
348,140,4
348,156,4
349,319,4
349,347,4
350,1774,4
350,1799,4
351,1688,4
351,1933,4
352,235,4
352,247,4
353,226,4
353,267,4
354,359,4
354,418,4
355,312,4
355,1368,4
356,157,4
356,488,4
357,449,4
357,558,4
358,1501,4
358,1976,4
359,354,4
359,503,4
360,103,4
360,939,4
361,960,4
361,1974,4
362,167,4
362,363,4
363,362,4
363,1982,4
364,253,4
364,370,4
365,1795,4
365,1815,4
366,185,4
366,225,4
367,419,4
367,476,4
368,306,4
368,420,4
369,136,4
369,549,4
370,364,4
370,562,4
371,1310,4
371,1978,4
372,1,4
372,453,4
373,381,4
373,391,4
374,375,4
374,827,4
375,295,4
375,374,4
376,296,4
376,377,4
377,271,4
377,376,4
378,280,4
378,1818,4
378,1819,4
379,390,4
379,636,4
380,91,4
380,884,4
381,373,4
381,391,4
382,317,4
382,340,4
383,652,4
383,708,4
384,502,4
384,583,4
385,312,4
385,471,4
386,474,4
386,514,4
387,106,4
387,613,4
388,471,4
388,656,4
389,784,4
389,1988,4
390,346,4
390,379,4
391,373,4
391,381,4
392,394,4
392,446,4
393,268,4
393,315,4
394,392,4
394,451,4
395,212,4
395,434,4
396,1305,4
396,1880,4
397,324,4
397,409,4
398,196,4
398,421,4
399,1451,4
399,1524,4
400,1521,4
400,1658,4
401,335,4
401,655,4
402,159,4
402,207,4
403,1287,4
403,1999,4
404,507,4
404,801,4
405,802,4
405,1939,4
406,163,4
406,536,4
407,292,4
407,687,4
408,621,4
408,1738,4
409,397,4
409,1121,4
410,287,4
410,412,4
411,223,4
411,336,4
412,410,4
412,1990,4
413,659,4
413,1513,4
414,12,4
414,1901,4
415,599,4
415,1814,4
416,1787,4
416,1864,4
417,625,4
417,870,4
418,354,4
418,423,4
419,367,4
419,476,4
420,231,4
420,368,4
421,398,4
421,682,4
422,1477,4
422,1988,4
423,418,4
423,577,4
424,327,4
424,2000,4
425,285,4
425,638,4
426,298,4
426,307,4
427,321,4
427,518,4
428,611,4
428,682,4
429,477,4
429,615,4
430,305,4
430,332,4
431,135,4
431,581,4
432,433,4
432,760,4
433,432,4
433,768,4
434,395,4
434,439,4
435,311,4
435,1965,4
436,473,4
436,1027,4
437,526,4
437,2000,4
438,545,4
438,1965,4
439,434,4
439,498,4
440,76,4
440,563,4
441,444,4
441,1810,4
442,184,4
442,550,4
443,1004,4
443,1910,4
444,209,4
444,441,4
445,459,4
445,557,4
446,392,4
446,447,4
447,446,4
447,629,4
448,1266,4
448,1738,4
449,357,4
449,676,4
450,451,4
450,602,4
451,394,4
451,450,4
452,564,4
452,1969,4
453,321,4
453,372,4
454,184,4
454,571,4
455,130,4
455,199,4
456,460,4
456,1827,4
457,633,4
457,874,4
458,970,4
458,1114,4
459,445,4
459,557,4
460,227,4
460,456,4
461,344,4
461,482,4
462,1251,4
462,1280,4
463,174,4
463,465,4
464,339,4
464,747,4
465,463,4
465,608,4
466,472,4
466,541,4
467,988,4
467,1887,4
468,487,4
468,553,4
469,478,4
469,527,4
470,326,4
470,498,4
471,385,4
471,388,4
472,466,4
472,478,4
473,436,4
473,1690,4
474,386,4
474,514,4
475,1384,4
475,1391,4
476,367,4
476,419,4
477,429,4
477,1282,4
478,469,4
478,472,4
479,346,4
479,707,4
480,47,4
480,129,4
481,538,4
481,691,4
482,344,4
482,461,4
483,283,4
483,484,4
484,245,4
484,483,4
485,556,4
485,567,4
486,260,4
486,284,4
487,468,4
487,553,4
488,356,4
488,1213,4
489,491,4
489,1707,4
490,1761,4
490,1943,4
491,489,4
491,646,4
492,239,4
492,1603,4
493,334,4
493,337,4
494,501,4
494,759,4
495,549,4
495,1565,4
496,12,4
496,1759,4
497,663,4
497,707,4
498,439,4
498,470,4
499,1407,4
499,1795,4
500,126,4
500,755,4
501,494,4
501,521,4
502,384,4
502,1271,4
503,359,4
503,504,4
504,503,4
504,946,4
505,509,4
505,647,4
506,744,4
506,1943,4
507,404,4
507,654,4
508,274,4
508,1646,4
509,505,4
509,962,4
510,282,4
510,655,4
511,316,4
511,530,4
512,606,4
512,715,4
513,1504,4
513,1872,4
514,386,4
514,474,4
515,865,4
515,1958,4
516,519,4
516,634,4
517,737,4
517,2000,4
518,427,4
518,1388,4
519,516,4
519,783,4
520,566,4
520,651,4
521,501,4
521,524,4
522,782,4
522,1665,4
523,625,4
523,672,4
524,521,4
524,896,4
525,536,4
525,1675,4
526,437,4
526,2000,4
527,469,4
527,666,4
528,581,4
528,603,4
529,314,4
529,532,4
530,511,4
530,831,4
531,535,4
531,585,4
532,529,4
532,1720,4
533,260,4
533,560,4
534,1392,4
534,1707,4
535,531,4
535,585,4
536,406,4
536,525,4
537,25,4
537,965,4
538,481,4
538,1402,4
539,541,4
539,726,4
540,592,4
540,624,4
541,466,4
541,539,4
542,820,4
542,1500,4
543,544,4
543,1997,4
544,543,4
544,1960,4
545,438,4
545,1973,4
546,638,4
546,779,4
547,868,4
547,1973,4
548,1313,4
548,1364,4
549,369,4
549,495,4
550,442,4
550,1083,4
551,857,4
551,858,4
552,1142,4
552,1984,4
553,468,4
553,487,4
554,77,4
554,592,4
555,284,4
555,560,4
556,485,4
556,563,4
557,445,4
557,459,4
558,357,4
558,568,4
559,304,4
559,1856,4
560,533,4
560,555,4
561,562,4
561,714,4
562,370,4
562,561,4
563,440,4
563,556,4
564,452,4
564,1969,4
565,657,4
565,2000,4
566,520,4
566,961,4
567,485,4
567,1713,4
568,72,4
568,558,4
569,1380,4
569,1429,4
570,138,4
570,572,4
571,454,4
571,769,4
572,570,4
572,1709,4
573,262,4
573,1173,4
574,590,4
574,789,4
575,124,4
575,623,4
576,662,4
576,1997,4
577,423,4
577,579,4
578,64,4
578,1992,4
579,577,4
579,762,4
580,170,4
580,584,4
581,431,4
581,528,4
582,1472,4
582,1541,4
583,384,4
583,627,4
584,580,4
584,1990,4
585,531,4
585,535,4
586,285,4
586,306,4
587,590,4
587,728,4
588,589,4
588,1616,4
589,588,4
589,1577,4
590,574,4
590,587,4
591,635,4
591,1880,4
592,540,4
592,554,4
593,841,4
593,1968,4
594,680,4
594,873,4
595,1410,4
595,1490,4
596,316,4
596,831,4
597,599,4
597,665,4
598,232,4
598,263,4
599,415,4
599,597,4
600,1756,4
600,1902,4
601,189,4
601,1962,4
602,450,4
602,608,4
603,528,4
603,693,4
604,793,4
604,850,4
605,882,4
605,887,4
606,512,4
606,715,4
607,944,4
607,954,4
608,465,4
608,602,4
609,613,4
609,1412,4
610,46,4
610,639,4
611,428,4
611,738,4
612,1258,4
612,1337,4
613,387,4
613,609,4
614,1468,4
614,1966,4
615,429,4
615,690,4
616,622,4
616,677,4
617,678,4
617,950,4
618,246,4
618,690,4
619,143,4
619,1960,4
620,639,4
620,703,4
621,408,4
621,1609,4
622,347,4
622,616,4
623,575,4
623,630,4
624,540,4
624,637,4
625,417,4
625,523,4
626,697,4
626,1561,4
627,36,4
627,583,4
628,629,4
628,1500,4
629,447,4
629,628,4
630,623,4
630,631,4
631,630,4
631,660,4
632,679,4
632,791,4
633,457,4
633,874,4
634,516,4
634,1979,4
635,591,4
635,641,4
636,379,4
636,1903,4
637,624,4
637,877,4
638,425,4
638,546,4
639,610,4
639,620,4
640,1564,4
640,1988,4
641,635,4
641,1024,4
642,847,4
642,1941,4
643,289,4
643,1973,4
644,645,4
644,912,4
645,644,4
645,681,4
646,491,4
646,650,4
647,505,4
647,1894,4
648,689,4
648,746,4
649,229,4
649,1996,4
650,646,4
650,661,4
651,520,4
651,679,4
652,383,4
652,708,4
653,72,4
653,1157,4
654,507,4
654,932,4
655,401,4
655,510,4
656,388,4
656,680,4
657,565,4
657,2000,4
658,36,4
658,807,4
659,413,4
659,660,4
660,631,4
660,659,4
661,650,4
661,662,4
662,576,4
662,661,4
663,497,4
663,857,4
664,665,4
664,692,4
665,597,4
665,664,4
666,265,4
666,527,4
667,693,4
667,699,4
668,1491,4
668,1955,4
669,697,4
669,778,4
670,279,4
670,676,4
671,1802,4
671,1997,4
672,523,4
672,823,4
673,1609,4
673,1622,4
674,1324,4
674,1378,4
675,1526,4
675,1941,4
676,449,4
676,670,4
677,616,4
677,681,4
678,617,4
678,773,4
679,632,4
679,651,4
680,594,4
680,656,4
681,645,4
681,677,4
682,421,4
682,428,4
683,684,4
683,727,4
684,683,4
684,818,4
685,1558,4
685,1814,4
686,692,4
686,830,4
687,292,4
687,407,4
688,766,4
688,1728,4
689,648,4
689,746,4
690,615,4
690,618,4
691,481,4
691,910,4
692,664,4
692,686,4
693,603,4
693,667,4
694,251,4
694,695,4
695,694,4
695,799,4
696,860,4
696,1792,4
697,626,4
697,669,4
698,705,4
698,718,4
699,667,4
699,1023,4
700,181,4
700,862,4
701,116,4
701,1759,4
702,795,4
702,940,4
703,620,4
703,862,4
704,994,4
704,1958,4
705,698,4
705,815,4
706,57,4
706,711,4
707,479,4
707,497,4
708,383,4
708,652,4
709,1057,4
709,2000,4
710,928,4
710,929,4
711,706,4
711,837,4
712,810,4
712,910,4
713,792,4
713,1188,4
714,561,4
714,716,4
715,512,4
715,606,4
716,714,4
716,780,4
717,718,4
717,1204,4
718,698,4
718,717,4
719,722,4
719,867,4
720,875,4
720,936,4
721,1019,4
721,1570,4
722,719,4
722,974,4
723,1875,4
723,1987,4
724,725,4
724,1895,4
725,724,4
725,1135,4
726,539,4
726,1767,4
727,683,4
727,731,4
728,587,4
728,891,4
729,796,4
729,1068,4
730,1373,4
730,1598,4
731,727,4
731,1949,4
732,733,4
732,1094,4
733,732,4
733,811,4
734,740,4
734,806,4
735,111,4
735,1374,4
736,737,4
736,1562,4
737,517,4
737,736,4
738,611,4
738,1299,4
739,282,4
739,1860,4
740,734,4
740,806,4
741,839,4
741,921,4
742,1178,4
742,1304,4
743,1226,4
743,1497,4
744,506,4
744,1961,4
745,747,4
745,1311,4
746,648,4
746,689,4
747,464,4
747,745,4
748,1137,4
748,1947,4
749,752,4
749,1641,4
750,1724,4
750,1757,4
751,1764,4
751,1967,4
752,218,4
752,749,4
753,928,4
753,1000,4
754,1445,4
754,1980,4
755,126,4
755,500,4
756,760,4
756,1037,4
757,161,4
757,793,4
758,1096,4
758,1193,4
759,494,4
759,882,4
760,432,4
760,756,4
761,762,4
761,1781,4
762,579,4
762,761,4
763,210,4
763,1092,4
764,768,4
764,1270,4
765,65,4
765,1948,4
766,688,4
766,1728,4
767,1815,4
767,1976,4
768,433,4
768,764,4
769,571,4
769,792,4
770,1824,4
770,1972,4
771,774,4
771,908,4
772,777,4
772,1972,4
773,678,4
773,1050,4
774,771,4
774,1747,4
775,1166,4
775,1987,4
776,130,4
776,796,4
777,772,4
777,1972,4
778,669,4
778,795,4
779,546,4
779,1395,4
780,716,4
780,783,4
781,878,4
781,1179,4
782,25,4
782,522,4
783,519,4
783,780,4
784,69,4
784,389,4
785,959,4
785,1840,4
786,40,4
786,1998,4
787,861,4
787,1233,4
788,794,4
788,812,4
789,574,4
789,959,4
790,1766,4
790,1817,4
791,632,4
791,943,4
792,713,4
792,769,4
793,604,4
793,757,4
794,788,4
794,1255,4
795,702,4
795,778,4
796,729,4
796,776,4
797,819,4
797,911,4
798,309,4
798,1952,4
799,695,4
799,800,4
800,73,4
800,799,4
801,404,4
801,932,4
802,405,4
802,1887,4
803,805,4
803,966,4
804,211,4
804,1970,4
805,803,4
805,930,4
806,734,4
806,740,4
807,658,4
807,1344,4
808,812,4
808,1118,4
809,823,4
809,1171,4
810,712,4
810,1012,4
811,97,4
811,733,4
812,788,4
812,808,4
813,1019,4
813,1155,4
814,815,4
814,891,4
815,705,4
815,814,4
816,818,4
816,894,4
817,91,4
817,1661,4
818,684,4
818,816,4
819,797,4
819,911,4
820,542,4
820,1130,4
821,1277,4
821,1856,4
822,824,4
822,1190,4
823,672,4
823,809,4
824,822,4
824,1117,4
825,900,4
825,906,4
826,827,4
826,968,4
827,374,4
827,826,4
828,830,4
828,1152,4
829,978,4
829,1048,4
830,686,4
830,828,4
831,530,4
831,596,4
832,937,4
832,1174,4
833,196,4
833,836,4
834,965,4
834,999,4
835,1058,4
835,1987,4
836,833,4
836,986,4
837,711,4
837,841,4
838,1267,4
838,1914,4
839,741,4
839,921,4
840,1017,4
840,1529,4
841,593,4
841,837,4
842,854,4
842,915,4
843,1300,4
843,1890,4
844,945,4
844,972,4
845,1559,4
845,1755,4
846,856,4
846,1984,4
847,642,4
847,1941,4
848,976,4
848,1023,4
849,1029,4
849,1478,4
850,604,4
850,941,4
851,1599,4
851,1960,4
852,1592,4
852,1626,4
853,1494,4
853,1890,4
854,842,4
854,958,4
855,913,4
855,1012,4
856,846,4
856,869,4
857,551,4
857,663,4
858,551,4
858,957,4
859,1073,4
859,1865,4
860,696,4
860,875,4
861,787,4
861,863,4
862,700,4
862,703,4
863,861,4
863,939,4
864,1613,4
864,1972,4
865,515,4
865,1890,4
866,867,4
866,1724,4
867,719,4
867,866,4
868,547,4
868,869,4
869,856,4
869,868,4
870,417,4
870,926,4
871,872,4
871,987,4
872,871,4
872,1241,4
873,594,4
873,1001,4
874,457,4
874,633,4
875,720,4
875,860,4
876,877,4
876,993,4
877,637,4
877,876,4
878,781,4
878,1179,4
879,957,4
879,1043,4
880,1001,4
880,1032,4
881,926,4
881,1215,4
882,605,4
882,759,4
883,9,4
883,1980,4
884,380,4
884,1051,4
885,937,4
885,1421,4
886,889,4
886,1015,4
887,605,4
887,1276,4
888,958,4
888,1503,4
889,886,4
889,1026,4
890,992,4
890,1080,4
891,728,4
891,814,4
892,893,4
892,931,4
893,892,4
893,1989,4
894,816,4
894,896,4
895,1693,4
895,1798,4
896,524,4
896,894,4
897,1247,4
897,1963,4
898,323,4
898,901,4
899,902,4
899,952,4
900,825,4
900,906,4
901,898,4
901,1498,4
902,899,4
902,1076,4
903,281,4
903,944,4
904,905,4
904,1138,4
905,904,4
905,924,4
906,825,4
906,900,4
907,908,4
907,1328,4
908,771,4
908,907,4
909,1407,4
909,1795,4
910,691,4
910,712,4
911,797,4
911,819,4
912,644,4
912,914,4
913,855,4
913,1021,4
914,912,4
914,1958,4
915,842,4
915,924,4
916,922,4
916,982,4
917,927,4
917,1075,4
918,1350,4
918,1999,4
919,114,4
919,1353,4
920,1286,4
920,1681,4
921,741,4
921,839,4
922,916,4
922,982,4
923,945,4
923,1269,4
924,905,4
924,915,4
925,1064,4
925,1074,4
926,870,4
926,881,4
927,917,4
927,1107,4
928,710,4
928,753,4
929,710,4
929,951,4
930,805,4
930,1998,4
931,892,4
931,933,4
932,654,4
932,801,4
933,931,4
933,1301,4
934,938,4
934,985,4
935,941,4
935,1111,4
936,720,4
936,1208,4
937,832,4
937,885,4
938,934,4
938,956,4
939,360,4
939,863,4
940,702,4
940,1011,4
941,850,4
941,935,4
942,1003,4
942,1461,4
943,791,4
943,1602,4
944,607,4
944,903,4
945,844,4
945,923,4
946,504,4
946,948,4
947,1011,4
947,1249,4
948,946,4
948,1931,4
949,952,4
949,1990,4
950,617,4
950,1050,4
951,929,4
951,1838,4
952,899,4
952,949,4
953,63,4
953,1408,4
954,607,4
954,991,4
955,979,4
955,995,4
956,938,4
956,962,4
957,858,4
957,879,4
958,854,4
958,888,4
959,785,4
959,789,4
960,361,4
960,1974,4
961,566,4
961,977,4
962,509,4
962,956,4
963,236,4
963,1242,4
964,966,4
964,1044,4
965,537,4
965,834,4
966,803,4
966,964,4
967,1519,4
967,1773,4
968,826,4
968,969,4
969,968,4
969,1717,4
970,458,4
970,1055,4
971,973,4
971,1071,4
972,844,4
972,1509,4
973,338,4
973,971,4
974,722,4
974,985,4
975,977,4
975,1018,4
976,848,4
976,1062,4
977,961,4
977,975,4
978,829,4
978,1587,4
979,169,4
979,955,4
980,1055,4
980,1207,4
981,237,4
981,1037,4
982,916,4
982,922,4
983,1065,4
983,1998,4
984,1352,4
984,1361,4
985,934,4
985,974,4
986,141,4
986,836,4
987,871,4
987,990,4
988,467,4
988,1995,4
989,1582,4
989,1585,4
990,987,4
990,1319,4
991,281,4
991,954,4
992,890,4
992,1621,4
993,876,4
993,997,4
994,704,4
994,1958,4
995,955,4
995,1038,4
996,56,4
996,1782,4
997,993,4
997,1164,4
998,999,4
998,1805,4
999,834,4
999,998,4
1000,753,4
1000,1160,4
1001,873,4
1001,880,4
1002,1126,4
1002,1289,4
1003,942,4
1003,1997,4
1004,443,4
1004,1908,4
1005,1007,4
1005,1081,4
1006,1124,4
1006,1384,4
1007,1005,4
1007,1786,4
1008,6,4
1008,1217,4
1009,1015,4
1009,1196,4
1010,1038,4
1010,1063,4
1011,940,4
1011,947,4
1012,810,4
1012,855,4
1013,1049,4
1013,1082,4
1014,1062,4
1014,1066,4
1015,886,4
1015,1009,4
1016,1021,4
1016,1035,4
1017,840,4
1017,1020,4
1018,975,4
1018,1074,4
1019,721,4
1019,813,4
1020,1017,4
1020,1101,4
1021,913,4
1021,1016,4
1022,1024,4
1022,1230,4
1023,699,4
1023,848,4
1024,641,4
1024,1022,4
1025,1026,4
1025,1618,4
1026,889,4
1026,1025,4
1027,436,4
1027,1029,4
1028,1132,4
1028,1456,4
1029,849,4
1029,1027,4
1030,1033,4
1030,1479,4
1031,301,4
1031,1726,4
1032,880,4
1032,1156,4
1033,1030,4
1033,1110,4
1034,1569,4
1034,1808,4
1035,1016,4
1035,1204,4
1036,1041,4
1036,1228,4
1037,756,4
1037,981,4
1038,995,4
1038,1010,4
1039,1093,4
1039,1156,4
1040,1308,4
1040,1999,4
1041,1036,4
1041,1185,4
1042,1411,4
1042,1496,4
1043,879,4
1043,1316,4
1044,964,4
1044,1052,4
1045,1078,4
1045,1636,4
1046,335,4
1046,1967,4
1047,1208,4
1047,1508,4
1048,829,4
1048,1217,4
1049,1013,4
1049,1082,4
1050,773,4
1050,950,4
1051,884,4
1051,1104,4
1052,1044,4
1052,1085,4
1053,1549,4
1053,1985,4
1054,1977,4
1054,1989,4
1055,970,4
1055,980,4
1056,1727,4
1056,1977,4
1057,709,4
1057,2000,4
1058,835,4
1058,1977,4
1059,1126,4
1059,1723,4
1060,1067,4
1060,1341,4
1061,304,4
1061,1161,4
1062,976,4
1062,1014,4
1063,1010,4
1063,1154,4
1064,925,4
1064,1069,4
1065,983,4
1065,1998,4
1066,1014,4
1066,1199,4
1067,1060,4
1067,1123,4
1068,729,4
1068,1644,4
1069,1064,4
1069,1274,4
1070,1087,4
1070,1874,4
1071,971,4
1071,1072,4
1072,1071,4
1072,1092,4
1073,859,4
1073,1719,4
1074,925,4
1074,1018,4
1075,169,4
1075,917,4
1076,902,4
1076,1077,4
1077,1076,4
1077,1115,4
1078,1045,4
1078,1636,4
1079,1351,4
1079,1491,4
1080,890,4
1080,1284,4
1081,1005,4
1081,1085,4
1082,1013,4
1082,1049,4
1083,550,4
1083,1995,4
1084,1276,4
1084,1448,4
1085,1052,4
1085,1081,4
1086,1109,4
1086,1184,4
1087,1070,4
1087,1933,4
1088,88,4
1088,1568,4
1089,1091,4
1089,1624,4
1090,121,4
1090,1919,4
1091,1089,4
1091,1323,4
1092,763,4
1092,1072,4
1093,1039,4
1093,1198,4
1094,732,4
1094,1100,4
1095,1175,4
1095,1198,4
1096,758,4
1096,1193,4
1097,1136,4
1097,1316,4
1098,1668,4
1098,1980,4
1099,1853,4
1099,1897,4
1100,1094,4
1100,1996,4
1101,1020,4
1101,1102,4
1102,1101,4
1102,1429,4
1103,1157,4
1103,1285,4
1104,1051,4
1104,1661,4
1105,1141,4
1105,1995,4
1106,66,4
1106,1109,4
1107,927,4
1107,1108,4
1108,1107,4
1108,1354,4
1109,1086,4
1109,1106,4
1110,1033,4
1110,1115,4
1111,935,4
1111,1114,4
1112,1142,4
1112,1172,4
1113,1385,4
1113,1989,4
1114,458,4
1114,1111,4
1115,1077,4
1115,1110,4
1116,1405,4
1116,1434,4
1117,824,4
1117,1118,4
1118,808,4
1118,1117,4
1119,155,4
1119,1120,4
1120,1119,4
1120,1327,4
1121,409,4
1121,1123,4
1122,1162,4
1122,1887,4
1123,1067,4
1123,1121,4
1124,1006,4
1124,1127,4
1125,1525,4
1125,1719,4
1126,1002,4
1126,1059,4
1127,1124,4
1127,1140,4
1128,318,4
1128,1130,4
1129,1168,4
1129,1751,4
1130,820,4
1130,1128,4
1131,1132,4
1131,1894,4
1132,1028,4
1132,1131,4
1133,1229,4
1133,1914,4
1134,224,4
1134,1160,4
1135,725,4
1135,1138,4
1136,1097,4
1136,1357,4
1137,748,4
1137,1947,4
1138,904,4
1138,1135,4
1139,133,4
1139,1154,4
1140,1127,4
1140,1143,4
1141,1105,4
1141,1995,4
1142,552,4
1142,1112,4
1143,1140,4
1143,1990,4
1144,1515,4
1144,1978,4
1145,1237,4
1145,1283,4
1146,1651,4
1146,1804,4
1147,194,4
1147,1209,4
1148,178,4
1148,1464,4
1149,1906,4
1149,1980,4
1150,1152,4
1150,1176,4
1151,234,4
1151,1964,4
1152,828,4
1152,1150,4
1153,61,4
1153,1233,4
1154,1063,4
1154,1139,4
1155,813,4
1155,1819,4
1156,1032,4
1156,1039,4
1157,653,4
1157,1103,4
1158,1197,4
1158,1977,4
1159,1907,4
1159,1967,4
1160,1000,4
1160,1134,4
1161,1061,4
1161,1408,4
1162,1122,4
1162,1168,4
1163,1679,4
1163,1751,4
1164,997,4
1164,1726,4
1165,1417,4
1165,2000,4
1166,775,4
1166,1987,4
1167,193,4
1167,1969,4
1168,1129,4
1168,1162,4
1169,276,4
1169,1498,4
1170,1176,4
1170,1224,4
1171,809,4
1171,1303,4
1172,1112,4
1172,1320,4
1173,573,4
1173,1875,4
1174,832,4
1174,1178,4
1175,1095,4
1175,1322,4
1176,1150,4
1176,1170,4
1177,1180,4
1177,1990,4
1178,742,4
1178,1174,4
1179,781,4
1179,878,4
1180,1177,4
1180,1186,4
1181,1183,4
1181,1231,4
1182,1550,4
1182,1743,4
1183,1181,4
1183,1257,4
1184,1086,4
1184,1265,4
1185,1041,4
1185,1186,4
1186,1180,4
1186,1185,4
1187,243,4
1187,1189,4
1188,713,4
1188,1995,4
1189,1187,4
1189,1990,4
1190,822,4
1190,1191,4
1191,1190,4
1191,1246,4
1192,1320,4
1192,1379,4
1193,758,4
1193,1096,4
1194,1214,4
1194,1314,4
1195,1196,4
1195,1223,4
1196,1009,4
1196,1195,4
1197,1158,4
1197,1977,4
1198,1093,4
1198,1095,4
1199,208,4
1199,1066,4
1200,1330,4
1200,1999,4
1201,28,4
1201,1203,4
1202,1292,4
1202,1332,4
1203,1201,4
1203,1643,4
1204,717,4
1204,1035,4
1205,1331,4
1205,1348,4
1206,1209,4
1206,1260,4
1207,980,4
1207,1524,4
1208,936,4
1208,1047,4
1209,1147,4
1209,1206,4
1210,1212,4
1210,1256,4
1211,1356,4
1211,1431,4
1212,1210,4
1212,1878,4
1213,488,4
1213,1996,4
1214,1194,4
1214,1314,4
1215,881,4
1215,1303,4
1216,1222,4
1216,1329,4
1217,1008,4
1217,1048,4
1218,7,4
1218,1927,4
1219,1714,4
1219,1964,4
1220,1436,4
1220,1974,4
1221,325,4
1221,1283,4
1222,1216,4
1222,1865,4
1223,1195,4
1223,1224,4
1224,1170,4
1224,1223,4
1225,1228,4
1225,1243,4
1226,743,4
1226,1356,4
1227,1411,4
1227,1493,4
1228,1036,4
1228,1225,4
1229,1133,4
1229,1914,4
1230,1022,4
1230,1231,4
1231,1181,4
1231,1230,4
1232,1545,4
1232,1940,4
1233,787,4
1233,1153,4
1234,1357,4
1234,1403,4
1235,1961,4
1235,1987,4
1236,1238,4
1236,1261,4
1237,1145,4
1237,1997,4
1238,1236,4
1238,1870,4
1239,1240,4
1239,1317,4
1240,1239,4
1240,1789,4
1241,872,4
1241,1246,4
1242,14,4
1242,963,4
1243,1225,4
1243,2000,4
1244,224,4
1244,1698,4
1245,102,4
1245,1998,4
1246,1191,4
1246,1241,4
1247,897,4
1247,1248,4
1248,1247,4
1248,1488,4
1249,947,4
1249,1352,4
1250,1939,4
1250,1995,4
1251,462,4
1251,1280,4
1252,1976,4
1252,1990,4
1253,1568,4
1253,1779,4
1254,1307,4
1254,1318,4
1255,794,4
1255,1256,4
1256,1210,4
1256,1255,4
1257,1183,4
1257,1261,4
1258,612,4
1258,1265,4
1259,1567,4
1259,1666,4
1260,1206,4
1260,1262,4
1261,1236,4
1261,1257,4
1262,1260,4
1262,1397,4
1263,1270,4
1263,1752,4
1264,1335,4
1264,1999,4
1265,1184,4
1265,1258,4
1266,448,4
1266,1622,4
1267,838,4
1267,1645,4
1268,1271,4
1268,1699,4
1269,923,4
1269,1509,4
1270,764,4
1270,1263,4
1271,502,4
1271,1268,4
1272,1366,4
1272,1552,4
1273,1278,4
1273,1996,4
1274,1069,4
1274,1337,4
1275,1842,4
1275,1868,4
1276,887,4
1276,1084,4
1277,821,4
1277,1856,4
1278,1273,4
1278,1530,4
1279,1347,4
1279,1891,4
1280,462,4
1280,1251,4
1281,1287,4
1281,1342,4
1282,477,4
1282,1366,4
1283,1145,4
1283,1221,4
1284,1080,4
1284,1701,4
1285,1103,4
1285,1339,4
1286,920,4
1286,1681,4
1287,403,4
1287,1281,4
1288,1387,4
1288,1437,4
1289,1002,4
1289,1292,4
1290,1294,4
1290,1297,4
1291,257,4
1291,1419,4
1292,1202,4
1292,1289,4
1293,22,4
1293,1475,4
1294,1290,4
1294,1990,4
1295,1449,4
1295,1835,4
1296,1486,4
1296,1940,4
1297,1290,4
1297,1301,4
1298,1741,4
1298,1999,4
1299,738,4
1299,1864,4
1300,843,4
1300,1622,4
1301,933,4
1301,1297,4
1302,1309,4
1302,1334,4
1303,1171,4
1303,1215,4
1304,742,4
1304,1396,4
1305,396,4
1305,1850,4
1306,1339,4
1306,1537,4
1307,259,4
1307,1254,4
1308,1040,4
1308,1999,4
1309,171,4
1309,1302,4
1310,371,4
1310,1511,4
1311,133,4
1311,745,4
1312,1315,4
1312,1365,4
1313,548,4
1313,1364,4
1314,1194,4
1314,1214,4
1315,1312,4
1315,1456,4
1316,1043,4
1316,1097,4
1317,1239,4
1317,1725,4
1318,1254,4
1318,1386,4
1319,990,4
1319,1588,4
1320,1172,4
1320,1192,4
1321,208,4
1321,1410,4
1322,1175,4
1322,1900,4
1323,1091,4
1323,1590,4
1324,111,4
1324,674,4
1325,1604,4
1325,1989,4
1326,84,4
1326,1942,4
1327,1120,4
1327,1328,4
1328,907,4
1328,1327,4
1329,1216,4
1329,1333,4
1330,1200,4
1330,1999,4
1331,1205,4
1331,1348,4
1332,1202,4
1332,1444,4
1333,1329,4
1333,1340,4
1334,1302,4
1334,1942,4
1335,1264,4
1335,1999,4
1336,1418,4
1336,1548,4
1337,612,4
1337,1274,4
1338,1391,4
1338,1450,4
1339,1285,4
1339,1306,4
1340,1333,4
1340,1341,4
1341,1060,4
1341,1340,4
1342,1281,4
1342,1343,4
1343,1342,4
1343,1766,4
1344,807,4
1344,1444,4
1345,1346,4
1345,1358,4
1346,1345,4
1346,1996,4
1347,1279,4
1347,1791,4
1348,1205,4
1348,1331,4
1349,1631,4
1349,1881,4
1350,918,4
1350,1999,4
1351,1079,4
1351,1440,4
1352,984,4
1352,1249,4
1353,343,4
1353,919,4
1354,1108,4
1354,1355,4
1355,1354,4
1355,1640,4
1356,1211,4
1356,1226,4
1357,1136,4
1357,1234,4
1358,150,4
1358,1345,4
1359,1540,4
1359,1768,4
1360,1362,4
1360,1996,4
1361,984,4
1361,1401,4
1362,1360,4
1362,1906,4
1363,1615,4
1363,1964,4
1364,548,4
1364,1313,4
1365,1312,4
1365,1368,4
1366,1272,4
1366,1282,4
1367,1528,4
1367,1811,4
1368,355,4
1368,1365,4
1368,1374,4
1369,1560,4
1369,1899,4
1369,1905,4
1370,261,4
1370,1371,4
1370,1982,4
1371,1370,4
1371,1959,4
1371,1995,4
1372,1374,4
1372,1472,4
1372,1563,4
1373,730,4
1373,1378,4
1373,1670,4
1374,735,4
1374,1368,4
1374,1372,4
1375,1588,4
1375,1783,4
1375,1995,4
1376,1484,4
1376,1886,4
1376,1902,4
1377,1605,4
1377,1803,4
1377,1839,4
1378,674,4
1378,1373,4
1378,1522,4
1379,1192,4
1379,1380,4
1379,1680,4
1380,569,4
1380,1379,4
1380,1396,4
1381,1589,4
1381,1953,4
1381,1991,4
1382,1527,4
1382,1642,4
1382,1692,4
1383,1389,4
1383,1927,4
1383,1968,4
1384,475,4
1384,1006,4
1384,1387,4
1385,1113,4
1385,1386,4
1385,1989,4
1386,1318,4
1386,1385,4
1386,1547,4
1387,1288,4
1387,1384,4
1387,1388,4
1388,518,4
1388,1387,4
1388,1440,4
1389,1383,4
1389,1663,4
1389,1927,4
1390,129,4
1390,1391,4
1390,1846,4
1391,475,4
1391,1338,4
1391,1390,4
1392,534,4
1392,1894,4
1392,1921,4
1393,1394,4
1393,1401,4
1393,1415,4
1394,1393,4
1394,1446,4
1394,1584,4
1395,88,4
1395,779,4
1395,1396,4
1396,1304,4
1396,1380,4
1396,1395,4
1397,1262,4
1397,1841,4
1397,1924,4
1398,198,4
1398,1918,4
1398,1974,4
1399,33,4
1399,1458,4
1399,1739,4
1400,1712,4
1400,1745,4
1400,1997,4
1401,1361,4
1401,1393,4
1401,1402,4
1402,538,4
1402,1401,4
1402,1476,4
1403,1234,4
1403,1405,4
1403,1479,4
1404,1409,4
1404,1745,4
1404,1997,4
1405,1116,4
1405,1403,4
1405,1469,4
1406,125,4
1406,241,4
1406,1998,4
1407,499,4
1407,909,4
1407,1976,4
1408,953,4
1408,1161,4
1408,1410,4
1409,1404,4
1409,1448,4
1409,1997,4
1410,595,4
1410,1321,4
1410,1408,4
1411,1042,4
1411,1227,4
1411,1457,4
1412,609,4
1412,1480,4
1412,1861,4
1413,1415,4
1413,1532,4
1413,1762,4
1414,75,4
1414,1749,4
1414,1873,4
1415,1393,4
1415,1413,4
1415,1434,4
1416,1527,4
1416,1768,4
1416,1822,4
1417,14,4
1417,1165,4
1417,2000,4
1418,1336,4
1418,1420,4
1418,1548,4
1419,1291,4
1419,1457,4
1419,1994,4
1420,1418,4
1420,1462,4
1420,1687,4
1421,885,4
1421,1923,4
1421,1928,4
1422,1586,4
1422,1749,4
1422,1885,4
1423,1426,4
1423,1473,4
1423,1991,4
1424,1818,4
1424,1862,4
1424,1993,4
1425,1462,4
1425,1701,4
1425,1743,4
1426,1423,4
1426,1481,4
1426,1996,4
1427,1617,4
1427,1916,4
1427,1982,4
1428,1429,4
1428,1882,4
1428,1956,4
1429,569,4
1429,1102,4
1429,1428,4
1430,1538,4
1430,1757,4
1430,1924,4
1431,1211,4
1431,1434,4
1431,1476,4
1432,1765,4
1432,1859,4
1432,1973,4
1433,1570,4
1433,1625,4
1433,1857,4
1434,1116,4
1434,1415,4
1434,1431,4
1435,1437,4
1435,1619,4
1435,1957,4
1436,1220,4
1436,1974,4
1436,1992,4
1437,1288,4
1437,1435,4
1437,1512,4
1438,1440,4
1438,1696,4
1438,1951,4
1439,1554,4
1439,1860,4
1439,1967,4
1440,1351,4
1440,1388,4
1440,1438,4
1441,1443,4
1441,1523,4
1441,1917,4
1442,1655,4
1442,1703,4
1442,1753,4
1443,1441,4
1443,1499,4
1443,1533,4
1444,1332,4
1444,1344,4
1444,1445,4
1445,754,4
1445,1444,4
1445,1906,4
1446,1394,4
1446,1450,4
1446,1534,4
1447,1538,4
1447,1612,4
1447,1934,4
1448,1084,4
1448,1409,4
1448,1997,4
1449,1295,4
1449,1465,4
1449,1723,4
1450,1338,4
1450,1446,4
1450,1512,4
1451,399,4
1451,1453,4
1451,1586,4
1452,56,4
1452,1884,4
1452,1908,4
1453,1451,4
1453,1682,4
1453,1992,4
1454,50,4
1454,1460,4
1454,1702,4
1455,1672,4
1455,1810,4
1455,1838,4
1456,1028,4
1456,1315,4
1456,1991,4
1457,1411,4
1457,1419,4
1457,1994,4
1458,1399,4
1458,1574,4
1458,1739,4
1459,1821,4
1459,1848,4
1459,1994,4
1460,1454,4
1460,1522,4
1460,1610,4
1461,942,4
1461,1532,4
1461,1836,4
1462,1420,4
1462,1425,4
1462,1561,4
1463,1543,4
1463,1555,4
1463,1775,4
1464,1148,4
1464,1616,4
1464,1691,4
1465,1449,4
1465,1744,4
1465,1936,4
1466,1469,4
1466,1502,4
1466,1993,4
1467,1480,4
1467,1732,4
1467,1911,4
1468,614,4
1468,1953,4
1468,1966,4
1469,276,4
1469,1405,4
1469,1466,4
1470,1695,4
1470,1870,4
1470,1970,4
1471,1499,4
1471,1580,4
1471,1998,4
1472,582,4
1472,1372,4
1472,1541,4
1473,1423,4
1473,1476,4
1473,1991,4
1474,1527,4
1474,1645,4
1474,1843,4
1475,1293,4
1475,1705,4
1475,1994,4
1476,1402,4
1476,1431,4
1476,1473,4
1477,422,4
1477,1971,4
1477,1986,4
1478,849,4
1478,1591,4
1478,1849,4
1479,1030,4
1479,1403,4
1479,1481,4
1480,1412,4
1480,1467,4
1480,1851,4
1481,1426,4
1481,1479,4
1481,1996,4
1482,315,4
1482,1485,4
1482,1497,4
1483,1740,4
1483,1751,4
1483,1767,4
1484,1376,4
1484,1902,4
1484,1922,4
1485,1482,4
1485,1533,4
1485,1597,4
1486,1296,4
1486,1850,4
1486,1940,4
1487,239,4
1487,1923,4
1487,1985,4
1488,1248,4
1488,1489,4
1488,1940,4
1489,1488,4
1489,1600,4
1489,1977,4
1490,595,4
1490,1491,4
1490,1531,4
1491,668,4
1491,1079,4
1491,1490,4
1492,1493,4
1492,1794,4
1492,1951,4
1493,1227,4
1493,1492,4
1493,1991,4
1494,853,4
1494,1495,4
1494,1890,4
1495,255,4
1495,1494,4
1495,1795,4
1496,1042,4
1496,1498,4
1496,1558,4
1497,743,4
1497,1482,4
1497,1618,4
1498,901,4
1498,1169,4
1498,1496,4
1499,1443,4
1499,1471,4
1499,1638,4
1500,542,4
1500,628,4
1500,1501,4
1501,358,4
1501,1500,4
1501,1976,4
1502,1466,4
1502,1503,4
1502,1993,4
1503,888,4
1503,1502,4
1503,1595,4
1504,513,4
1504,1784,4
1504,1931,4
1505,1871,4
1505,1886,4
1505,1922,4
1506,51,4
1506,1508,4
1506,1854,4
1507,1715,4
1507,1911,4
1507,1946,4
1508,1047,4
1508,1506,4
1508,1881,4
1509,972,4
1509,1269,4
1509,1512,4
1510,1676,4
1510,1858,4
1510,1916,4
1511,1310,4
1511,1518,4
1511,1684,4
1512,1437,4
1512,1450,4
1512,1509,4
1513,413,4
1513,1540,4
1513,1806,4
1514,1515,4
1514,1830,4
1514,1854,4
1515,1144,4
1515,1514,4
1515,1978,4
1516,1556,4
1516,1571,4
1516,1869,4
1517,1521,4
1517,1579,4
1517,1671,4
1518,1511,4
1518,1633,4
1518,1684,4
1519,967,4
1519,1577,4
1519,1718,4
1520,1659,4
1520,1893,4
1520,1960,4
1521,400,4
1521,1517,4
1521,1658,4
1522,1378,4
1522,1460,4
1522,1991,4
1523,1441,4
1523,1524,4
1523,1917,4
1524,399,4
1524,1207,4
1524,1523,4
1525,1125,4
1525,1526,4
1525,1964,4
1526,675,4
1526,1525,4
1526,1941,4
1527,1382,4
1527,1416,4
1527,1474,4
1528,1367,4
1528,1728,4
1528,1845,4
1529,840,4
1529,1531,4
1529,1678,4
1530,1278,4
1530,1532,4
1530,1942,4
1531,1490,4
1531,1529,4
1531,1897,4
1532,1413,4
1532,1461,4
1532,1530,4
1533,1443,4
1533,1485,4
1533,1537,4
1534,1446,4
1534,1855,4
1534,1915,4
1535,1754,4
1535,1837,4
1535,1999,4
1536,1766,4
1536,1817,4
1536,1899,4
1537,1306,4
1537,1533,4
1537,1649,4
1538,1430,4
1538,1447,4
1538,1934,4
1539,1544,4
1539,1797,4
1539,2000,4
1540,1359,4
1540,1513,4
1540,1542,4
1541,582,4
1541,1472,4
1541,1846,4
1542,1540,4
1542,1553,4
1542,1993,4
1543,1463,4
1543,1555,4
1543,1775,4
1544,1539,4
1544,1548,4
1544,2000,4
1545,1232,4
1545,1782,4
1545,1940,4
1546,1725,4
1546,1892,4
1546,1937,4
1547,1386,4
1547,1878,4
1547,1929,4
1548,1336,4
1548,1418,4
1548,1544,4
1549,1053,4
1549,1551,4
1549,1985,4
1550,1182,4
1550,1637,4
1550,1825,4
1551,1549,4
1551,1607,4
1551,1951,4
1552,1272,4
1552,1553,4
1552,1582,4
1553,1542,4
1553,1552,4
1553,1993,4
1554,1439,4
1554,1860,4
1554,1904,4
1555,1463,4
1555,1543,4
1555,1607,4
1556,1516,4
1556,1571,4
1556,1635,4
1557,1733,4
1557,1915,4
1557,1926,4
1558,685,4
1558,1496,4
1558,1559,4
1559,845,4
1559,1558,4
1559,1755,4
1560,1369,4
1560,1884,4
1560,1905,4
1561,626,4
1561,1462,4
1561,1770,4
1562,736,4
1562,1878,4
1562,1944,4
1563,1372,4
1563,1565,4
1563,1846,4
1564,640,4
1564,1971,4
1564,1986,4
1565,495,4
1565,1563,4
1565,1680,4
1566,1621,4
1566,1687,4
1566,1945,4
1567,1259,4
1567,1568,4
1567,1601,4
1568,1088,4
1568,1253,4
1568,1567,4
1569,1034,4
1569,1572,4
1569,1595,4
1570,721,4
1570,1433,4
1570,1857,4
1571,1516,4
1571,1556,4
1571,1788,4
1572,1569,4
1572,1667,4
1572,1804,4
1573,1575,4
1573,1707,4
1573,1930,4
1574,1458,4
1574,1576,4
1574,1992,4
1575,1573,4
1575,1921,4
1575,1932,4
1576,1574,4
1576,1718,4
1576,1995,4
1577,589,4
1577,1519,4
1577,1939,4
1578,1579,4
1578,1888,4
1578,1991,4
1579,1517,4
1579,1578,4
1579,1671,4
1580,1471,4
1580,1983,4
1580,1998,4
1581,1967,4
1581,1977,4
1581,1983,4
1582,989,4
1582,1552,4
1582,1583,4
1583,112,4
1583,1582,4
1583,1968,4
1584,1394,4
1584,1585,4
1584,1649,4
1585,989,4
1585,1584,4
1585,1807,4
1586,1422,4
1586,1451,4
1586,1587,4
1587,978,4
1587,1586,4
1587,1920,4
1588,1319,4
1588,1375,4
1588,1783,4
1589,1381,4
1589,1953,4
1589,1991,4
1590,1323,4
1590,1685,4
1590,1777,4
1591,1478,4
1591,1592,4
1591,1694,4
1592,852,4
1592,1591,4
1592,1626,4
1593,1594,4
1593,1601,4
1593,1647,4
1594,1593,4
1594,1924,4
1594,1925,4
1595,1503,4
1595,1569,4
1595,1938,4
1596,137,4
1596,1918,4
1596,1992,4
1597,1485,4
1597,1600,4
1597,1638,4
1598,730,4
1598,1777,4
1598,1945,4
1599,851,4
1599,1711,4
1599,1960,4
1600,1489,4
1600,1597,4
1600,1977,4
1601,1567,4
1601,1593,4
1601,1610,4
1602,943,4
1602,1934,4
1602,1955,4
1603,492,4
1603,1923,4
1603,1985,4
1604,1325,4
1604,1957,4
1604,1989,4
1605,1377,4
1605,1774,4
1605,1780,4
1606,291,4
1606,1813,4
1606,1961,4
1607,1551,4
1607,1555,4
1607,1778,4
1608,345,4
1608,1930,4
1608,1947,4
1609,621,4
1609,673,4
1609,1958,4
1610,1460,4
1610,1601,4
1610,1888,4
1611,2,4
1611,1615,4
1611,1994,4
1612,1447,4
1612,1734,4
1612,1979,4
1613,864,4
1613,1616,4
1613,1972,4
1614,1734,4
1614,1827,4
1614,1979,4
1615,1363,4
1615,1611,4
1615,1917,4
1616,588,4
1616,1464,4
1616,1613,4
1617,1427,4
1617,1630,4
1617,1982,4
1618,1025,4
1618,1497,4
1618,1997,4
1619,1435,4
1619,1623,4
1619,1957,4
1620,1630,4
1620,1916,4
1620,1982,4
1621,992,4
1621,1566,4
1621,1945,4
1622,673,4
1622,1266,4
1622,1300,4
1623,1619,4
1623,1953,4
1623,1991,4
1624,1089,4
1624,1915,4
1624,1926,4
1625,320,4
1625,1433,4
1625,1626,4
1626,852,4
1626,1592,4
1626,1625,4
1627,1819,4
1627,1846,4
1627,1857,4
1628,75,4
1628,1711,4
1628,1960,4
1629,1631,4
1629,1653,4
1629,1993,4
1630,1617,4
1630,1620,4
1630,1916,4
1631,1349,4
1631,1629,4
1631,1881,4
1632,1634,4
1632,1646,4
1632,1957,4
1633,1518,4
1633,1654,4
1633,1684,4
1634,1632,4
1634,1646,4
1634,1989,4
1635,1556,4
1635,1637,4
1635,1771,4
1636,1045,4
1636,1078,4
1636,1996,4
1637,1550,4
1637,1635,4
1637,1825,4
1638,1499,4
1638,1597,4
1638,1640,4
1639,1889,4
1639,1971,4
1639,1986,4
1640,1355,4
1640,1638,4
1640,1956,4
1641,749,4
1641,1643,4
1641,1996,4
1642,1382,4
1642,1692,4
1642,1952,4
1643,1203,4
1643,1641,4
1643,1942,4
1644,109,4
1644,1068,4
1644,1736,4
1645,1267,4
1645,1474,4
1645,1843,4
1646,508,4
1646,1632,4
1646,1634,4
1647,1593,4
1647,1649,4
1647,1666,4
1648,1652,4
1648,1874,4
1648,1933,4
1649,1537,4
1649,1584,4
1649,1647,4
1650,34,4
1650,1651,4
1650,1994,4
1651,1146,4
1651,1650,4
1651,1807,4
1652,1648,4
1652,1874,4
1652,1942,4
1653,1629,4
1653,1656,4
1653,1993,4
1654,1633,4
1654,1740,4
1654,1833,4
1655,1442,4
1655,1703,4
1655,1731,4
1656,1653,4
1656,1828,4
1656,1912,4
1657,1658,4
1657,1784,4
1657,1920,4
1658,400,4
1658,1521,4
1658,1657,4
1659,1520,4
1659,1660,4
1659,1873,4
1660,1659,4
1660,1847,4
1660,1866,4
1661,817,4
1661,1104,4
1661,1968,4
1662,8,4
1662,1665,4
1662,1998,4
1663,112,4
1663,1389,4
1663,1968,4
1664,1826,4
1664,1928,4
1664,1985,4
1665,522,4
1665,1662,4
1665,1908,4
1666,1259,4
1666,1647,4
1666,1667,4
1667,1572,4
1667,1666,4
1667,1758,4
1668,1098,4
1668,1669,4
1668,1980,4
1669,1668,4
1669,1965,4
1669,1994,4
1670,1373,4
1670,1671,4
1670,1685,4
1671,1517,4
1671,1579,4
1671,1670,4
1672,1455,4
1672,1686,4
1672,1810,4
1673,1800,4
1673,1834,4
1673,1979,4
1674,1675,4
1674,1820,4
1674,1823,4
1675,525,4
1675,1674,4
1675,1987,4
1676,1510,4
1676,1858,4
1676,1916,4
1677,1678,4
1677,1820,4
1677,1867,4
1678,1529,4
1678,1677,4
1678,1793,4
1679,1163,4
1679,1740,4
1679,1833,4
1680,1379,4
1680,1565,4
1680,1682,4
1681,920,4
1681,1286,4
1681,1989,4
1682,1453,4
1682,1680,4
1682,1992,4
1683,1685,4
1683,1726,4
1683,1759,4
1684,1511,4
1684,1518,4
1684,1633,4
1685,1590,4
1685,1670,4
1685,1683,4
1686,1672,4
1686,1688,4
1686,1912,4
1687,1420,4
1687,1566,4
1687,1945,4
1688,351,4
1688,1686,4
1688,1933,4
1689,1690,4
1689,1700,4
1689,1816,4
1690,473,4
1690,1689,4
1690,1997,4
1691,249,4
1691,1464,4
1691,1714,4
1692,1382,4
1692,1642,4
1692,1952,4
1693,895,4
1693,1696,4
1693,1941,4
1694,1591,4
1694,1849,4
1694,1914,4
1695,1470,4
1695,1970,4
1695,1993,4
1696,1438,4
1696,1693,4
1696,1951,4
1697,1698,4
1697,1767,4
1697,1847,4
1698,1244,4
1698,1697,4
1698,1828,4
1699,1268,4
1699,1912,4
1699,1955,4
1700,1689,4
1700,1703,4
1700,1816,4
1701,1284,4
1701,1425,4
1701,1770,4
1702,50,4
1702,1454,4
1702,1931,4
1703,1442,4
1703,1655,4
1703,1700,4
1703,1731,4
1704,1705,4
1704,1706,4
1704,1785,4
1704,1949,4
1705,1475,4
1705,1704,4
1705,1859,4
1705,1973,4
1706,1704,4
1706,1785,4
1706,1986,4
1706,1988,4
1707,489,4
1707,534,4
1707,1573,4
1707,1930,4
1708,55,4
1708,1712,4
1708,1923,4
1708,1928,4
1709,572,4
1709,1832,4
1709,1913,4
1709,1963,4
1710,1713,4
1710,1776,4
1710,1806,4
1710,1983,4
1711,1599,4
1711,1628,4
1711,1885,4
1711,1975,4
1712,1400,4
1712,1708,4
1712,1862,4
1712,1993,4
1713,567,4
1713,1710,4
1713,1870,4
1713,1970,4
1714,1219,4
1714,1691,4
1714,1853,4
1714,1897,4
1715,1507,4
1715,1717,4
1715,1863,4
1715,1946,4
1716,55,4
1716,1717,4
1716,1826,4
1716,1985,4
1717,969,4
1717,1715,4
1717,1716,4
1717,1946,4
1718,1519,4
1718,1576,4
1718,1719,4
1718,1995,4
1719,1073,4
1719,1125,4
1719,1718,4
1719,1917,4
1720,532,4
1720,1721,4
1720,1798,4
1720,1975,4
1721,1720,4
1721,1801,4
1721,1829,4
1721,1981,4
1722,173,4
1722,1723,4
1722,1920,4
1722,1931,4
1723,1059,4
1723,1449,4
1723,1722,4
1723,1936,4
1724,750,4
1724,866,4
1724,1841,4
1724,1981,4
1725,1317,4
1725,1546,4
1725,1892,4
1725,1937,4
1726,1031,4
1726,1164,4
1726,1683,4
1726,1901,4
1727,1056,4
1727,1729,4
1727,1904,4
1727,1967,4
1728,688,4
1728,766,4
1728,1528,4
1728,1845,4
1729,1727,4
1729,1793,4
1729,1812,4
1729,1963,4
1730,1822,4
1730,1831,4
1730,1935,4
1730,1983,4
1731,1655,4
1731,1703,4
1731,1732,4
1731,1850,4
1732,1467,4
1732,1731,4
1732,1851,4
1732,1948,4
1733,1557,4
1733,1734,4
1733,1855,4
1733,1926,4
1734,1612,4
1734,1614,4
1734,1733,4
1734,1979,4
1735,1750,4
1735,1763,4
1735,1953,4
1735,1963,4
1736,109,4
1736,1644,4
1736,1737,4
1736,1874,4
1737,257,4
1737,1736,4
1737,1814,4
1737,1994,4
1738,408,4
1738,448,4
1738,1739,4
1738,1958,4
1739,1399,4
1739,1458,4
1739,1738,4
1739,1972,4
1740,1483,4
1740,1654,4
1740,1679,4
1740,1741,4
1741,114,4
1741,1298,4
1741,1740,4
1741,1999,4
1742,1743,4
1742,1769,4
1742,1808,4
1742,1866,4
1743,1182,4
1743,1425,4
1743,1742,4
1743,1879,4
1744,1465,4
1744,1876,4
1744,1954,4
1744,1962,4
1745,1400,4
1745,1404,4
1745,1993,4
1745,1997,4
1746,148,4
1746,1747,4
1746,1760,4
1746,1778,4
1747,774,4
1747,1746,4
1747,1765,4
1747,1973,4
1748,1776,4
1748,1895,4
1748,1935,4
1748,1983,4
1749,1414,4
1749,1422,4
1749,1873,4
1749,1885,4
1750,1735,4
1750,1763,4
1750,1900,4
1750,1966,4
1751,1129,4
1751,1163,4
1751,1483,4
1751,1769,4
1752,1263,4
1752,1753,4
1752,1770,4
1752,1879,4
1753,1442,4
1753,1752,4
1753,1850,4
1753,1883,4
1754,1535,4
1754,1756,4
1754,1837,4
1754,1999,4
1755,301,4
1755,845,4
1755,1559,4
1755,1969,4
1756,600,4
1756,1754,4
1756,1886,4
1756,1902,4
1757,750,4
1757,1430,4
1757,1934,4
1757,1955,4
1758,20,4
1758,1667,4
1758,1946,4
1758,1950,4
1759,496,4
1759,701,4
1759,1683,4
1759,1969,4
1760,148,4
1760,1746,4
1760,1761,4
1760,1778,4
1761,490,4
1761,1760,4
1761,1813,4
1761,1961,4
1762,1413,4
1762,1763,4
1762,1868,4
1762,1944,4
1763,1735,4
1763,1750,4
1763,1762,4
1763,1991,4
1764,751,4
1764,1765,4
1764,1860,4
1764,1904,4
1765,1432,4
1765,1747,4
1765,1764,4
1765,1973,4
1766,790,4
1766,1343,4
1766,1536,4
1766,1910,4
1767,726,4
1767,1483,4
1767,1697,4
1767,1769,4
1768,1359,4
1768,1416,4
1768,1909,4
1768,1983,4
1769,1742,4
1769,1751,4
1769,1767,4
1769,1770,4
1770,1561,4
1770,1701,4
1770,1752,4
1770,1769,4
1771,1635,4
1771,1772,4
1771,1780,4
1771,1896,4
1772,1771,4
1772,1773,4
1772,1789,4
1772,1887,4
1773,967,4
1773,1772,4
1773,1774,4
1773,1959,4
1774,350,4
1774,1605,4
1774,1773,4
1774,1799,4
1775,1463,4
1775,1543,4
1775,1794,4
1775,1951,4
1776,1710,4
1776,1748,4
1776,1777,4
1776,1983,4
1777,1590,4
1777,1598,4
1777,1776,4
1777,1945,4
1778,1607,4
1778,1746,4
1778,1760,4
1778,1779,4
1779,1253,4
1779,1778,4
1779,1797,4
1779,1980,4
1780,1605,4
1780,1771,4
1780,1781,4
1780,1799,4
1781,761,4
1781,1780,4
1781,1894,4
1781,1932,4
1782,996,4
1782,1545,4
1782,1852,4
1782,1910,4
1783,1375,4
1783,1588,4
1783,1959,4
1783,1995,4
1784,1504,4
1784,1657,4
1784,1785,4
1784,1898,4
1785,1704,4
1785,1706,4
1785,1784,4
1785,1988,4
1786,1007,4
1786,1790,4
1786,1796,4
1786,1919,4
1787,416,4
1787,1788,4
1787,1849,4
1787,1864,4
1788,1571,4
1788,1787,4
1788,1791,4
1788,1869,4
1789,1240,4
1789,1772,4
1789,1790,4
1789,1959,4
1790,1786,4
1790,1789,4
1790,1796,4
1790,1919,4
1791,1347,4
1791,1788,4
1791,1839,4
1791,1869,4
1792,254,4
1792,696,4
1792,1921,4
1792,1947,4
1793,1678,4
1793,1729,4
1793,1796,4
1793,1963,4
1794,1492,4
1794,1775,4
1794,1830,4
1794,1854,4
1795,365,4
1795,499,4
1795,909,4
1795,1495,4
1796,1786,4
1796,1790,4
1796,1793,4
1796,1919,4
1797,1539,4
1797,1779,4
1797,1871,4
1797,1922,4
1798,328,4
1798,895,4
1798,1720,4
1798,1975,4
1799,350,4
1799,1774,4
1799,1780,4
1799,1891,4
1800,251,4
1800,1673,4
1800,1834,4
1800,1981,4
1801,1721,4
1801,1802,4
1801,1829,4
1801,1981,4
1802,671,4
1802,1801,4
1802,1993,4
1802,1997,4
1803,1377,4
1803,1839,4
1803,1896,4
1803,1986,4
1804,1146,4
1804,1572,4
1804,1946,4
1804,1950,4
1805,998,4
1805,1849,4
1805,1864,4
1805,1986,4
1806,1513,4
1806,1710,4
1806,1808,4
1806,1983,4
1807,1585,4
1807,1651,4
1807,1948,4
1807,1950,4
1808,1034,4
1808,1742,4
1808,1806,4
1808,1903,4
1809,1810,4
1809,1811,4
1809,1845,4
1809,1998,4
1810,441,4
1810,1455,4
1810,1672,4
1810,1809,4
1811,1367,4
1811,1809,4
1811,1845,4
1811,1998,4
1812,1729,4
1812,1813,4
1812,1844,4
1812,1963,4
1813,1606,4
1813,1761,4
1813,1812,4
1813,1943,4
1814,415,4
1814,685,4
1814,1737,4
1814,1994,4
1815,139,4
1815,365,4
1815,767,4
1815,1990,4
1816,1689,4
1816,1700,4
1816,1817,4
1816,1981,4
1817,790,4
1817,1536,4
1817,1816,4
1817,1905,4
1818,378,4
1818,1424,4
1818,1862,4
1818,1870,4
1819,378,4
1819,1155,4
1819,1627,4
1819,1857,4
1820,1674,4
1820,1677,4
1820,1821,4
1820,1926,4
1821,1459,4
1821,1820,4
1821,1848,4
1821,1965,4
1822,1416,4
1822,1730,4
1822,1823,4
1822,1909,4
1823,1674,4
1823,1822,4
1823,1877,4
1823,1926,4
1824,770,4
1824,1825,4
1824,1972,4
1824,1974,4
1825,1550,4
1825,1637,4
1825,1824,4
1825,1879,4
1826,1664,4
1826,1716,4
1826,1827,4
1826,1985,4
1827,456,4
1827,1614,4
1827,1826,4
1827,1979,4
1828,1656,4
1828,1698,4
1828,1829,4
1828,1912,4
1829,1721,4
1829,1801,4
1829,1828,4
1829,1981,4
1830,51,4
1830,1514,4
1830,1794,4
1830,1832,4
1831,1730,4
1831,1840,4
1831,1909,4
1831,1952,4
1832,1709,4
1832,1830,4
1832,1836,4
1832,1944,4
1833,1654,4
1833,1679,4
1833,1834,4
1833,1903,4
1834,1673,4
1834,1800,4
1834,1833,4
1834,1979,4
1835,1295,4
1835,1936,4
1835,1954,4
1835,1962,4
1836,1461,4
1836,1832,4
1836,1837,4
1836,1913,4
1837,1535,4
1837,1754,4
1837,1836,4
1837,1999,4
1838,951,4
1838,1455,4
1838,1839,4
1838,1912,4
1839,1377,4
1839,1791,4
1839,1803,4
1839,1838,4
1839,1891,4
1840,785,4
1840,1831,4
1840,1841,4
1840,1909,4
1840,1935,4
1841,1397,4
1841,1724,4
1841,1840,4
1841,1925,4
1841,1934,4
1842,1275,4
1842,1843,4
1842,1913,4
1842,1929,4
1842,1944,4
1843,1474,4
1843,1645,4
1843,1842,4
1843,1935,4
1843,1984,4
1844,1812,4
1844,1845,4
1844,1880,4
1844,1883,4
1844,1963,4
1845,1528,4
1845,1728,4
1845,1809,4
1845,1811,4
1845,1844,4
1846,1390,4
1846,1541,4
1846,1563,4
1846,1627,4
1846,1847,4
1847,1660,4
1847,1697,4
1847,1846,4
1847,1938,4
1847,1978,4
1848,1459,4
1848,1821,4
1848,1849,4
1848,1937,4
1848,1965,4
1849,1478,4
1849,1694,4
1849,1787,4
1849,1805,4
1849,1848,4
1850,1305,4
1850,1486,4
1850,1731,4
1850,1753,4
1850,1880,4
1851,1480,4
1851,1732,4
1851,1852,4
1851,1863,4
1851,1950,4
1852,1782,4
1852,1851,4
1852,1884,4
1852,1899,4
1852,1908,4
1853,1099,4
1853,1714,4
1853,1854,4
1853,1897,4
1853,1964,4
1854,1506,4
1854,1514,4
1854,1794,4
1854,1853,4
1854,1951,4
1855,1534,4
1855,1733,4
1855,1856,4
1855,1867,4
1855,1877,4
1856,63,4
1856,559,4
1856,821,4
1856,1277,4
1856,1855,4
1857,1433,4
1857,1570,4
1857,1627,4
1857,1819,4
1857,1858,4
1858,261,4
1858,1510,4
1858,1676,4
1858,1857,4
1858,1982,4
1859,1432,4
1859,1705,4
1859,1860,4
1859,1965,4
1859,1994,4
1860,739,4
1860,1439,4
1860,1554,4
1860,1764,4
1860,1859,4
1861,1412,4
1861,1862,4
1861,1863,4
1861,1948,4
1861,1950,4
1862,1424,4
1862,1712,4
1862,1818,4
1862,1861,4
1862,1970,4
1863,1715,4
1863,1851,4
1863,1861,4
1863,1864,4
1863,1911,4
1864,416,4
1864,1299,4
1864,1787,4
1864,1805,4
1864,1863,4
1865,859,4
1865,1222,4
1865,1866,4
1865,1917,4
1865,1964,4
1866,1660,4
1866,1742,4
1866,1865,4
1866,1938,4
1866,1978,4
1867,1677,4
1867,1855,4
1867,1868,4
1867,1877,4
1867,1915,4
1868,1275,4
1868,1762,4
1868,1867,4
1868,1882,4
1868,1929,4
1869,1516,4
1869,1788,4
1869,1791,4
1869,1870,4
1869,1891,4
1870,1238,4
1870,1470,4
1870,1713,4
1870,1818,4
1870,1869,4
1871,1505,4
1871,1797,4
1871,1872,4
1871,1922,4
1871,1980,4
1872,341,4
1872,513,4
1872,1871,4
1872,1898,4
1872,1920,4
1873,1414,4
1873,1659,4
1873,1749,4
1873,1874,4
1873,1975,4
1874,1070,4
1874,1648,4
1874,1652,4
1874,1736,4
1874,1873,4
1875,723,4
1875,1173,4
1875,1914,4
1875,1961,4
1875,1987,4
1876,67,4
1876,1744,4
1876,1877,4
1876,1954,4
1876,1962,4
1877,1823,4
1877,1855,4
1877,1867,4
1877,1876,4
1877,1915,4
1878,1212,4
1878,1547,4
1878,1562,4
1878,1879,4
1878,1882,4
1879,1743,4
1879,1752,4
1879,1825,4
1879,1878,4
1879,1945,4
1880,396,4
1880,591,4
1880,1844,4
1880,1850,4
1880,1883,4
1881,1349,4
1881,1508,4
1881,1631,4
1881,1882,4
1881,1947,4
1882,1428,4
1882,1868,4
1882,1878,4
1882,1881,4
1882,1913,4
1883,1753,4
1883,1844,4
1883,1880,4
1883,1884,4
1883,1963,4
1884,1452,4
1884,1560,4
1884,1852,4
1884,1883,4
1884,1910,4
1885,1422,4
1885,1711,4
1885,1749,4
1885,1886,4
1885,1893,4
1886,1376,4
1886,1505,4
1886,1756,4
1886,1885,4
1886,1980,4
1887,467,4
1887,802,4
1887,1122,4
1887,1772,4
1887,1959,4
1888,1578,4
1888,1610,4
1888,1889,4
1888,1900,4
1888,1966,4
1889,1639,4
1889,1888,4
1889,1971,4
1889,1986,4
1889,1988,4
1890,843,4
1890,853,4
1890,865,4
1890,1494,4
1890,1891,4
1891,1279,4
1891,1799,4
1891,1839,4
1891,1869,4
1891,1890,4
1892,1546,4
1892,1725,4
1892,1893,4
1892,1937,4
1892,1965,4
1893,149,4
1893,1520,4
1893,1885,4
1893,1892,4
1893,1975,4
1894,647,4
1894,1131,4
1894,1392,4
1894,1781,4
1894,1932,4
1895,724,4
1895,1748,4
1895,1896,4
1895,1935,4
1895,1984,4
1896,28,4
1896,80,4
1896,1771,4
1896,1803,4
1896,1895,4
1897,249,4
1897,1099,4
1897,1531,4
1897,1714,4
1897,1853,4
1898,85,4
1898,1784,4
1898,1872,4
1898,1899,4
1898,1931,4
1899,1369,4
1899,1536,4
1899,1852,4
1899,1898,4
1899,1910,4
1900,1322,4
1900,1750,4
1900,1888,4
1900,1901,4
1900,1966,4
1901,162,4
1901,414,4
1901,1726,4
1901,1900,4
1901,1969,4
1902,600,4
1902,1376,4
1902,1484,4
1902,1756,4
1902,1903,4
1903,636,4
1903,1808,4
1903,1833,4
1903,1902,4
1903,1978,4
1904,1554,4
1904,1727,4
1904,1764,4
1904,1905,4
1904,1907,4
1905,1369,4
1905,1560,4
1905,1817,4
1905,1904,4
1905,1908,4
1906,1149,4
1906,1362,4
1906,1445,4
1906,1907,4
1906,1922,4
1907,1159,4
1907,1904,4
1907,1906,4
1907,1967,4
1907,1977,4
1908,1004,4
1908,1452,4
1908,1665,4
1908,1852,4
1908,1905,4
1908,1979,4
1909,1768,4
1909,1822,4
1909,1831,4
1909,1840,4
1909,1910,4
1909,1983,4
1910,443,4
1910,1766,4
1910,1782,4
1910,1884,4
1910,1899,4
1910,1909,4
1911,1467,4
1911,1507,4
1911,1863,4
1911,1912,4
1911,1948,4
1911,1950,4
1912,1656,4
1912,1686,4
1912,1699,4
1912,1828,4
1912,1838,4
1912,1911,4
1913,1709,4
1913,1836,4
1913,1842,4
1913,1882,4
1913,1915,4
1913,1956,4
1914,838,4
1914,1133,4
1914,1229,4
1914,1694,4
1914,1875,4
1914,1921,4
1915,1534,4
1915,1557,4
1915,1624,4
1915,1867,4
1915,1877,4
1915,1913,4
1916,1427,4
1916,1510,4
1916,1620,4
1916,1630,4
1916,1676,4
1916,1917,4
1917,1441,4
1917,1523,4
1917,1615,4
1917,1719,4
1917,1865,4
1917,1916,4
1918,137,4
1918,180,4
1918,198,4
1918,1398,4
1918,1596,4
1918,1919,4
1919,264,4
1919,1090,4
1919,1786,4
1919,1790,4
1919,1796,4
1919,1918,4
1920,1587,4
1920,1657,4
1920,1722,4
1920,1872,4
1920,1922,4
1920,1931,4
1921,1392,4
1921,1575,4
1921,1792,4
1921,1914,4
1921,1925,4
1921,1930,4
1922,1484,4
1922,1505,4
1922,1797,4
1922,1871,4
1922,1906,4
1922,1920,4
1923,1421,4
1923,1487,4
1923,1603,4
1923,1708,4
1923,1924,4
1923,1928,4
1924,1397,4
1924,1430,4
1924,1594,4
1924,1923,4
1924,1925,4
1924,1981,4
1925,1594,4
1925,1841,4
1925,1921,4
1925,1924,4
1925,1930,4
1925,1955,4
1926,1557,4
1926,1624,4
1926,1733,4
1926,1820,4
1926,1823,4
1926,1927,4
1927,7,4
1927,1218,4
1927,1383,4
1927,1389,4
1927,1926,4
1927,1968,4
1928,1421,4
1928,1664,4
1928,1708,4
1928,1923,4
1928,1931,4
1928,1985,4
1929,1547,4
1929,1842,4
1929,1868,4
1929,1930,4
1929,1932,4
1929,1956,4
1930,1573,4
1930,1608,4
1930,1707,4
1930,1921,4
1930,1925,4
1930,1929,4
1931,948,4
1931,1504,4
1931,1702,4
1931,1722,4
1931,1898,4
1931,1920,4
1931,1928,4
1932,345,4
1932,1575,4
1932,1781,4
1932,1894,4
1932,1929,4
1932,1933,4
1932,1947,4
1933,351,4
1933,1087,4
1933,1648,4
1933,1688,4
1933,1932,4
1933,1936,4
1933,1942,4
1934,1447,4
1934,1538,4
1934,1602,4
1934,1757,4
1934,1841,4
1934,1935,4
1934,1981,4
1935,1730,4
1935,1748,4
1935,1840,4
1935,1843,4
1935,1895,4
1935,1934,4
1935,1984,4
1936,1465,4
1936,1723,4
1936,1835,4
1936,1933,4
1936,1938,4
1936,1954,4
1936,1962,4
1937,124,4
1937,1546,4
1937,1725,4
1937,1848,4
1937,1892,4
1937,1965,4
1937,1994,4
1938,62,4
1938,1595,4
1938,1847,4
1938,1866,4
1938,1936,4
1938,1939,4
1938,1978,4
1939,405,4
1939,1250,4
1939,1577,4
1939,1938,4
1939,1940,4
1939,1959,4
1939,1995,4
1940,1232,4
1940,1296,4
1940,1486,4
1940,1488,4
1940,1545,4
1940,1939,4
1940,1943,4
1941,192,4
1941,642,4
1941,675,4
1941,847,4
1941,1526,4
1941,1693,4
1941,1942,4
1942,1326,4
1942,1334,4
1942,1530,4
1942,1643,4
1942,1652,4
1942,1933,4
1942,1941,4
1943,490,4
1943,506,4
1943,1813,4
1943,1940,4
1943,1944,4
1943,1961,4
1943,1987,4
1944,1562,4
1944,1762,4
1944,1832,4
1944,1842,4
1944,1943,4
1944,1949,4
1944,1956,4
1945,1566,4
1945,1598,4
1945,1621,4
1945,1687,4
1945,1777,4
1945,1879,4
1945,1946,4
1946,65,4
1946,1507,4
1946,1715,4
1946,1717,4
1946,1758,4
1946,1804,4
1946,1945,4
1947,748,4
1947,1137,4
1947,1608,4
1947,1792,4
1947,1881,4
1947,1932,4
1947,1948,4
1948,330,4
1948,765,4
1948,1732,4
1948,1807,4
1948,1861,4
1948,1911,4
1948,1947,4
1949,142,4
1949,731,4
1949,1704,4
1949,1944,4
1949,1952,4
1949,1971,4
1949,1988,4
1950,183,4
1950,1758,4
1950,1804,4
1950,1807,4
1950,1851,4
1950,1861,4
1950,1911,4
1951,1438,4
1951,1492,4
1951,1551,4
1951,1696,4
1951,1775,4
1951,1854,4
1951,1953,4
1952,798,4
1952,1642,4
1952,1692,4
1952,1831,4
1952,1949,4
1952,1956,4
1952,1984,4
1953,1381,4
1953,1468,4
1953,1589,4
1953,1623,4
1953,1735,4
1953,1951,4
1953,1966,4
1954,189,4
1954,1744,4
1954,1835,4
1954,1876,4
1954,1936,4
1954,1958,4
1954,1962,4
1955,668,4
1955,1602,4
1955,1699,4
1955,1757,4
1955,1925,4
1955,1979,4
1955,1994,4
1956,1428,4
1956,1640,4
1956,1913,4
1956,1929,4
1956,1944,4
1956,1952,4
1956,1957,4
1957,1435,4
1957,1604,4
1957,1619,4
1957,1632,4
1957,1956,4
1957,1959,4
1957,1989,4
1958,171,4
1958,515,4
1958,704,4
1958,914,4
1958,994,4
1958,1609,4
1958,1738,4
1958,1954,4
1959,1371,4
1959,1773,4
1959,1783,4
1959,1789,4
1959,1887,4
1959,1939,4
1959,1957,4
1959,1962,4
1960,544,4
1960,619,4
1960,851,4
1960,1520,4
1960,1599,4
1960,1628,4
1960,1961,4
1960,1975,4
1961,744,4
1961,1235,4
1961,1606,4
1961,1761,4
1961,1875,4
1961,1943,4
1961,1960,4
1961,1987,4
1962,601,4
1962,1744,4
1962,1835,4
1962,1876,4
1962,1936,4
1962,1954,4
1962,1959,4
1962,1966,4
1963,897,4
1963,1709,4
1963,1729,4
1963,1735,4
1963,1793,4
1963,1812,4
1963,1844,4
1963,1883,4
1964,101,4
1964,1151,4
1964,1219,4
1964,1363,4
1964,1525,4
1964,1853,4
1964,1865,4
1964,1967,4
1965,435,4
1965,438,4
1965,1669,4
1965,1821,4
1965,1848,4
1965,1859,4
1965,1892,4
1965,1937,4
1966,614,4
1966,1468,4
1966,1750,4
1966,1888,4
1966,1900,4
1966,1953,4
1966,1962,4
1966,1968,4
1967,751,4
1967,1046,4
1967,1159,4
1967,1439,4
1967,1581,4
1967,1727,4
1967,1907,4
1967,1964,4
1968,593,4
1968,1383,4
1968,1583,4
1968,1661,4
1968,1663,4
1968,1927,4
1968,1966,4
1968,1970,4
1969,193,4
1969,452,4
1969,564,4
1969,1167,4
1969,1755,4
1969,1759,4
1969,1901,4
1969,1995,4
1970,211,4
1970,804,4
1970,1470,4
1970,1695,4
1970,1713,4
1970,1862,4
1970,1968,4
1970,1972,4
1970,1997,4
1971,1477,4
1971,1564,4
1971,1639,4
1971,1889,4
1971,1949,4
1971,1972,4
1971,1974,4
1971,1986,4
1971,1988,4
1972,770,4
1972,772,4
1972,777,4
1972,864,4
1972,1613,4
1972,1739,4
1972,1824,4
1972,1970,4
1972,1971,4
1973,2,4
1973,289,4
1973,545,4
1973,547,4
1973,643,4
1973,1432,4
1973,1705,4
1973,1747,4
1973,1765,4
1974,361,4
1974,960,4
1974,1220,4
1974,1398,4
1974,1436,4
1974,1824,4
1974,1971,4
1974,1975,4
1974,1992,4
1975,143,4
1975,1711,4
1975,1720,4
1975,1798,4
1975,1873,4
1975,1893,4
1975,1960,4
1975,1974,4
1975,1976,4
1976,139,4
1976,255,4
1976,358,4
1976,767,4
1976,1252,4
1976,1407,4
1976,1501,4
1976,1975,4
1976,1978,4
1977,1054,4
1977,1056,4
1977,1058,4
1977,1158,4
1977,1197,4
1977,1489,4
1977,1581,4
1977,1600,4
1977,1907,4
1978,371,4
1978,1144,4
1978,1515,4
1978,1847,4
1978,1866,4
1978,1903,4
1978,1938,4
1978,1976,4
1978,1980,4
1979,634,4
1979,1612,4
1979,1614,4
1979,1673,4
1979,1734,4
1979,1827,4
1979,1834,4
1979,1908,4
1979,1955,4
1980,754,4
1980,883,4
1980,1098,4
1980,1149,4
1980,1668,4
1980,1779,4
1980,1871,4
1980,1886,4
1980,1978,4
1980,1981,4
1981,1721,4
1981,1724,4
1981,1800,4
1981,1801,4
1981,1816,4
1981,1829,4
1981,1924,4
1981,1934,4
1981,1980,4
1981,1982,4
1982,57,4
1982,318,4
1982,363,4
1982,1370,4
1982,1427,4
1982,1617,4
1982,1620,4
1982,1858,4
1982,1981,4
1982,1984,4
1983,1580,4
1983,1581,4
1983,1710,4
1983,1730,4
1983,1748,4
1983,1768,4
1983,1776,4
1983,1806,4
1983,1909,4
1983,1984,4
1984,309,4
1984,552,4
1984,846,4
1984,1843,4
1984,1895,4
1984,1935,4
1984,1952,4
1984,1982,4
1984,1983,4
1984,1985,4
1985,1053,4
1985,1487,4
1985,1549,4
1985,1603,4
1985,1664,4
1985,1716,4
1985,1826,4
1985,1928,4
1985,1984,4
1985,1987,4
1986,15,4
1986,1477,4
1986,1564,4
1986,1639,4
1986,1706,4
1986,1803,4
1986,1805,4
1986,1889,4
1986,1971,4
1986,1988,4
1987,723,4
1987,775,4
1987,835,4
1987,1166,4
1987,1235,4
1987,1675,4
1987,1875,4
1987,1943,4
1987,1961,4
1987,1985,4
1987,1988,4
1988,389,4
1988,422,4
1988,640,4
1988,1706,4
1988,1785,4
1988,1889,4
1988,1949,4
1988,1971,4
1988,1986,4
1988,1987,4
1988,1990,4
1989,893,4
1989,1054,4
1989,1113,4
1989,1325,4
1989,1385,4
1989,1604,4
1989,1634,4
1989,1681,4
1989,1957,4
1989,1990,4
1989,1991,4
1990,412,4
1990,584,4
1990,949,4
1990,1143,4
1990,1177,4
1990,1189,4
1990,1252,4
1990,1294,4
1990,1815,4
1990,1988,4
1990,1989,4
1991,1381,4
1991,1423,4
1991,1456,4
1991,1473,4
1991,1493,4
1991,1522,4
1991,1578,4
1991,1589,4
1991,1623,4
1991,1763,4
1991,1989,4
1991,1994,4
1992,64,4
1992,82,4
1992,100,4
1992,578,4
1992,1436,4
1992,1453,4
1992,1574,4
1992,1596,4
1992,1682,4
1992,1974,4
1992,1993,4
1992,1996,4
1993,1424,4
1993,1466,4
1993,1502,4
1993,1542,4
1993,1553,4
1993,1629,4
1993,1653,4
1993,1695,4
1993,1712,4
1993,1745,4
1993,1802,4
1993,1992,4
1993,1996,4
1994,4,4
1994,1419,4
1994,1457,4
1994,1459,4
1994,1475,4
1994,1611,4
1994,1650,4
1994,1669,4
1994,1737,4
1994,1814,4
1994,1859,4
1994,1937,4
1994,1955,4
1994,1991,4
1995,204,4
1995,205,4
1995,988,4
1995,1083,4
1995,1105,4
1995,1141,4
1995,1188,4
1995,1250,4
1995,1371,4
1995,1375,4
1995,1576,4
1995,1718,4
1995,1783,4
1995,1939,4
1995,1969,4
1996,121,4
1996,229,4
1996,264,4
1996,649,4
1996,1100,4
1996,1213,4
1996,1273,4
1996,1346,4
1996,1360,4
1996,1426,4
1996,1481,4
1996,1636,4
1996,1641,4
1996,1992,4
1996,1993,4
1996,2000,4
1997,262,4
1997,543,4
1997,576,4
1997,671,4
1997,1003,4
1997,1237,4
1997,1400,4
1997,1404,4
1997,1409,4
1997,1448,4
1997,1618,4
1997,1690,4
1997,1745,4
1997,1802,4
1997,1970,4
1997,1998,4
1997,1999,4
1998,8,4
1998,40,4
1998,102,4
1998,786,4
1998,930,4
1998,983,4
1998,1065,4
1998,1245,4
1998,1406,4
1998,1471,4
1998,1580,4
1998,1662,4
1998,1809,4
1998,1811,4
1998,1997,4
1998,1999,4
1998,2000,4
1999,403,4
1999,918,4
1999,1040,4
1999,1200,4
1999,1264,4
1999,1298,4
1999,1308,4
1999,1330,4
1999,1335,4
1999,1350,4
1999,1535,4
1999,1741,4
1999,1754,4
1999,1837,4
1999,1997,4
1999,1998,4
1999,2000,4
2000,173,4
2000,327,4
2000,424,4
2000,437,4
2000,517,4
2000,526,4
2000,565,4
2000,657,4
2000,709,4
2000,1057,4
2000,1165,4
2000,1243,4
2000,1417,4
2000,1539,4
2000,1544,4
2000,1996,4
2000,1998,4
2000,1999,4
1,1485,5
1,1491,5
2,22,5
2,34,5
3,436,5
3,1025,5
4,96,5
4,1995,5
5,14,5
5,238,5
6,50,5
6,1024,5
7,1383,5
7,1661,5
8,983,5
8,1998,5
9,88,5
9,883,5
10,190,5
10,311,5
11,293,5
11,340,5
12,54,5
12,162,5
13,594,5
13,1900,5
14,5,5
14,16,5
15,69,5
15,1985,5
16,14,5
16,1985,5
17,95,5
17,159,5
18,19,5
18,61,5
19,18,5
19,115,5
20,23,5
20,117,5
21,29,5
21,219,5
22,2,5
22,155,5
23,20,5
23,205,5
24,31,5
24,337,5
25,56,5
25,443,5
26,85,5
26,327,5
27,39,5
27,446,5
28,281,5
28,350,5
29,21,5
29,252,5
30,604,5
30,619,5
31,24,5
31,52,5
32,1480,5
32,1732,5
33,578,5
33,770,5
34,2,5
34,222,5
35,40,5
35,1998,5
36,213,5
36,1126,5
37,227,5
37,244,5
38,1672,5
38,1912,5
39,27,5
39,89,5
40,35,5
40,1998,5
41,42,5
41,1966,5
42,41,5
42,45,5
43,45,5
43,104,5
44,78,5
44,93,5
45,42,5
45,43,5
46,79,5
46,181,5
47,813,5
47,1390,5
48,49,5
48,94,5
49,48,5
49,1910,5
50,6,5
50,173,5
51,404,5
51,507,5
52,31,5
52,53,5
53,52,5
53,719,5
54,12,5
54,193,5
55,237,5
55,554,5
56,25,5
56,522,5
57,126,5
57,318,5
58,83,5
58,184,5
59,160,5
59,1936,5
60,513,5
60,2000,5
61,18,5
61,1153,5
62,67,5
62,122,5
63,847,5
63,1941,5
64,578,5
64,770,5
65,1667,5
65,1946,5
66,321,5
66,427,5
67,62,5
67,204,5
68,1437,5
68,1512,5
69,15,5
69,70,5
70,69,5
70,867,5
71,73,5
71,450,5
72,568,5
72,758,5
73,71,5
73,711,5
74,80,5
74,101,5
75,248,5
75,579,5
76,1145,5
76,1283,5
77,554,5
77,1928,5
78,44,5
78,722,5
79,46,5
79,1881,5
80,74,5
80,580,5
81,216,5
81,1186,5
82,1682,5
82,1992,5
83,58,5
83,442,5
84,199,5
84,292,5
85,26,5
85,173,5
86,87,5
86,1393,5
87,86,5
87,373,5
88,9,5
88,1098,5
89,39,5
89,1641,5
90,219,5
90,1595,5
91,1383,5
91,1661,5
92,299,5
92,383,5
93,44,5
93,273,5
94,48,5
94,98,5
95,17,5
95,156,5
96,4,5
96,1883,5
97,105,5
97,1185,5
98,94,5
98,2000,5
99,1635,5
99,1839,5
100,137,5
100,1992,5
101,74,5
101,103,5
102,1528,5
102,1845,5
103,101,5
103,174,5
104,43,5
104,105,5
105,97,5
105,104,5
106,115,5
106,1363,5
107,1353,5
107,1988,5
108,325,5
108,1993,5
109,776,5
109,1874,5
110,114,5
110,119,5
111,674,5
111,1324,5
112,593,5
112,1927,5
113,118,5
113,392,5
114,110,5
114,422,5
115,19,5
115,106,5
116,496,5
116,1755,5
117,20,5
117,118,5
118,113,5
118,117,5
119,110,5
119,299,5
120,1823,5
120,1855,5
121,1636,5
121,1919,5
122,62,5
122,124,5
123,273,5
123,312,5
124,122,5
124,575,5
125,1528,5
125,1809,5
126,57,5
126,318,5
127,433,5
127,1450,5
128,132,5
128,362,5
129,1019,5
129,1563,5
130,1644,5
130,1933,5
131,280,5
131,1871,5
132,128,5
132,169,5
133,286,5
133,334,5
134,1357,5
134,1511,5
135,200,5
135,208,5
136,309,5
136,574,5
137,100,5
137,1992,5
138,141,5
138,494,5
139,1501,5
139,1990,5
140,207,5
140,224,5
141,138,5
141,269,5
142,150,5
142,1949,5
143,1414,5
143,1975,5
144,153,5
144,482,5
145,1351,5
145,1443,5
146,1762,5
146,1929,5
147,1327,5
147,1969,5
148,404,5
148,1205,5
149,157,5
149,194,5
150,142,5
150,1374,5
151,350,5
151,367,5
152,244,5
152,246,5
153,144,5
153,157,5
154,440,5
154,1466,5
155,22,5
155,257,5
156,95,5
156,159,5
157,149,5
157,153,5
158,1354,5
158,1873,5
159,17,5
159,156,5
160,59,5
160,213,5
161,757,5
161,793,5
162,12,5
162,193,5
163,1961,5
163,1987,5
164,841,5
164,1114,5
165,166,5
165,1998,5
166,165,5
167,288,5
167,1870,5
168,169,5
168,195,5
169,132,5
169,168,5
170,172,5
170,623,5
171,1266,5
171,1958,5
172,170,5
172,186,5
173,50,5
173,85,5
174,103,5
174,175,5
175,174,5
175,1986,5
176,286,5
176,334,5
177,178,5
177,297,5
178,177,5
178,1148,5
179,1347,5
179,1791,5
180,772,5
180,1992,5
181,46,5
181,1631,5
182,183,5
182,197,5
183,182,5
183,265,5
184,58,5
184,203,5
185,372,5
185,453,5
186,172,5
186,1948,5
187,222,5
187,1964,5
188,332,5
188,352,5
189,260,5
189,284,5
190,10,5
190,191,5
191,190,5
191,287,5
192,194,5
192,271,5
193,54,5
193,162,5
194,149,5
194,192,5
195,168,5
195,197,5
196,682,5
196,738,5
197,182,5
197,195,5
198,1974,5
198,1992,5
199,84,5
199,407,5
200,135,5
200,1703,5
201,204,5
201,277,5
202,470,5
202,1422,5
203,184,5
203,454,5
204,67,5
204,201,5
205,23,5
205,1995,5
206,209,5
206,708,5
207,140,5
207,224,5
208,135,5
208,258,5
209,206,5
209,444,5
210,214,5
210,763,5
211,1712,5
211,1970,5
212,328,5
212,395,5
213,36,5
213,160,5
214,210,5
214,1998,5
215,218,5
215,616,5
216,81,5
216,971,5
217,227,5
217,1507,5
218,215,5
218,752,5
219,21,5
219,90,5
220,918,5
220,1999,5
221,1697,5
221,1742,5
222,34,5
222,187,5
223,257,5
223,289,5
224,140,5
224,207,5
225,668,5
225,1955,5
226,357,5
226,1285,5
227,37,5
227,217,5
228,1897,5
228,1917,5
229,911,5
229,1996,5
230,233,5
230,259,5
231,600,5
231,779,5
232,1137,5
232,1947,5
233,230,5
233,253,5
234,249,5
234,302,5
235,276,5
235,1743,5
236,238,5
236,251,5
237,55,5
237,569,5
238,5,5
238,236,5
239,1593,5
239,1708,5
240,243,5
240,501,5
241,1809,5
241,1845,5
242,1723,5
242,1954,5
243,240,5
243,245,5
244,37,5
244,152,5
245,243,5
245,1533,5
246,152,5
246,315,5
247,430,5
247,461,5
248,75,5
248,326,5
249,234,5
249,294,5
250,614,5
250,656,5
251,236,5
251,1800,5
252,29,5
252,346,5
253,233,5
253,254,5
254,253,5
254,1218,5
255,1976,5
255,1990,5
256,279,5
256,298,5
257,155,5
257,223,5
258,208,5
258,279,5
259,230,5
259,265,5
260,189,5
260,1444,5
261,1370,5
261,1916,5
262,378,5
262,2000,5
263,534,5
263,620,5
264,1078,5
264,1919,5
265,183,5
265,259,5
266,269,5
266,311,5
267,1584,5
267,1915,5
268,315,5
268,330,5
269,141,5
269,266,5
270,346,5
270,1654,5
271,192,5
271,272,5
272,271,5
272,295,5
273,93,5
273,123,5
274,275,5
274,1969,5
275,274,5
275,354,5
276,235,5
276,305,5
277,201,5
277,278,5
278,277,5
278,602,5
279,256,5
279,258,5
280,131,5
280,378,5
281,28,5
281,367,5
282,655,5
282,739,5
283,287,5
283,458,5
284,189,5
284,555,5
285,368,5
285,546,5
286,133,5
286,176,5
287,191,5
287,283,5
288,167,5
288,290,5
289,223,5
289,417,5
290,288,5
290,349,5
291,525,5
291,1987,5
292,84,5
292,407,5
293,11,5
293,294,5
294,249,5
294,293,5
295,272,5
295,296,5
296,295,5
296,393,5
297,177,5
297,300,5
298,256,5
298,431,5
299,92,5
299,119,5
300,297,5
300,331,5
301,414,5
301,564,5
302,234,5
302,317,5
303,310,5
303,379,5
304,1161,5
304,1941,5
305,276,5
305,344,5
306,420,5
306,1149,5
307,528,5
307,595,5
308,440,5
308,473,5
309,136,5
309,587,5
310,303,5
310,379,5
311,10,5
311,266,5
312,123,5
312,388,5
313,1303,5
313,1821,5
314,319,5
314,1841,5
315,246,5
315,268,5
316,1385,5
316,1989,5
317,302,5
317,1073,5
318,57,5
318,126,5
319,314,5
319,879,5
320,1627,5
320,1846,5
321,66,5
321,518,5
322,324,5
322,364,5
323,331,5
323,828,5
324,322,5
324,1932,5
325,108,5
325,1997,5
326,248,5
326,395,5
327,26,5
327,1504,5
328,212,5
328,434,5
329,386,5
329,474,5
330,268,5
330,393,5
331,300,5
331,323,5
332,188,5
332,344,5
333,390,5
333,497,5
334,133,5
334,176,5
335,510,5
335,1056,5
336,417,5
336,625,5
337,24,5
337,386,5
338,1980,5
338,1998,5
339,1382,5
339,1474,5
340,11,5
340,468,5
341,1872,5
341,1980,5
342,677,5
342,1110,5
343,347,5
343,650,5
344,305,5
344,332,5
345,598,5
345,610,5
346,252,5
346,270,5
347,343,5
347,1714,5
348,373,5
348,381,5
349,290,5
349,354,5
350,28,5
350,151,5
351,729,5
351,1933,5
352,188,5
352,430,5
353,1339,5
353,1446,5
354,275,5
354,349,5
355,388,5
355,471,5
356,359,5
356,370,5
357,226,5
357,1649,5
358,1252,5
358,1990,5
359,356,5
359,1617,5
360,362,5
360,1904,5
361,1436,5
361,1992,5
362,128,5
362,360,5
363,364,5
363,706,5
364,322,5
364,363,5
365,499,5
365,1407,5
366,1757,5
366,1841,5
367,151,5
367,281,5
368,285,5
368,420,5
369,552,5
369,590,5
370,356,5
370,374,5
371,390,5
371,551,5
372,185,5
372,518,5
373,87,5
373,348,5
374,370,5
374,1993,5
375,376,5
375,438,5
376,375,5
376,418,5
377,387,5
377,1856,5
378,262,5
378,280,5
378,573,5
379,303,5
379,310,5
380,817,5
380,1968,5
381,348,5
381,457,5
382,487,5
382,553,5
383,92,5
383,403,5
384,1059,5
384,1744,5
385,562,5
385,1953,5
386,329,5
386,337,5
387,377,5
387,1985,5
388,312,5
388,355,5
389,403,5
389,640,5
390,333,5
390,371,5
391,457,5
391,633,5
392,113,5
392,1968,5
393,296,5
393,330,5
394,491,5
394,1994,5
395,212,5
395,326,5
396,426,5
396,528,5
397,808,5
397,1994,5
398,416,5
398,428,5
399,434,5
399,439,5
400,1658,5
400,1670,5
401,510,5
401,1159,5
402,475,5
402,753,5
403,383,5
403,389,5
404,51,5
404,148,5
405,1519,5
405,1939,5
406,1675,5
406,1943,5
407,199,5
407,292,5
408,994,5
408,1958,5
409,410,5
409,826,5
410,409,5
410,999,5
411,523,5
411,643,5
412,413,5
412,949,5
413,412,5
413,1460,5
414,301,5
414,822,5
415,418,5
415,488,5
416,398,5
416,421,5
417,289,5
417,336,5
418,376,5
418,415,5
419,445,5
419,459,5
420,306,5
420,368,5
421,416,5
421,611,5
422,114,5
422,1988,5
423,432,5
423,645,5
424,657,5
424,1504,5
425,1797,5
425,1886,5
426,396,5
426,431,5
427,66,5
427,453,5
428,398,5
428,849,5
429,481,5
429,538,5
430,247,5
430,352,5
431,298,5
431,426,5
432,423,5
432,896,5
433,127,5
433,435,5
434,328,5
434,399,5
435,433,5
435,472,5
436,3,5
436,1027,5
437,517,5
437,1920,5
438,375,5
438,441,5
439,399,5
439,458,5
440,154,5
440,308,5
441,438,5
441,644,5
442,83,5
442,454,5
443,25,5
443,522,5
444,209,5
444,446,5
445,419,5
445,459,5
446,27,5
446,444,5
447,450,5
447,1961,5
448,673,5
448,853,5
449,558,5
449,676,5
450,71,5
450,447,5
451,456,5
451,646,5
452,845,5
452,1726,5
453,185,5
453,427,5
454,203,5
454,442,5
455,1068,5
455,1070,5
456,451,5
456,466,5
457,381,5
457,391,5
458,283,5
458,439,5
459,419,5
459,445,5
460,463,5
460,465,5
461,247,5
461,535,5
462,903,5
462,1280,5
463,460,5
463,1904,5
464,495,5
464,590,5
465,460,5
465,466,5
466,456,5
466,465,5
467,713,5
467,734,5
468,340,5
468,1615,5
469,472,5
469,527,5
470,202,5
470,498,5
471,355,5
471,614,5
472,435,5
472,469,5
473,308,5
473,563,5
474,329,5
474,512,5
475,402,5
475,1450,5
476,557,5
476,903,5
477,481,5
477,615,5
478,683,5
478,1836,5
479,1684,5
479,1808,5
480,1019,5
480,1372,5
481,429,5
481,477,5
482,144,5
482,535,5
483,484,5
483,544,5
484,483,5
484,591,5
485,563,5
485,567,5
486,560,5
486,1202,5
487,382,5
487,553,5
488,415,5
488,489,5
489,488,5
489,1707,5
490,744,5
490,1761,5
491,394,5
491,494,5
492,569,5
492,637,5
493,512,5
493,606,5
494,138,5
494,491,5
495,464,5
495,728,5
496,116,5
496,1755,5
497,333,5
497,636,5
498,470,5
498,619,5
499,365,5
499,1815,5
500,781,5
500,878,5
501,240,5
501,503,5
502,533,5
502,560,5
503,501,5
503,1128,5
504,505,5
504,1958,5
505,504,5
505,1334,5
506,1166,5
506,1961,5
507,51,5
507,801,5
508,509,5
508,997,5
509,508,5
509,670,5
510,335,5
510,401,5
511,530,5
511,920,5
512,474,5
512,493,5
513,60,5
513,2000,5
514,715,5
514,1878,5
515,673,5
515,853,5
516,641,5
516,1476,5
517,437,5
517,1920,5
518,321,5
518,372,5
519,521,5
519,705,5
520,612,5
520,632,5
521,519,5
521,741,5
522,56,5
522,443,5
523,411,5
523,1814,5
524,527,5
524,760,5
525,291,5
525,1987,5
526,1539,5
526,1920,5
527,469,5
527,524,5
528,307,5
528,396,5
529,532,5
529,561,5
530,511,5
530,1989,5
531,1080,5
531,1701,5
532,529,5
532,1720,5
533,502,5
533,555,5
534,263,5
534,620,5
535,461,5
535,482,5
536,1235,5
536,1961,5
537,782,5
537,834,5
538,429,5
538,618,5
539,541,5
539,588,5
540,885,5
540,937,5
541,539,5
541,714,5
542,626,5
542,702,5
543,545,5
543,1997,5
544,483,5
544,1067,5
545,543,5
545,737,5
546,285,5
546,586,5
547,561,5
547,710,5
548,1171,5
548,1364,5
549,1831,5
549,1840,5
550,713,5
550,1083,5
551,371,5
551,636,5
552,369,5
552,728,5
553,382,5
553,487,5
554,55,5
554,77,5
555,284,5
555,533,5
556,1970,5
556,1993,5
557,476,5
557,944,5
558,449,5
558,1733,5
559,1408,5
559,1941,5
560,486,5
560,502,5
561,529,5
561,547,5
562,385,5
562,570,5
563,473,5
563,485,5
564,301,5
564,1759,5
565,709,5
565,1920,5
566,651,5
566,750,5
567,485,5
567,671,5
568,72,5
568,1026,5
569,237,5
569,492,5
570,562,5
570,827,5
571,1269,5
571,1995,5
572,575,5
572,665,5
573,378,5
573,1173,5
574,136,5
574,587,5
575,124,5
575,572,5
576,577,5
576,917,5
577,576,5
577,681,5
578,33,5
578,64,5
579,75,5
579,580,5
580,80,5
580,579,5
581,1066,5
581,1729,5
582,1433,5
582,1570,5
583,922,5
583,1344,5
584,588,5
584,1795,5
585,1566,5
585,1945,5
586,546,5
586,638,5
587,309,5
587,574,5
588,539,5
588,584,5
589,591,5
589,1094,5
590,369,5
590,464,5
591,484,5
591,589,5
592,1601,5
592,1708,5
593,112,5
593,1927,5
594,13,5
594,1381,5
595,307,5
595,667,5
596,1632,5
596,1989,5
597,695,5
597,1876,5
598,345,5
598,610,5
599,608,5
599,1007,5
600,231,5
600,754,5
601,1449,5
601,1962,5
602,278,5
602,609,5
603,667,5
603,699,5
604,30,5
604,757,5
605,671,5
605,759,5
606,493,5
606,715,5
607,991,5
607,1013,5
608,599,5
608,609,5
609,602,5
609,608,5
610,345,5
610,598,5
611,421,5
611,849,5
612,520,5
612,632,5
613,616,5
613,1923,5
614,250,5
614,471,5
615,477,5
615,618,5
616,215,5
616,613,5
617,678,5
617,859,5
618,538,5
618,615,5
619,30,5
619,498,5
620,263,5
620,534,5
621,865,5
621,1890,5
622,623,5
622,726,5
623,170,5
623,622,5
624,648,5
624,746,5
625,336,5
625,672,5
626,542,5
626,702,5
627,658,5
627,1835,5
628,629,5
628,1500,5
629,628,5
629,1987,5
630,631,5
630,938,5
631,630,5
631,660,5
632,520,5
632,612,5
633,391,5
633,710,5
634,635,5
634,2000,5
635,634,5
635,664,5
636,497,5
636,551,5
637,492,5
637,689,5
638,586,5
638,754,5
639,700,5
639,720,5
640,389,5
640,708,5
641,516,5
641,644,5
642,953,5
642,1526,5
643,411,5
643,672,5
644,441,5
644,641,5
645,423,5
645,646,5
646,451,5
646,645,5
647,650,5
647,1015,5
648,624,5
648,689,5
649,1790,5
649,1996,5
650,343,5
650,647,5
651,566,5
651,1388,5
652,784,5
652,825,5
653,1096,5
653,1193,5
654,801,5
654,932,5
655,282,5
655,1046,5
656,250,5
656,735,5
657,424,5
657,1784,5
658,627,5
658,922,5
659,660,5
659,733,5
660,631,5
660,659,5
661,662,5
661,1564,5
662,661,5
662,796,5
663,1136,5
663,1310,5
664,635,5
664,665,5
665,572,5
665,664,5
666,670,5
666,990,5
667,595,5
667,603,5
668,225,5
668,1955,5
669,1590,5
669,1637,5
670,509,5
670,666,5
671,567,5
671,605,5
672,625,5
672,643,5
673,448,5
673,515,5
674,111,5
674,1324,5
675,821,5
675,1061,5
676,449,5
676,677,5
677,342,5
677,676,5
678,617,5
678,773,5
679,1440,5
679,1499,5
680,735,5
680,811,5
681,577,5
681,1787,5
682,196,5
682,1478,5
683,478,5
683,684,5
684,683,5
684,717,5
685,870,5
685,881,5
686,692,5
686,1717,5
687,1068,5
687,1326,5
688,786,5
688,1998,5
689,637,5
689,648,5
690,1651,5
690,1804,5
691,712,5
691,765,5
692,686,5
692,716,5
693,848,5
693,897,5
694,695,5
694,912,5
695,597,5
695,694,5
696,700,5
696,703,5
697,795,5
697,890,5
698,705,5
698,718,5
699,603,5
699,848,5
700,639,5
700,696,5
701,1559,5
701,1755,5
702,542,5
702,626,5
703,696,5
703,748,5
704,1494,5
704,1609,5
705,519,5
705,698,5
706,363,5
706,711,5
707,858,5
707,888,5
708,206,5
708,640,5
709,565,5
709,1931,5
710,547,5
710,633,5
711,73,5
711,706,5
712,691,5
712,765,5
713,467,5
713,550,5
714,541,5
714,1201,5
715,514,5
715,606,5
716,692,5
716,717,5
717,684,5
717,716,5
718,698,5
718,719,5
719,53,5
719,718,5
720,639,5
720,748,5
721,1472,5
721,1541,5
722,78,5
722,724,5
723,1961,5
723,1987,5
724,722,5
724,747,5
725,726,5
725,1488,5
726,622,5
726,725,5
727,731,5
727,764,5
728,495,5
728,552,5
729,351,5
729,1942,5
730,778,5
730,820,5
731,727,5
731,924,5
732,733,5
732,1183,5
733,659,5
733,732,5
734,467,5
734,769,5
735,656,5
735,680,5
736,737,5
736,799,5
737,545,5
737,736,5
738,196,5
738,1478,5
739,282,5
739,1046,5
740,769,5
740,792,5
741,521,5
741,955,5
742,746,5
742,1664,5
743,1412,5
743,1467,5
744,490,5
744,1761,5
745,747,5
745,803,5
746,624,5
746,742,5
747,724,5
747,745,5
748,703,5
748,720,5
749,752,5
749,1786,5
750,566,5
750,961,5
751,1554,5
751,1860,5
752,218,5
752,749,5
753,402,5
753,929,5
754,600,5
754,638,5
755,781,5
755,1620,5
756,760,5
756,1037,5
757,161,5
757,604,5
758,72,5
758,1157,5
759,605,5
759,1084,5
760,524,5
760,756,5
761,762,5
761,1781,5
762,761,5
762,1975,5
763,210,5
763,764,5
764,727,5
764,763,5
765,691,5
765,712,5
766,1065,5
766,1809,5
767,1407,5
767,1795,5
768,774,5
768,892,5
769,734,5
769,740,5
770,33,5
770,64,5
771,780,5
771,1865,5
772,180,5
772,1992,5
773,678,5
773,950,5
774,768,5
774,780,5
775,1813,5
775,1943,5
776,109,5
776,1874,5
777,864,5
777,1972,5
778,730,5
778,820,5
779,231,5
779,883,5
780,771,5
780,774,5
781,500,5
781,755,5
782,537,5
782,1905,5
783,787,5
783,815,5
784,652,5
784,825,5
785,798,5
785,1142,5
786,688,5
786,1998,5
787,783,5
787,1005,5
788,794,5
788,842,5
789,1297,5
789,1909,5
790,1766,5
790,1782,5
791,925,5
791,961,5
792,740,5
792,988,5
793,161,5
793,941,5
794,788,5
794,914,5
795,697,5
795,1072,5
796,662,5
796,1874,5
797,1786,5
797,1996,5
798,785,5
798,1142,5
799,736,5
799,800,5
800,799,5
800,837,5
801,507,5
801,654,5
802,1789,5
802,1995,5
803,745,5
803,805,5
804,882,5
804,1970,5
805,803,5
805,1998,5
806,1105,5
806,1995,5
807,916,5
807,1835,5
808,397,5
808,814,5
809,881,5
809,1042,5
810,855,5
810,910,5
811,680,5
811,1093,5
812,1118,5
812,1981,5
813,47,5
813,1372,5
814,808,5
814,824,5
815,783,5
815,816,5
816,815,5
816,1277,5
817,380,5
817,1968,5
818,830,5
818,1670,5
819,1213,5
819,1996,5
820,730,5
820,778,5
821,675,5
821,847,5
822,414,5
822,824,5
823,926,5
823,1291,5
824,814,5
824,822,5
825,652,5
825,784,5
826,409,5
826,827,5
827,570,5
827,826,5
828,323,5
828,830,5
829,1898,5
829,2000,5
830,818,5
830,828,5
831,1301,5
831,1989,5
832,885,5
832,1716,5
833,836,5
833,876,5
834,537,5
834,965,5
835,1606,5
835,1943,5
836,833,5
836,986,5
837,800,5
837,840,5
838,1787,5
838,1914,5
839,955,5
839,1010,5
840,837,5
840,969,5
841,164,5
841,1583,5
842,788,5
842,854,5
843,1622,5
843,1738,5
844,1577,5
844,1995,5
845,452,5
845,1726,5
846,856,5
846,1984,5
847,63,5
847,821,5
848,693,5
848,699,5
849,428,5
849,611,5
850,941,5
850,970,5
851,1451,5
851,1628,5
852,921,5
852,995,5
853,448,5
853,515,5
854,842,5
854,856,5
855,810,5
855,1146,5
856,846,5
856,854,5
857,888,5
857,957,5
858,707,5
858,958,5
859,617,5
859,950,5
860,862,5
860,875,5
861,863,5
861,1081,5
862,860,5
862,875,5
863,861,5
863,866,5
864,777,5
864,1972,5
865,621,5
865,1958,5
866,863,5
866,867,5
867,70,5
867,866,5
868,869,5
868,1028,5
869,868,5
869,1071,5
870,685,5
870,926,5
871,872,5
871,877,5
872,871,5
872,1989,5
873,1032,5
873,1093,5
874,929,5
874,1160,5
875,860,5
875,862,5
876,833,5
876,877,5
877,871,5
877,876,5
878,500,5
878,1194,5
879,319,5
879,958,5
880,1750,5
880,1966,5
881,685,5
881,809,5
882,804,5
882,1993,5
883,9,5
883,779,5
884,1104,5
884,1927,5
885,540,5
885,832,5
886,889,5
886,1077,5
887,1084,5
887,1618,5
888,707,5
888,857,5
889,886,5
889,1624,5
890,697,5
890,947,5
891,1172,5
891,1192,5
892,768,5
892,894,5
893,895,5
893,1054,5
894,892,5
894,1941,5
895,893,5
895,1941,5
896,432,5
896,898,5
897,693,5
897,976,5
898,896,5
898,1239,5
899,901,5
899,1802,5
900,906,5
900,919,5
901,899,5
901,1076,5
902,904,5
902,1092,5
903,462,5
903,476,5
904,902,5
904,1158,5
905,907,5
905,1988,5
906,900,5
906,919,5
907,905,5
907,1328,5
908,912,5
908,1691,5
909,1976,5
909,1990,5
910,810,5
910,1012,5
911,229,5
911,1996,5
912,694,5
912,908,5
913,1467,5
913,1911,5
914,794,5
914,915,5
915,914,5
915,1003,5
916,807,5
916,1835,5
917,576,5
917,924,5
918,220,5
918,1999,5
919,900,5
919,906,5
920,511,5
920,1325,5
921,852,5
921,979,5
922,583,5
922,658,5
923,967,5
923,1995,5
924,731,5
924,917,5
925,791,5
925,977,5
926,823,5
926,870,5
927,931,5
927,1477,5
928,963,5
928,1244,5
929,753,5
929,874,5
930,1580,5
930,1998,5
931,927,5
931,1052,5
932,654,5
932,1331,5
933,939,5
933,1989,5
934,942,5
934,1922,5
935,980,5
935,1055,5
936,1575,5
936,1932,5
937,540,5
937,1053,5
938,630,5
938,949,5
939,933,5
939,1925,5
940,947,5
940,984,5
941,793,5
941,850,5
942,934,5
942,1041,5
943,977,5
943,1018,5
944,557,5
944,1774,5
945,1188,5
945,1995,5
946,948,5
946,1309,5
947,890,5
947,940,5
948,946,5
948,1067,5
949,412,5
949,938,5
950,773,5
950,859,5
951,1828,5
951,1838,5
952,956,5
952,1238,5
953,642,5
953,1856,5
954,1791,5
954,1869,5
955,741,5
955,839,5
956,952,5
956,1168,5
957,857,5
957,1043,5
958,858,5
958,879,5
959,1290,5
959,1984,5
960,1596,5
960,1918,5
961,750,5
961,791,5
962,964,5
962,1124,5
963,928,5
963,1242,5
964,962,5
964,1599,5
965,834,5
965,1852,5
966,968,5
966,1020,5
967,923,5
967,1995,5
968,966,5
968,1121,5
969,840,5
969,971,5
970,850,5
970,980,5
971,216,5
971,969,5
972,988,5
972,1141,5
973,974,5
973,1998,5
974,973,5
974,1227,5
975,1064,5
975,1074,5
976,897,5
976,1247,5
977,925,5
977,943,5
978,1048,5
978,2000,5
979,921,5
979,1063,5
980,935,5
980,970,5
981,1487,5
981,1603,5
982,1002,5
982,1744,5
983,8,5
983,1811,5
984,940,5
984,1011,5
985,986,5
985,1319,5
986,836,5
986,985,5
987,990,5
987,1102,5
988,792,5
988,972,5
989,1021,5
989,1211,5
990,666,5
990,987,5
991,607,5
991,1013,5
992,1011,5
992,1169,5
993,997,5
993,998,5
994,408,5
994,1958,5
995,852,5
995,1063,5
996,1296,5
996,1486,5
997,508,5
997,993,5
998,993,5
998,999,5
999,410,5
999,998,5
1000,1656,5
1000,1671,5
1001,1095,5
1001,1156,5
1002,982,5
1002,1744,5
1003,915,5
1003,1006,5
1004,1296,5
1004,1452,5
1005,787,5
1005,1723,5
1006,1003,5
1006,1678,5
1007,599,5
1007,1009,5
1008,1544,5
1008,1931,5
1009,1007,5
1009,1117,5
1010,839,5
1010,1139,5
1011,984,5
1011,992,5
1012,910,5
1012,1017,5
1013,607,5
1013,991,5
1014,1023,5
1014,1199,5
1015,647,5
1015,1020,5
1016,1021,5
1016,1035,5
1017,1012,5
1017,1022,5
1018,943,5
1018,1069,5
1019,129,5
1019,480,5
1020,966,5
1020,1015,5
1021,989,5
1021,1016,5
1022,1017,5
1022,1153,5
1023,1014,5
1023,1199,5
1024,6,5
1024,1025,5
1025,3,5
1025,1024,5
1026,568,5
1026,1027,5
1027,436,5
1027,1026,5
1028,868,5
1028,1029,5
1029,1028,5
1029,1267,5
1030,1180,5
1030,1736,5
1031,1164,5
1031,1969,5
1032,873,5
1032,1095,5
1033,1036,5
1033,1851,5
1034,1043,5
1034,1097,5
1035,1016,5
1035,1204,5
1036,1033,5
1036,1060,5
1037,756,5
1037,1053,5
1038,1139,5
1038,1154,5
1039,1368,5
1039,1423,5
1040,1200,5
1040,1264,5
1041,942,5
1041,1044,5
1042,809,5
1042,1293,5
1043,957,5
1043,1034,5
1044,1041,5
1044,1091,5
1045,1481,5
1045,1796,5
1046,655,5
1046,739,5
1047,1208,5
1047,1930,5
1048,978,5
1048,2000,5
1049,1251,5
1049,1377,5
1050,1099,5
1050,1441,5
1051,1663,5
1051,1968,5
1052,931,5
1052,1054,5
1053,937,5
1053,1037,5
1054,893,5
1054,1052,5
1055,935,5
1055,1114,5
1056,335,5
1056,1158,5
1057,1217,5
1057,2000,5
1058,1060,5
1058,1961,5
1059,384,5
1059,1876,5
1060,1036,5
1060,1058,5
1061,675,5
1061,1693,5
1062,1305,5
1062,1321,5
1063,979,5
1063,995,5
1064,975,5
1064,1074,5
1065,766,5
1065,1728,5
1066,581,5
1066,1305,5
1067,544,5
1067,948,5
1068,455,5
1068,687,5
1069,1018,5
1069,1079,5
1070,455,5
1070,1334,5
1071,869,5
1071,1072,5
1072,795,5
1072,1071,5
1073,317,5
1073,1099,5
1074,975,5
1074,1064,5
1075,1076,5
1075,1115,5
1076,901,5
1076,1075,5
1077,886,5
1077,1081,5
1078,264,5
1078,1641,5
1079,1069,5
1079,1106,5
1080,531,5
1080,1770,5
1081,861,5
1081,1077,5
1082,1251,5
1082,1799,5
1083,550,5
1083,1105,5
1084,759,5
1084,887,5
1085,1089,5
1085,1222,5
1086,1106,5
1086,1274,5
1087,1302,5
1087,1942,5
1088,1362,5
1088,1980,5
1089,1085,5
1089,1915,5
1090,1346,5
1090,1996,5
1091,1044,5
1091,1092,5
1092,902,5
1092,1091,5
1093,811,5
1093,873,5
1094,589,5
1094,1100,5
1095,1001,5
1095,1032,5
1096,653,5
1096,1157,5
1097,1034,5
1097,1144,5
1098,88,5
1098,1253,5
1099,1050,5
1099,1073,5
1100,1094,5
1100,1273,5
1101,1102,5
1101,1212,5
1102,987,5
1102,1101,5
1103,1193,5
1103,1306,5
1104,884,5
1104,1927,5
1105,806,5
1105,1083,5
1106,1079,5
1106,1086,5
1107,1108,5
1107,1287,5
1108,1107,5
1108,1323,5
1109,1184,5
1109,1258,5
1110,342,5
1110,1216,5
1111,1628,5
1111,1885,5
1112,1192,5
1112,1320,5
1113,1681,5
1113,1957,5
1114,164,5
1114,1055,5
1115,1075,5
1115,1117,5
1116,1182,5
1116,1249,5
1117,1009,5
1117,1115,5
1118,812,5
1118,1131,5
1119,1120,5
1119,1127,5
1120,1119,5
1120,1190,5
1121,968,5
1121,1122,5
1122,1121,5
1122,1130,5
1123,1225,5
1123,1781,5
1124,962,5
1124,1127,5
1125,1151,5
1125,1219,5
1126,36,5
1126,1936,5
1127,1119,5
1127,1124,5
1128,503,5
1128,1129,5
1129,1128,5
1129,1201,5
1130,1122,5
1130,1131,5
1131,1118,5
1131,1130,5
1132,1135,5
1132,1231,5
1133,1694,5
1133,1805,5
1134,1517,5
1134,1579,5
1135,1132,5
1135,1899,5
1136,663,5
1136,1144,5
1137,232,5
1137,1947,5
1138,1140,5
1138,1977,5
1139,1010,5
1139,1038,5
1140,1138,5
1140,1187,5
1141,972,5
1141,1371,5
1142,785,5
1142,798,5
1143,1147,5
1143,1177,5
1144,1097,5
1144,1136,5
1145,76,5
1145,1237,5
1146,855,5
1146,1204,5
1147,1143,5
1147,1768,5
1148,178,5
1148,1151,5
1149,306,5
1149,1253,5
1150,1152,5
1150,1248,5
1151,1125,5
1151,1148,5
1152,1150,5
1152,1317,5
1153,61,5
1153,1022,5
1154,1038,5
1154,1275,5
1155,1625,5
1155,1857,5
1156,1001,5
1156,1198,5
1157,758,5
1157,1096,5
1158,904,5
1158,1056,5
1159,401,5
1159,1600,5
1160,874,5
1160,1384,5
1161,304,5
1161,1856,5
1162,1168,5
1162,1195,5
1163,1310,5
1163,1316,5
1164,1031,5
1164,1969,5
1165,1587,5
1165,2000,5
1166,506,5
1166,1987,5
1167,1901,5
1167,1969,5
1168,956,5
1168,1162,5
1169,992,5
1169,1284,5
1170,1176,5
1170,1281,5
1171,548,5
1171,1364,5
1172,891,5
1172,1379,5
1173,573,5
1173,1875,5
1174,1549,5
1174,1985,5
1175,1198,5
1175,1735,5
1176,1170,5
1176,1910,5
1177,1143,5
1177,1180,5
1178,1259,5
1178,1304,5
1179,1194,5
1179,1676,5
1180,1030,5
1180,1177,5
1181,1183,5
1181,1268,5
1182,1116,5
1182,1284,5
1183,732,5
1183,1181,5
1184,1109,5
1184,1258,5
1185,97,5
1185,1236,5
1186,81,5
1186,1187,5
1187,1140,5
1187,1186,5
1188,945,5
1188,1995,5
1189,1190,5
1189,1990,5
1190,1120,5
1190,1189,5
1191,1196,5
1191,1994,5
1192,891,5
1192,1112,5
1193,653,5
1193,1103,5
1194,878,5
1194,1179,5
1195,1162,5
1195,1886,5
1196,1191,5
1196,1209,5
1197,1489,5
1197,1967,5
1198,1156,5
1198,1175,5
1199,1014,5
1199,1023,5
1200,1040,5
1200,1264,5
1201,714,5
1201,1129,5
1202,486,5
1202,1936,5
1203,1209,5
1203,1278,5
1204,1035,5
1204,1146,5
1205,148,5
1205,1331,5
1206,1210,5
1206,1260,5
1207,1586,5
1207,1749,5
1208,1047,5
1208,1349,5
1209,1196,5
1209,1203,5
1210,1206,5
1210,1831,5
1211,989,5
1211,1272,5
1212,1101,5
1212,1216,5
1213,819,5
1213,1996,5
1214,1314,5
1214,1630,5
1215,1246,5
1215,1892,5
1216,1110,5
1216,1212,5
1217,1057,5
1217,2000,5
1218,254,5
1218,1968,5
1219,1125,5
1219,1363,5
1220,1453,5
1220,1972,5
1221,1237,5
1221,1276,5
1222,1085,5
1222,1223,5
1223,1222,5
1223,1263,5
1224,1225,5
1224,1342,5
1225,1123,5
1225,1224,5
1226,1272,5
1226,1585,5
1227,974,5
1227,1228,5
1228,1227,5
1228,1341,5
1229,1299,5
1229,1849,5
1230,1231,5
1230,1913,5
1231,1132,5
1231,1230,5
1232,1545,5
1232,1884,5
1233,1236,5
1233,1312,5
1234,1511,5
1234,1903,5
1235,536,5
1235,1961,5
1236,1185,5
1236,1233,5
1237,1145,5
1237,1221,5
1238,952,5
1238,1239,5
1239,898,5
1239,1238,5
1240,1241,5
1240,1257,5
1241,1240,5
1241,1989,5
1242,963,5
1242,1384,5
1243,1657,5
1243,1931,5
1244,928,5
1244,1387,5
1245,1662,5
1245,1811,5
1246,1215,5
1246,1247,5
1247,976,5
1247,1246,5
1248,1150,5
1248,1256,5
1249,1116,5
1249,1415,5
1250,1371,5
1250,1509,5
1251,1049,5
1251,1082,5
1252,358,5
1252,1990,5
1253,1098,5
1253,1149,5
1254,1275,5
1254,1307,5
1255,1300,5
1255,1401,5
1256,1248,5
1256,1642,5
1257,1240,5
1257,1260,5
1258,1109,5
1258,1184,5
1259,1178,5
1259,1304,5
1260,1206,5
1260,1257,5
1261,1262,5
1261,1865,5
1262,1261,5
1262,1267,5
1263,1223,5
1263,1580,5
1264,1040,5
1264,1200,5
1265,1538,5
1265,1816,5
1266,171,5
1266,1958,5
1267,1029,5
1267,1262,5
1268,1181,5
1268,1270,5
1269,571,5
1269,1995,5
1270,1268,5
1270,1271,5
1271,1270,5
1271,1273,5
1272,1211,5
1272,1226,5
1273,1100,5
1273,1271,5
1274,1086,5
1274,1351,5
1275,1154,5
1275,1254,5
1276,1221,5
1276,1283,5
1277,816,5
1277,1941,5
1278,1203,5
1278,1281,5
1279,1336,5
1279,1548,5
1280,462,5
1280,1336,5
1281,1170,5
1281,1278,5
1282,1402,5
1282,1431,5
1283,76,5
1283,1276,5
1284,1169,5
1284,1182,5
1285,226,5
1285,1394,5
1286,1646,5
1286,1957,5
1287,1107,5
1287,1290,5
1288,1338,5
1288,1391,5
1289,1465,5
1289,1876,5
1290,959,5
1290,1287,5
1291,823,5
1291,1293,5
1292,1936,5
1292,1954,5
1293,1042,5
1293,1291,5
1294,1297,5
1294,1990,5
1295,1332,5
1295,1962,5
1296,996,5
1296,1004,5
1297,789,5
1297,1294,5
1298,1837,5
1298,1988,5
1299,1229,5
1299,1914,5
1300,1255,5
1300,1738,5
1301,831,5
1301,1302,5
1302,1087,5
1302,1301,5
1303,313,5
1303,1313,5
1304,1178,5
1304,1259,5
1305,1062,5
1305,1066,5
1306,1103,5
1306,1394,5
1307,1254,5
1307,1428,5
1308,1754,5
1308,1986,5
1309,946,5
1309,1312,5
1310,663,5
1310,1163,5
1311,1413,5
1311,1532,5
1312,1233,5
1312,1309,5
1313,1303,5
1313,1705,5
1314,1214,5
1314,1630,5
1315,1317,5
1315,1473,5
1316,1163,5
1316,1479,5
1317,1152,5
1317,1315,5
1318,1461,5
1318,1532,5
1319,985,5
1319,1323,5
1320,1112,5
1320,1379,5
1321,1062,5
1321,1793,5
1322,1763,5
1322,1900,5
1323,1108,5
1323,1319,5
1324,111,5
1324,674,5
1325,920,5
1325,1435,5
1326,687,5
1326,1643,5
1327,147,5
1327,1328,5
1328,907,5
1328,1327,5
1329,1333,5
1329,1497,5
1330,1350,5
1330,1986,5
1331,932,5
1331,1205,5
1332,1295,5
1332,1962,5
1333,1329,5
1333,1778,5
1334,505,5
1334,1070,5
1335,1986,5
1335,1988,5
1336,1279,5
1336,1280,5
1337,1689,5
1337,1827,5
1338,1288,5
1338,1391,5
1339,353,5
1339,1446,5
1340,1341,5
1340,1746,5
1341,1228,5
1341,1340,5
1342,1224,5
1342,1345,5
1343,1360,5
1343,1560,5
1344,583,5
1344,1954,5
1345,1342,5
1345,1853,5
1346,1090,5
1346,1354,5
1347,179,5
1347,1791,5
1348,1438,5
1348,1607,5
1349,1208,5
1349,1894,5
1350,1330,5
1350,1986,5
1351,145,5
1351,1274,5
1352,1361,5
1352,1373,5
1353,107,5
1353,1999,5
1354,158,5
1354,1346,5
1355,1358,5
1355,1944,5
1356,1476,5
1356,1482,5
1357,134,5
1357,1938,5
1358,1355,5
1358,1616,5
1359,1768,5
1359,1909,5
1360,1343,5
1360,1641,5
1361,1352,5
1361,1373,5
1362,1088,5
1362,1365,5
1363,106,5
1363,1219,5
1364,548,5
1364,1171,5
1365,1362,5
1365,1640,5
1366,1807,5
1366,1851,5
1367,1406,5
1367,1728,5
1368,1039,5
1368,1370,5
1368,1374,5
1369,1665,5
1369,1908,5
1369,1940,5
1370,261,5
1370,1368,5
1370,1982,5
1371,1141,5
1371,1250,5
1371,1372,5
1372,480,5
1372,813,5
1372,1371,5
1373,1352,5
1373,1361,5
1373,1374,5
1374,150,5
1374,1368,5
1374,1373,5
1375,1509,5
1375,1576,5
1375,1887,5
1376,1668,5
1376,1922,5
1376,1980,5
1377,1049,5
1377,1571,5
1377,1605,5
1378,1379,5
1378,1423,5
1378,1456,5
1379,1172,5
1379,1320,5
1379,1378,5
1380,1384,5
1380,1396,5
1380,1429,5
1381,594,5
1381,1456,5
1381,1991,5
1382,339,5
1382,1416,5
1382,1748,5
1383,7,5
1383,91,5
1383,1389,5
1384,1160,5
1384,1242,5
1384,1380,5
1385,316,5
1385,1386,5
1385,1989,5
1386,1385,5
1386,1547,5
1386,1592,5
1387,1244,5
1387,1388,5
1387,1810,5
1388,651,5
1388,1387,5
1388,1533,5
1389,1383,5
1389,1663,5
1389,1927,5
1390,47,5
1390,1391,5
1390,1541,5
1391,1288,5
1391,1338,5
1391,1390,5
1392,1573,5
1392,1781,5
1392,1881,5
1393,86,5
1393,1394,5
1393,1405,5
1394,1285,5
1394,1306,5
1394,1393,5
1395,1396,5
1395,1484,5
1395,1568,5
1396,1380,5
1396,1395,5
1396,1567,5
1397,1447,5
1397,1538,5
1397,1614,5
1398,1739,5
1398,1972,5
1398,1974,5
1399,1436,5
1399,1458,5
1399,1992,5
1400,1404,5
1400,1409,5
1400,1653,5
1401,1255,5
1401,1405,5
1401,1420,5
1402,1282,5
1402,1431,5
1402,1770,5
1403,1405,5
1403,1479,5
1403,1503,5
1404,1400,5
1404,1409,5
1404,1862,5
1405,1393,5
1405,1401,5
1405,1403,5
1406,1367,5
1406,1728,5
1406,1998,5
1407,365,5
1407,767,5
1407,1976,5
1408,559,5
1408,1410,5
1408,1856,5
1409,1400,5
1409,1404,5
1409,1424,5
1410,1408,5
1410,1731,5
1410,1844,5
1411,1413,5
1411,1496,5
1411,1611,5
1412,743,5
1412,1467,5
1412,1863,5
1413,1311,5
1413,1411,5
1413,1428,5
1414,143,5
1414,1885,5
1414,1893,5
1415,1249,5
1415,1417,5
1415,1469,5
1416,1382,5
1416,1474,5
1416,1642,5
1417,1415,5
1417,1454,5
1417,2000,5
1418,1423,5
1418,1771,5
1418,1803,5
1419,1558,5
1419,1937,5
1419,1965,5
1420,1401,5
1420,1469,5
1420,1849,5
1421,1826,5
1421,1928,5
1421,1985,5
1422,202,5
1422,1520,5
1422,1960,5
1423,1039,5
1423,1378,5
1423,1418,5
1424,1409,5
1424,1653,5
1424,1970,5
1425,1566,5
1425,1598,5
1425,1621,5
1426,1428,5
1426,1919,5
1426,1996,5
1427,1510,5
1427,1858,5
1427,1982,5
1428,1307,5
1428,1413,5
1428,1426,5
1429,1380,5
1429,1431,5
1429,1647,5
1430,1638,5
1430,1724,5
1430,1979,5
1431,1282,5
1431,1402,5
1431,1429,5
1432,1650,5
1432,1821,5
1432,1994,5
1433,582,5
1433,1472,5
1433,1570,5
1434,1435,5
1434,1462,5
1434,1777,5
1435,1325,5
1435,1434,5
1435,1604,5
1436,361,5
1436,1399,5
1436,1918,5
1437,68,5
1437,1438,5
1437,1517,5
1438,1348,5
1438,1437,5
1438,1492,5
1439,1727,5
1439,1907,5
1439,1977,5
1440,679,5
1440,1441,5
1440,1533,5
1441,1050,5
1441,1440,5
1441,1525,5
1442,1531,5
1442,1880,5
1442,1883,5
1443,145,5
1443,1444,5
1443,1485,5
1444,260,5
1444,1443,5
1444,1954,5
1445,1446,5
1445,1484,5
1445,1505,5
1446,353,5
1446,1339,5
1446,1445,5
1447,1397,5
1447,1614,5
1447,1834,5
1448,1695,5
1448,1870,5
1448,1993,5
1449,601,5
1449,1744,5
1449,1876,5
1450,127,5
1450,475,5
1450,1512,5
1451,851,5
1451,1798,5
1451,1946,5
1452,1004,5
1452,1817,5
1452,1940,5
1453,1220,5
1453,1456,5
1453,1974,5
1454,1417,5
1454,1530,5
1454,2000,5
1455,1672,5
1455,1810,5
1455,1828,5
1456,1378,5
1456,1381,5
1456,1453,5
1457,1459,5
1457,1475,5
1457,1965,5
1458,1399,5
1458,1824,5
1458,1972,5
1459,1457,5
1459,1848,5
1459,1965,5
1460,413,5
1460,1461,5
1460,1991,5
1461,1318,5
1461,1460,5
1461,1709,5
1462,1434,5
1462,1777,5
1462,1945,5
1463,1746,5
1463,1760,5
1463,1794,5
1464,1523,5
1464,1714,5
1464,1964,5
1465,1289,5
1465,1876,5
1465,1954,5
1466,154,5
1466,1469,5
1466,1542,5
1467,743,5
1467,913,5
1467,1412,5
1468,1522,5
1468,1750,5
1468,1763,5
1469,1415,5
1469,1420,5
1469,1466,5
1470,1712,5
1470,1713,5
1470,1997,5
1471,1473,5
1471,1528,5
1471,1811,5
1472,721,5
1472,1433,5
1472,1819,5
1473,1315,5
1473,1471,5
1473,1991,5
1474,339,5
1474,1416,5
1474,1952,5
1475,1457,5
1475,1747,5
1475,1973,5
1476,516,5
1476,1356,5
1476,1482,5
1477,927,5
1477,1704,5
1477,1999,5
1478,682,5
1478,738,5
1478,1914,5
1479,1316,5
1479,1403,5
1479,1481,5
1480,32,5
1480,1807,5
1480,1911,5
1481,1045,5
1481,1479,5
1481,1996,5
1482,1356,5
1482,1476,5
1482,1485,5
1483,1679,5
1483,1769,5
1483,1903,5
1484,1395,5
1484,1445,5
1484,1980,5
1485,1,5
1485,1443,5
1485,1482,5
1486,996,5
1486,1545,5
1486,1850,5
1487,981,5
1487,1603,5
1487,1928,5
1488,725,5
1488,1675,5
1488,1899,5
1489,1197,5
1489,1490,5
1489,1967,5
1490,1489,5
1490,1655,5
1490,1844,5
1491,1,5
1491,1492,5
1491,1499,5
1492,1438,5
1492,1491,5
1492,1951,5
1493,1495,5
1493,1578,5
1493,1991,5
1494,704,5
1494,1658,5
1494,1890,5
1495,1493,5
1495,1976,5
1495,1990,5
1496,1411,5
1496,1497,5
1496,1611,5
1497,1329,5
1497,1496,5
1497,1950,5
1498,1499,5
1498,1500,5
1498,1521,5
1499,679,5
1499,1491,5
1499,1498,5
1500,628,5
1500,1498,5
1500,1501,5
1501,139,5
1501,1500,5
1501,1815,5
1502,1503,5
1502,1542,5
1502,1553,5
1503,1403,5
1503,1502,5
1503,1569,5
1504,327,5
1504,424,5
1504,1898,5
1505,1445,5
1505,1779,5
1505,1980,5
1506,1508,5
1506,1696,5
1506,1775,5
1507,217,5
1507,1861,5
1507,1863,5
1508,1506,5
1508,1608,5
1508,1921,5
1509,1250,5
1509,1375,5
1509,1512,5
1510,1427,5
1510,1916,5
1510,1982,5
1511,134,5
1511,1234,5
1511,1595,5
1512,68,5
1512,1450,5
1512,1509,5
1513,1514,5
1513,1565,5
1513,1680,5
1514,1513,5
1514,1854,5
1514,1951,5
1515,1517,5
1515,1569,5
1515,1660,5
1516,1548,5
1516,1799,5
1516,1839,5
1517,1134,5
1517,1437,5
1517,1515,5
1518,1654,5
1518,1740,5
1518,1847,5
1519,405,5
1519,1783,5
1519,1939,5
1520,1422,5
1520,1599,5
1520,1960,5
1521,1498,5
1521,1523,5
1521,1590,5
1522,1468,5
1522,1589,5
1522,1888,5
1523,1464,5
1523,1521,5
1523,1525,5
1524,1525,5
1524,1586,5
1524,1659,5
1525,1441,5
1525,1523,5
1525,1524,5
1526,642,5
1526,1529,5
1526,1693,5
1527,1710,5
1527,1730,5
1527,1952,5
1528,102,5
1528,125,5
1528,1471,5
1529,1526,5
1529,1753,5
1529,1850,5
1530,1454,5
1530,1643,5
1530,1688,5
1531,1442,5
1531,1532,5
1531,1963,5
1532,1311,5
1532,1318,5
1532,1531,5
1533,245,5
1533,1388,5
1533,1440,5
1534,1557,5
1534,1733,5
1534,1877,5
1535,1889,5
1535,1988,5
1535,1999,5
1536,1766,5
1536,1782,5
1536,1905,5
1537,1539,5
1537,1584,5
1537,1674,5
1538,1265,5
1538,1397,5
1538,1612,5
1539,526,5
1539,1537,5
1539,1920,5
1540,1544,5
1540,1645,5
1540,1680,5
1541,721,5
1541,1390,5
1541,1819,5
1542,1466,5
1542,1502,5
1542,1773,5
1543,1607,5
1543,1760,5
1543,1951,5
1544,1008,5
1544,1540,5
1544,1931,5
1545,1232,5
1545,1486,5
1545,1940,5
1546,1705,5
1546,1737,5
1546,1973,5
1547,1386,5
1547,1868,5
1547,1956,5
1548,1279,5
1548,1516,5
1548,1549,5
1549,1174,5
1549,1548,5
1549,1928,5
1550,1561,5
1550,1743,5
1550,1945,5
1551,1552,5
1551,1794,5
1551,1951,5
1552,1551,5
1552,1572,5
1552,1582,5
1553,1502,5
1553,1558,5
1553,1629,5
1554,751,5
1554,1967,5
1554,1977,5
1555,1775,5
1555,1830,5
1555,1951,5
1556,1605,5
1556,1780,5
1556,1788,5
1557,1534,5
1557,1820,5
1557,1877,5
1558,1419,5
1558,1553,5
1558,1669,5
1559,701,5
1559,1563,5
1559,1726,5
1560,1343,5
1560,1908,5
1560,1940,5
1561,1550,5
1561,1685,5
1561,1945,5
1562,1626,5
1562,1882,5
1562,1956,5
1563,129,5
1563,1559,5
1563,1857,5
1564,661,5
1564,1971,5
1564,1999,5
1565,1513,5
1565,1567,5
1565,1776,5
1566,585,5
1566,1425,5
1566,1687,5
1567,1396,5
1567,1565,5
1567,1647,5
1568,1395,5
1568,1572,5
1568,1980,5
1569,1503,5
1569,1515,5
1569,1834,5
1570,582,5
1570,1433,5
1570,1846,5
1571,1377,5
1571,1774,5
1571,1869,5
1572,1552,5
1572,1568,5
1572,1582,5
1573,1392,5
1573,1575,5
1573,1608,5
1574,1576,5
1574,1613,5
1574,1974,5
1575,936,5
1575,1573,5
1575,1792,5
1576,1375,5
1576,1574,5
1576,1773,5
1577,844,5
1577,1959,5
1577,1995,5
1578,1493,5
1578,1579,5
1578,1991,5
1579,1134,5
1579,1578,5
1579,1656,5
1580,930,5
1580,1263,5
1580,1998,5
1581,1582,5
1581,1600,5
1581,1764,5
1582,1552,5
1582,1572,5
1582,1581,5
1583,841,5
1583,1584,5
1583,1968,5
1584,267,5
1584,1537,5
1584,1583,5
1585,1226,5
1585,1586,5
1585,1758,5
1586,1207,5
1586,1524,5
1586,1585,5
1587,1165,5
1587,1588,5
1587,2000,5
1588,1587,5
1588,1939,5
1588,1959,5
1589,1522,5
1589,1888,5
1589,1966,5
1590,669,5
1590,1521,5
1590,1591,5
1591,1590,5
1591,1849,5
1591,1914,5
1592,1386,5
1592,1594,5
1592,1709,5
1593,239,5
1593,1597,5
1593,1666,5
1594,1592,5
1594,1721,5
1594,1924,5
1595,90,5
1595,1511,5
1595,1847,5
1596,960,5
1596,1824,5
1596,1918,5
1597,1593,5
1597,1700,5
1597,1829,5
1598,1425,5
1598,1621,5
1598,1687,5
1599,964,5
1599,1520,5
1599,1975,5
1600,1159,5
1600,1581,5
1600,1601,5
1601,592,5
1601,1600,5
1601,1666,5
1602,1673,5
1602,1734,5
1602,1800,5
1603,981,5
1603,1487,5
1603,1985,5
1604,1435,5
1604,1619,5
1604,1632,5
1605,1377,5
1605,1556,5
1605,1771,5
1606,835,5
1606,1943,5
1606,1987,5
1607,1348,5
1607,1543,5
1607,1951,5
1608,1508,5
1608,1573,5
1608,1792,5
1609,704,5
1609,1622,5
1609,1890,5
1610,1611,5
1610,1623,5
1610,1991,5
1611,1411,5
1611,1496,5
1611,1610,5
1612,1538,5
1612,1673,5
1612,1834,5
1613,1574,5
1613,1615,5
1613,1974,5
1614,1397,5
1614,1447,5
1614,1673,5
1615,468,5
1615,1613,5
1615,1691,5
1616,1358,5
1616,1618,5
1616,1964,5
1617,359,5
1617,1916,5
1617,1982,5
1618,887,5
1618,1616,5
1618,1629,5
1619,1604,5
1619,1623,5
1619,1634,5
1620,755,5
1620,1858,5
1620,1982,5
1621,1425,5
1621,1598,5
1621,1687,5
1622,843,5
1622,1609,5
1622,1890,5
1623,1610,5
1623,1619,5
1623,1991,5
1624,889,5
1624,1867,5
1624,1877,5
1625,1155,5
1625,1626,5
1625,1857,5
1626,1562,5
1626,1625,5
1626,1832,5
1627,320,5
1627,1819,5
1627,1846,5
1628,851,5
1628,1111,5
1628,1975,5
1629,1553,5
1629,1618,5
1629,1631,5
1630,1214,5
1630,1314,5
1630,1982,5
1631,181,5
1631,1629,5
1631,1921,5
1632,596,5
1632,1604,5
1632,1634,5
1633,1751,5
1633,1767,5
1633,1847,5
1634,1619,5
1634,1632,5
1634,1957,5
1635,99,5
1635,1637,5
1635,1891,5
1636,121,5
1636,1790,5
1636,1996,5
1637,669,5
1637,1635,5
1637,1658,5
1638,1430,5
1638,1724,5
1638,1989,5
1639,1704,5
1639,1706,5
1639,1999,5
1640,1365,5
1640,1956,5
1640,1989,5
1641,89,5
1641,1078,5
1641,1360,5
1642,1256,5
1642,1416,5
1642,1843,5
1643,1326,5
1643,1530,5
1643,1645,5
1644,130,5
1644,1933,5
1644,1942,5
1645,1540,5
1645,1643,5
1645,1776,5
1646,1286,5
1646,1647,5
1646,1957,5
1647,1429,5
1647,1567,5
1647,1646,5
1648,1652,5
1648,1736,5
1648,1942,5
1649,357,5
1649,1650,5
1649,1677,5
1650,1432,5
1650,1649,5
1650,1669,5
1651,690,5
1651,1653,5
1651,1758,5
1652,1648,5
1652,1688,5
1652,1736,5
1653,1400,5
1653,1424,5
1653,1651,5
1654,270,5
1654,1518,5
1654,1866,5
1655,1490,5
1655,1844,5
1655,1963,5
1656,1000,5
1656,1579,5
1656,1657,5
1657,1243,5
1657,1656,5
1657,1931,5
1658,400,5
1658,1494,5
1658,1637,5
1659,1524,5
1659,1660,5
1659,1798,5
1660,1515,5
1660,1659,5
1660,1697,5
1661,7,5
1661,91,5
1661,1663,5
1662,1245,5
1662,1665,5
1662,1811,5
1663,1051,5
1663,1389,5
1663,1661,5
1664,742,5
1664,1923,5
1664,1985,5
1665,1369,5
1665,1662,5
1665,1940,5
1666,1593,5
1666,1601,5
1666,1667,5
1667,65,5
1667,1666,5
1667,1948,5
1668,1376,5
1668,1669,5
1668,1980,5
1669,1558,5
1669,1650,5
1669,1668,5
1670,400,5
1670,818,5
1670,1825,5
1671,1000,5
1671,1674,5
1671,1698,5
1672,38,5
1672,1455,5
1672,1912,5
1673,1602,5
1673,1612,5
1673,1614,5
1674,1537,5
1674,1671,5
1674,1677,5
1675,406,5
1675,1488,5
1675,1875,5
1676,1179,5
1676,1916,5
1676,1982,5
1677,1649,5
1677,1674,5
1677,1678,5
1678,1006,5
1678,1677,5
1678,1963,5
1679,1483,5
1679,1833,5
1679,1866,5
1680,1513,5
1680,1540,5
1680,1682,5
1681,1113,5
1681,1957,5
1681,1989,5
1682,82,5
1682,1680,5
1682,1974,5
1683,1685,5
1683,1759,5
1683,1901,5
1684,479,5
1684,1808,5
1684,1938,5
1685,1561,5
1685,1683,5
1685,1825,5
1686,1688,5
1686,1698,5
1686,1699,5
1687,1566,5
1687,1598,5
1687,1621,5
1688,1530,5
1688,1652,5
1688,1686,5
1689,1337,5
1689,1690,5
1689,1700,5
1690,1689,5
1690,1713,5
1690,1802,5
1691,908,5
1691,1615,5
1691,1964,5
1692,1843,5
1692,1895,5
1692,1935,5
1693,1061,5
1693,1526,5
1693,1696,5
1694,1133,5
1694,1805,5
1694,1864,5
1695,1448,5
1695,1745,5
1695,1997,5
1696,1506,5
1696,1693,5
1696,1775,5
1697,221,5
1697,1660,5
1697,1698,5
1698,1671,5
1698,1686,5
1698,1697,5
1699,1686,5
1699,1838,5
1699,1955,5
1700,1597,5
1700,1689,5
1700,1703,5
1701,531,5
1701,1752,5
1701,1879,5
1702,1722,5
1702,1784,5
1702,1898,5
1703,200,5
1703,1700,5
1703,1850,5
1703,1963,5
1704,1477,5
1704,1639,5
1704,1705,5
1704,1999,5
1705,1313,5
1705,1546,5
1705,1704,5
1705,1973,5
1706,1639,5
1706,1785,5
1706,1949,5
1706,1971,5
1707,489,5
1707,1894,5
1707,1921,5
1707,1930,5
1708,239,5
1708,592,5
1708,1709,5
1708,1985,5
1709,1461,5
1709,1592,5
1709,1708,5
1709,1956,5
1710,1527,5
1710,1712,5
1710,1730,5
1710,1935,5
1711,1720,5
1711,1873,5
1711,1893,5
1711,1975,5
1712,211,5
1712,1470,5
1712,1710,5
1712,1997,5
1713,1470,5
1713,1690,5
1713,1949,5
1713,1997,5
1714,347,5
1714,1464,5
1714,1917,5
1714,1964,5
1715,1758,5
1715,1804,5
1715,1807,5
1715,1948,5
1716,832,5
1716,1923,5
1716,1949,5
1716,1985,5
1717,686,5
1717,1718,5
1717,1861,5
1717,1863,5
1718,1717,5
1718,1772,5
1718,1783,5
1718,1959,5
1719,1720,5
1719,1853,5
1719,1865,5
1719,1897,5
1720,532,5
1720,1711,5
1720,1719,5
1720,1960,5
1721,1594,5
1721,1722,5
1721,1925,5
1721,1934,5
1722,1702,5
1722,1721,5
1722,1898,5
1722,2000,5
1723,242,5
1723,1005,5
1723,1954,5
1723,1962,5
1724,1430,5
1724,1638,5
1724,1979,5
1724,1981,5
1725,1727,5
1725,1747,5
1725,1765,5
1725,1973,5
1726,452,5
1726,845,5
1726,1559,5
1726,1901,5
1727,1439,5
1727,1725,5
1727,1764,5
1727,1967,5
1728,1065,5
1728,1367,5
1728,1406,5
1728,1845,5
1729,581,5
1729,1880,5
1729,1883,5
1729,1988,5
1730,1527,5
1730,1710,5
1730,1909,5
1730,1935,5
1731,1410,5
1731,1793,5
1731,1963,5
1731,1988,5
1732,32,5
1732,1733,5
1732,1804,5
1732,1861,5
1733,558,5
1733,1534,5
1733,1732,5
1733,1867,5
1734,1602,5
1734,1735,5
1734,1800,5
1734,1801,5
1735,1175,5
1735,1734,5
1735,1966,5
1735,1991,5
1736,1030,5
1736,1648,5
1736,1652,5
1736,1942,5
1737,1546,5
1737,1738,5
1737,1765,5
1737,1973,5
1738,843,5
1738,1300,5
1738,1737,5
1738,1958,5
1739,1398,5
1739,1740,5
1739,1824,5
1739,1992,5
1740,1518,5
1740,1739,5
1740,1769,5
1740,1978,5
1741,1742,5
1741,1785,5
1741,1949,5
1741,1971,5
1742,221,5
1742,1741,5
1742,1833,5
1742,1978,5
1743,235,5
1743,1550,5
1743,1746,5
1743,1945,5
1744,384,5
1744,982,5
1744,1002,5
1744,1449,5
1745,1695,5
1745,1818,5
1745,1970,5
1745,1993,5
1746,1340,5
1746,1463,5
1746,1743,5
1746,1794,5
1747,1475,5
1747,1725,5
1747,1751,5
1747,1994,5
1748,1382,5
1748,1822,5
1748,1952,5
1748,1984,5
1749,1207,5
1749,1893,5
1749,1960,5
1749,1975,5
1750,880,5
1750,1468,5
1750,1888,5
1750,1953,5
1751,1633,5
1751,1747,5
1751,1767,5
1751,1978,5
1752,1701,5
1752,1753,5
1752,1770,5
1752,1879,5
1753,1529,5
1753,1752,5
1753,1850,5
1753,1963,5
1754,1308,5
1754,1756,5
1754,1971,5
1754,1986,5
1755,116,5
1755,496,5
1755,701,5
1755,1969,5
1756,1754,5
1756,1779,5
1756,1906,5
1756,1922,5
1757,366,5
1757,1924,5
1757,1979,5
1757,1981,5
1758,1585,5
1758,1651,5
1758,1715,5
1758,1948,5
1759,564,5
1759,1683,5
1759,1901,5
1759,1969,5
1760,1463,5
1760,1543,5
1760,1761,5
1760,1854,5
1761,490,5
1761,744,5
1761,1760,5
1761,1875,5
1762,146,5
1762,1763,5
1762,1842,5
1762,1929,5
1763,1322,5
1763,1468,5
1763,1762,5
1763,1953,5
1764,1581,5
1764,1727,5
1764,1767,5
1764,1977,5
1765,1725,5
1765,1737,5
1765,1769,5
1765,1994,5
1766,790,5
1766,1536,5
1766,1852,5
1766,1905,5
1767,1633,5
1767,1751,5
1767,1764,5
1767,1978,5
1768,1147,5
1768,1359,5
1768,1983,5
1768,1984,5
1769,1483,5
1769,1740,5
1769,1765,5
1769,1866,5
1770,1080,5
1770,1402,5
1770,1752,5
1770,1879,5
1771,1418,5
1771,1605,5
1771,1772,5
1771,1803,5
1772,1718,5
1772,1771,5
1772,1783,5
1772,1959,5
1773,1542,5
1773,1576,5
1773,1887,5
1773,1995,5
1774,944,5
1774,1571,5
1774,1776,5
1774,1803,5
1775,1506,5
1775,1555,5
1775,1696,5
1775,1830,5
1776,1565,5
1776,1645,5
1776,1774,5
1776,1984,5
1777,1434,5
1777,1462,5
1777,1778,5
1777,1879,5
1778,1333,5
1778,1777,5
1778,1794,5
1778,1854,5
1779,1505,5
1779,1756,5
1779,1780,5
1779,1906,5
1780,1556,5
1780,1779,5
1780,1788,5
1780,1891,5
1781,761,5
1781,1123,5
1781,1392,5
1781,1792,5
1782,790,5
1782,1536,5
1782,1899,5
1782,1908,5
1783,1519,5
1783,1718,5
1783,1772,5
1783,1939,5
1784,657,5
1784,1702,5
1784,1785,5
1784,1872,5
1785,1706,5
1785,1741,5
1785,1784,5
1785,1986,5
1786,749,5
1786,797,5
1786,1790,5
1786,1996,5
1787,681,5
1787,838,5
1787,1849,5
1787,1864,5
1788,1556,5
1788,1780,5
1788,1789,5
1788,1891,5
1789,802,5
1789,1788,5
1789,1887,5
1789,1959,5
1790,649,5
1790,1636,5
1790,1786,5
1790,1792,5
1791,179,5
1791,954,5
1791,1347,5
1791,1799,5
1792,1575,5
1792,1608,5
1792,1781,5
1792,1790,5
1793,1321,5
1793,1731,5
1793,1883,5
1793,1957,5
1794,1463,5
1794,1551,5
1794,1746,5
1794,1778,5
1795,584,5
1795,767,5
1795,1815,5
1795,1976,5
1796,1045,5
1796,1919,5
1796,1956,5
1796,1996,5
1797,425,5
1797,1798,5
1797,1886,5
1797,1902,5
1798,1451,5
1798,1659,5
1798,1797,5
1798,1975,5
1799,1082,5
1799,1516,5
1799,1791,5
1799,1896,5
1800,251,5
1800,1602,5
1800,1734,5
1800,1801,5
1801,1734,5
1801,1800,5
1801,1802,5
1801,1816,5
1802,899,5
1802,1690,5
1802,1801,5
1802,1997,5
1803,1418,5
1803,1771,5
1803,1774,5
1803,1805,5
1804,690,5
1804,1715,5
1804,1732,5
1804,1948,5
1805,1133,5
1805,1694,5
1805,1803,5
1805,1864,5
1806,1808,5
1806,1822,5
1806,1840,5
1806,1935,5
1807,1366,5
1807,1480,5
1807,1715,5
1807,1946,5
1808,479,5
1808,1684,5
1808,1806,5
1808,1978,5
1809,125,5
1809,241,5
1809,766,5
1809,1987,5
1810,1387,5
1810,1455,5
1810,1912,5
1810,1987,5
1811,983,5
1811,1245,5
1811,1471,5
1811,1662,5
1812,1850,5
1812,1880,5
1812,1883,5
1812,1981,5
1813,775,5
1813,1875,5
1813,1981,5
1813,1987,5
1814,523,5
1814,1816,5
1814,1937,5
1814,1994,5
1815,499,5
1815,1501,5
1815,1795,5
1815,1976,5
1816,1265,5
1816,1801,5
1816,1814,5
1816,1979,5
1817,1452,5
1817,1818,5
1817,1884,5
1817,1908,5
1818,1745,5
1818,1817,5
1818,1993,5
1818,1997,5
1819,1472,5
1819,1541,5
1819,1627,5
1819,1820,5
1820,1557,5
1820,1819,5
1820,1915,5
1820,1926,5
1821,313,5
1821,1432,5
1821,1822,5
1821,1994,5
1822,1748,5
1822,1806,5
1822,1821,5
1822,1983,5
1823,120,5
1823,1824,5
1823,1855,5
1823,1867,5
1824,1458,5
1824,1596,5
1824,1739,5
1824,1823,5
1825,1670,5
1825,1685,5
1825,1826,5
1825,1945,5
1826,1421,5
1826,1825,5
1826,1923,5
1826,1928,5
1827,1337,5
1827,1828,5
1827,1829,5
1827,1981,5
1828,951,5
1828,1455,5
1828,1827,5
1828,1912,5
1829,1597,5
1829,1827,5
1829,1830,5
1829,1981,5
1830,1555,5
1830,1775,5
1830,1829,5
1830,1854,5
1831,549,5
1831,1210,5
1831,1983,5
1831,1984,5
1832,1626,5
1832,1833,5
1832,1842,5
1832,1929,5
1833,1679,5
1833,1742,5
1833,1832,5
1833,1978,5
1834,1447,5
1834,1569,5
1834,1612,5
1834,1981,5
1835,627,5
1835,807,5
1835,916,5
1835,1962,5
1836,478,5
1836,1842,5
1836,1868,5
1836,1878,5
1837,1298,5
1837,1838,5
1837,1988,5
1837,1999,5
1838,951,5
1838,1699,5
1838,1837,5
1838,1912,5
1839,99,5
1839,1516,5
1839,1840,5
1839,1869,5
1839,1896,5
1840,549,5
1840,1806,5
1840,1839,5
1840,1983,5
1840,1984,5
1841,314,5
1841,366,5
1841,1842,5
1841,1955,5
1841,1979,5
1842,1762,5
1842,1832,5
1842,1836,5
1842,1841,5
1842,1882,5
1843,1642,5
1843,1692,5
1843,1844,5
1843,1895,5
1843,1983,5
1844,1410,5
1844,1490,5
1844,1655,5
1844,1843,5
1844,1880,5
1845,102,5
1845,241,5
1845,1728,5
1845,1846,5
1845,1998,5
1846,320,5
1846,1570,5
1846,1627,5
1846,1845,5
1846,1857,5
1847,1518,5
1847,1595,5
1847,1633,5
1847,1848,5
1847,1938,5
1848,1459,5
1848,1847,5
1848,1859,5
1848,1892,5
1848,1994,5
1849,1229,5
1849,1420,5
1849,1591,5
1849,1787,5
1849,1864,5
1850,1486,5
1850,1529,5
1850,1703,5
1850,1753,5
1850,1812,5
1851,1033,5
1851,1366,5
1851,1852,5
1851,1911,5
1851,1946,5
1852,965,5
1852,1766,5
1852,1851,5
1852,1899,5
1852,1910,5
1853,1345,5
1853,1719,5
1853,1854,5
1853,1897,5
1853,1917,5
1854,1514,5
1854,1760,5
1854,1778,5
1854,1830,5
1854,1853,5
1855,120,5
1855,1823,5
1855,1856,5
1855,1915,5
1855,1926,5
1856,377,5
1856,953,5
1856,1161,5
1856,1408,5
1856,1855,5
1857,1155,5
1857,1563,5
1857,1625,5
1857,1846,5
1857,1858,5
1858,1427,5
1858,1620,5
1858,1857,5
1858,1916,5
1858,1982,5
1859,1848,5
1859,1860,5
1859,1892,5
1859,1937,5
1859,1965,5
1860,751,5
1860,1859,5
1860,1907,5
1860,1967,5
1860,1977,5
1861,1507,5
1861,1717,5
1861,1732,5
1861,1862,5
1861,1950,5
1862,1404,5
1862,1861,5
1862,1870,5
1862,1993,5
1862,1997,5
1863,1412,5
1863,1507,5
1863,1717,5
1863,1864,5
1863,1950,5
1864,1694,5
1864,1787,5
1864,1805,5
1864,1849,5
1864,1863,5
1865,771,5
1865,1261,5
1865,1719,5
1865,1917,5
1865,1964,5
1866,1654,5
1866,1679,5
1866,1769,5
1866,1867,5
1866,1903,5
1867,1624,5
1867,1733,5
1867,1823,5
1867,1866,5
1867,1926,5
1868,1547,5
1868,1836,5
1868,1869,5
1868,1913,5
1868,1956,5
1869,954,5
1869,1571,5
1869,1839,5
1869,1868,5
1869,1896,5
1870,167,5
1870,1448,5
1870,1862,5
1870,1993,5
1870,1997,5
1871,131,5
1871,1872,5
1871,1886,5
1871,1902,5
1871,1980,5
1872,341,5
1872,1784,5
1872,1871,5
1872,1931,5
1872,2000,5
1873,158,5
1873,1711,5
1873,1874,5
1873,1885,5
1873,1960,5
1874,109,5
1874,776,5
1874,796,5
1874,1873,5
1874,1933,5
1875,1173,5
1875,1675,5
1875,1761,5
1875,1813,5
1875,1921,5
1876,597,5
1876,1059,5
1876,1289,5
1876,1449,5
1876,1465,5
1877,1534,5
1877,1557,5
1877,1624,5
1877,1878,5
1877,1926,5
1878,514,5
1878,1836,5
1878,1877,5
1878,1913,5
1878,1944,5
1879,1701,5
1879,1752,5
1879,1770,5
1879,1777,5
1879,1880,5
1880,1442,5
1880,1729,5
1880,1812,5
1880,1844,5
1880,1879,5
1881,79,5
1881,1392,5
1881,1882,5
1881,1932,5
1881,1947,5
1882,1562,5
1882,1842,5
1882,1881,5
1882,1913,5
1882,1944,5
1883,96,5
1883,1442,5
1883,1729,5
1883,1793,5
1883,1812,5
1884,1232,5
1884,1817,5
1884,1885,5
1884,1908,5
1884,1910,5
1885,1111,5
1885,1414,5
1885,1873,5
1885,1884,5
1885,1960,5
1886,425,5
1886,1195,5
1886,1797,5
1886,1871,5
1886,1902,5
1887,1375,5
1887,1773,5
1887,1789,5
1887,1888,5
1887,1959,5
1888,1522,5
1888,1589,5
1888,1750,5
1888,1887,5
1888,1953,5
1889,1535,5
1889,1890,5
1889,1949,5
1889,1971,5
1889,1999,5
1890,621,5
1890,1494,5
1890,1609,5
1890,1622,5
1890,1889,5
1891,1635,5
1891,1780,5
1891,1788,5
1891,1892,5
1891,1896,5
1892,1215,5
1892,1848,5
1892,1859,5
1892,1891,5
1892,1994,5
1893,1414,5
1893,1711,5
1893,1749,5
1893,1894,5
1893,1960,5
1894,1349,5
1894,1707,5
1894,1893,5
1894,1930,5
1894,1947,5
1895,1692,5
1895,1843,5
1895,1896,5
1895,1909,5
1895,1952,5
1896,1799,5
1896,1839,5
1896,1869,5
1896,1891,5
1896,1895,5
1897,228,5
1897,1719,5
1897,1853,5
1897,1898,5
1897,1964,5
1898,829,5
1898,1504,5
1898,1702,5
1898,1722,5
1898,1897,5
1899,1135,5
1899,1488,5
1899,1782,5
1899,1852,5
1899,1900,5
1900,13,5
1900,1322,5
1900,1899,5
1900,1953,5
1900,1991,5
1901,1167,5
1901,1683,5
1901,1726,5
1901,1759,5
1901,1902,5
1902,1797,5
1902,1871,5
1902,1886,5
1902,1901,5
1902,1906,5
1903,1234,5
1903,1483,5
1903,1866,5
1903,1904,5
1903,1938,5
1904,360,5
1904,463,5
1904,1903,5
1904,1967,5
1904,1977,5
1905,782,5
1905,1536,5
1905,1766,5
1905,1906,5
1905,1910,5
1906,1756,5
1906,1779,5
1906,1902,5
1906,1905,5
1906,1922,5
1907,1439,5
1907,1860,5
1907,1908,5
1907,1967,5
1907,1977,5
1908,1369,5
1908,1560,5
1908,1782,5
1908,1817,5
1908,1884,5
1908,1907,5
1909,789,5
1909,1359,5
1909,1730,5
1909,1895,5
1909,1910,5
1909,1935,5
1910,49,5
1910,1176,5
1910,1852,5
1910,1884,5
1910,1905,5
1910,1909,5
1911,913,5
1911,1480,5
1911,1851,5
1911,1912,5
1911,1946,5
1911,1950,5
1912,38,5
1912,1672,5
1912,1810,5
1912,1828,5
1912,1838,5
1912,1911,5
1913,1230,5
1913,1868,5
1913,1878,5
1913,1882,5
1913,1915,5
1913,1944,5
1914,838,5
1914,1299,5
1914,1478,5
1914,1591,5
1914,1921,5
1914,1930,5
1915,267,5
1915,1089,5
1915,1820,5
1915,1855,5
1915,1913,5
1915,1926,5
1916,261,5
1916,1510,5
1916,1617,5
1916,1676,5
1916,1858,5
1916,1917,5
1917,228,5
1917,1714,5
1917,1853,5
1917,1865,5
1917,1916,5
1917,1964,5
1918,960,5
1918,1436,5
1918,1596,5
1918,1919,5
1918,1972,5
1918,1974,5
1919,121,5
1919,264,5
1919,1426,5
1919,1796,5
1919,1918,5
1919,1996,5
1920,437,5
1920,517,5
1920,526,5
1920,565,5
1920,1539,5
1920,1922,5
1921,1508,5
1921,1631,5
1921,1707,5
1921,1875,5
1921,1914,5
1921,1947,5
1922,934,5
1922,1376,5
1922,1756,5
1922,1906,5
1922,1920,5
1922,1980,5
1923,613,5
1923,1664,5
1923,1716,5
1923,1826,5
1923,1924,5
1923,1985,5
1924,1594,5
1924,1757,5
1924,1923,5
1924,1934,5
1924,1955,5
1924,1981,5
1925,939,5
1925,1721,5
1925,1929,5
1925,1930,5
1925,1934,5
1925,1979,5
1926,1820,5
1926,1855,5
1926,1867,5
1926,1877,5
1926,1915,5
1926,1927,5
1927,112,5
1927,593,5
1927,884,5
1927,1104,5
1927,1389,5
1927,1926,5
1928,77,5
1928,1421,5
1928,1487,5
1928,1549,5
1928,1826,5
1928,1931,5
1929,146,5
1929,1762,5
1929,1832,5
1929,1925,5
1929,1932,5
1929,1944,5
1930,1047,5
1930,1707,5
1930,1894,5
1930,1914,5
1930,1925,5
1930,1932,5
1931,709,5
1931,1008,5
1931,1243,5
1931,1544,5
1931,1657,5
1931,1872,5
1931,1928,5
1932,324,5
1932,936,5
1932,1881,5
1932,1929,5
1932,1930,5
1932,1933,5
1932,1947,5
1933,130,5
1933,351,5
1933,1644,5
1933,1874,5
1933,1932,5
1933,1936,5
1933,1942,5
1934,1721,5
1934,1924,5
1934,1925,5
1934,1935,5
1934,1955,5
1934,1979,5
1934,1981,5
1935,1692,5
1935,1710,5
1935,1730,5
1935,1806,5
1935,1909,5
1935,1934,5
1935,1983,5
1936,59,5
1936,1126,5
1936,1202,5
1936,1292,5
1936,1933,5
1936,1938,5
1936,1962,5
1937,1419,5
1937,1814,5
1937,1859,5
1937,1941,5
1937,1965,5
1937,1973,5
1937,1994,5
1938,1357,5
1938,1684,5
1938,1847,5
1938,1903,5
1938,1936,5
1938,1939,5
1938,1978,5
1939,405,5
1939,1519,5
1939,1588,5
1939,1783,5
1939,1938,5
1939,1940,5
1939,1995,5
1940,1369,5
1940,1452,5
1940,1545,5
1940,1560,5
1940,1665,5
1940,1939,5
1940,1943,5
1941,63,5
1941,304,5
1941,559,5
1941,894,5
1941,895,5
1941,1277,5
1941,1937,5
1942,729,5
1942,1087,5
1942,1644,5
1942,1648,5
1942,1736,5
1942,1933,5
1942,1945,5
1943,406,5
1943,775,5
1943,835,5
1943,1606,5
1943,1940,5
1943,1944,5
1943,1987,5
1944,1355,5
1944,1878,5
1944,1882,5
1944,1913,5
1944,1929,5
1944,1943,5
1944,1952,5
1945,585,5
1945,1462,5
1945,1550,5
1945,1561,5
1945,1743,5
1945,1825,5
1945,1942,5
1946,65,5
1946,1451,5
1946,1807,5
1946,1851,5
1946,1911,5
1946,1948,5
1946,1950,5
1947,232,5
1947,1137,5
1947,1881,5
1947,1894,5
1947,1921,5
1947,1932,5
1947,1950,5
1948,186,5
1948,1667,5
1948,1715,5
1948,1758,5
1948,1804,5
1948,1946,5
1948,1950,5
1949,142,5
1949,1706,5
1949,1713,5
1949,1716,5
1949,1741,5
1949,1889,5
1949,1999,5
1950,1497,5
1950,1861,5
1950,1863,5
1950,1911,5
1950,1946,5
1950,1947,5
1950,1948,5
1951,1492,5
1951,1514,5
1951,1543,5
1951,1551,5
1951,1555,5
1951,1607,5
1951,1953,5
1952,1474,5
1952,1527,5
1952,1748,5
1952,1895,5
1952,1944,5
1952,1959,5
1952,1983,5
1953,385,5
1953,1750,5
1953,1763,5
1953,1888,5
1953,1900,5
1953,1951,5
1953,1966,5
1954,242,5
1954,1292,5
1954,1344,5
1954,1444,5
1954,1465,5
1954,1723,5
1954,1958,5
1955,225,5
1955,668,5
1955,1699,5
1955,1841,5
1955,1924,5
1955,1934,5
1955,1994,5
1956,1547,5
1956,1562,5
1956,1640,5
1956,1709,5
1956,1796,5
1956,1868,5
1956,1957,5
1957,1113,5
1957,1286,5
1957,1634,5
1957,1646,5
1957,1681,5
1957,1793,5
1957,1956,5
1958,171,5
1958,408,5
1958,504,5
1958,865,5
1958,994,5
1958,1266,5
1958,1738,5
1958,1954,5
1959,1577,5
1959,1588,5
1959,1718,5
1959,1772,5
1959,1789,5
1959,1887,5
1959,1952,5
1959,1962,5
1960,1422,5
1960,1520,5
1960,1720,5
1960,1749,5
1960,1873,5
1960,1885,5
1960,1893,5
1960,1961,5
1961,163,5
1961,447,5
1961,506,5
1961,536,5
1961,723,5
1961,1058,5
1961,1235,5
1961,1960,5
1962,601,5
1962,1295,5
1962,1332,5
1962,1723,5
1962,1835,5
1962,1936,5
1962,1959,5
1962,1963,5
1963,1531,5
1963,1655,5
1963,1678,5
1963,1703,5
1963,1731,5
1963,1753,5
1963,1962,5
1963,1965,5
1964,187,5
1964,1464,5
1964,1616,5
1964,1691,5
1964,1714,5
1964,1865,5
1964,1897,5
1964,1917,5
1965,1419,5
1965,1457,5
1965,1459,5
1965,1859,5
1965,1937,5
1965,1963,5
1965,1966,5
1965,1994,5
1966,41,5
1966,880,5
1966,1589,5
1966,1735,5
1966,1953,5
1966,1965,5
1966,1968,5
1966,1991,5
1967,1197,5
1967,1489,5
1967,1554,5
1967,1727,5
1967,1860,5
1967,1904,5
1967,1907,5
1967,1969,5
1968,380,5
1968,392,5
1968,817,5
1968,1051,5
1968,1218,5
1968,1583,5
1968,1966,5
1968,1970,5
1969,147,5
1969,274,5
1969,1031,5
1969,1164,5
1969,1167,5
1969,1755,5
1969,1759,5
1969,1967,5
1970,211,5
1970,556,5
1970,804,5
1970,1424,5
1970,1745,5
1970,1968,5
1970,1971,5
1970,1993,5
1970,1997,5
1971,1564,5
1971,1706,5
1971,1741,5
1971,1754,5
1971,1889,5
1971,1970,5
1971,1972,5
1971,1988,5
1971,1999,5
1972,777,5
1972,864,5
1972,1220,5
1972,1398,5
1972,1458,5
1972,1918,5
1972,1971,5
1972,1973,5
1972,1992,5
1973,1475,5
1973,1546,5
1973,1705,5
1973,1725,5
1973,1737,5
1973,1937,5
1973,1972,5
1973,1974,5
1973,1994,5
1974,198,5
1974,1398,5
1974,1453,5
1974,1574,5
1974,1613,5
1974,1682,5
1974,1918,5
1974,1973,5
1974,1975,5
1975,143,5
1975,762,5
1975,1599,5
1975,1628,5
1975,1711,5
1975,1749,5
1975,1798,5
1975,1974,5
1975,1976,5
1976,255,5
1976,909,5
1976,1407,5
1976,1495,5
1976,1795,5
1976,1815,5
1976,1975,5
1976,1977,5
1976,1990,5
1977,1138,5
1977,1439,5
1977,1554,5
1977,1764,5
1977,1860,5
1977,1904,5
1977,1907,5
1977,1976,5
1977,1978,5
1978,1740,5
1978,1742,5
1978,1751,5
1978,1767,5
1978,1808,5
1978,1833,5
1978,1938,5
1978,1977,5
1978,1979,5
1979,1430,5
1979,1724,5
1979,1757,5
1979,1816,5
1979,1841,5
1979,1925,5
1979,1934,5
1979,1978,5
1979,1983,5
1980,338,5
1980,341,5
1980,1088,5
1980,1376,5
1980,1484,5
1980,1505,5
1980,1568,5
1980,1668,5
1980,1871,5
1980,1922,5
1981,812,5
1981,1724,5
1981,1757,5
1981,1812,5
1981,1813,5
1981,1827,5
1981,1829,5
1981,1834,5
1981,1924,5
1981,1934,5
1982,1370,5
1982,1427,5
1982,1510,5
1982,1617,5
1982,1620,5
1982,1630,5
1982,1676,5
1982,1858,5
1982,1983,5
1982,1984,5
1983,1768,5
1983,1822,5
1983,1831,5
1983,1840,5
1983,1843,5
1983,1935,5
1983,1952,5
1983,1979,5
1983,1982,5
1983,1984,5
1984,846,5
1984,959,5
1984,1748,5
1984,1768,5
1984,1776,5
1984,1831,5
1984,1840,5
1984,1982,5
1984,1983,5
1984,1986,5
1985,15,5
1985,16,5
1985,387,5
1985,1174,5
1985,1421,5
1985,1603,5
1985,1664,5
1985,1708,5
1985,1716,5
1985,1923,5
1986,175,5
1986,1308,5
1986,1330,5
1986,1335,5
1986,1350,5
1986,1754,5
1986,1785,5
1986,1984,5
1986,1990,5
1986,1999,5
1987,163,5
1987,291,5
1987,525,5
1987,629,5
1987,723,5
1987,1166,5
1987,1606,5
1987,1809,5
1987,1810,5
1987,1813,5
1987,1943,5
1988,107,5
1988,422,5
1988,905,5
1988,1298,5
1988,1335,5
1988,1535,5
1988,1729,5
1988,1731,5
1988,1837,5
1988,1971,5
1988,1999,5
1989,316,5
1989,530,5
1989,596,5
1989,831,5
1989,872,5
1989,933,5
1989,1241,5
1989,1385,5
1989,1638,5
1989,1640,5
1989,1681,5
1990,139,5
1990,255,5
1990,358,5
1990,909,5
1990,1189,5
1990,1252,5
1990,1294,5
1990,1495,5
1990,1976,5
1990,1986,5
1990,1991,5
1991,1381,5
1991,1460,5
1991,1473,5
1991,1493,5
1991,1578,5
1991,1610,5
1991,1623,5
1991,1735,5
1991,1900,5
1991,1966,5
1991,1990,5
1991,1995,5
1992,82,5
1992,100,5
1992,137,5
1992,180,5
1992,198,5
1992,361,5
1992,772,5
1992,1399,5
1992,1739,5
1992,1972,5
1992,1993,5
1992,1997,5
1993,108,5
1993,374,5
1993,556,5
1993,882,5
1993,1448,5
1993,1745,5
1993,1818,5
1993,1862,5
1993,1870,5
1993,1970,5
1993,1992,5
1993,1996,5
1993,1997,5
1994,394,5
1994,397,5
1994,1191,5
1994,1432,5
1994,1747,5
1994,1765,5
1994,1814,5
1994,1821,5
1994,1848,5
1994,1892,5
1994,1937,5
1994,1955,5
1994,1965,5
1994,1973,5
1995,4,5
1995,205,5
1995,571,5
1995,802,5
1995,806,5
1995,844,5
1995,923,5
1995,945,5
1995,967,5
1995,1188,5
1995,1269,5
1995,1577,5
1995,1773,5
1995,1939,5
1995,1991,5
1996,229,5
1996,649,5
1996,797,5
1996,819,5
1996,911,5
1996,1090,5
1996,1213,5
1996,1426,5
1996,1481,5
1996,1636,5
1996,1786,5
1996,1796,5
1996,1919,5
1996,1993,5
1996,1998,5
1996,1999,5
1997,325,5
1997,543,5
1997,1470,5
1997,1695,5
1997,1712,5
1997,1713,5
1997,1802,5
1997,1818,5
1997,1862,5
1997,1870,5
1997,1970,5
1997,1992,5
1997,1993,5
1998,8,5
1998,35,5
1998,40,5
1998,165,5
1998,214,5
1998,338,5
1998,688,5
1998,786,5
1998,805,5
1998,930,5
1998,973,5
1998,1406,5
1998,1580,5
1998,1845,5
1998,1996,5
1998,1999,5
1998,2000,5
1999,220,5
1999,918,5
1999,1353,5
1999,1477,5
1999,1535,5
1999,1564,5
1999,1639,5
1999,1704,5
1999,1837,5
1999,1889,5
1999,1949,5
1999,1971,5
1999,1986,5
1999,1988,5
1999,1996,5
1999,1998,5
1999,2000,5
2000,60,5
2000,98,5
2000,262,5
2000,513,5
2000,634,5
2000,829,5
2000,978,5
2000,1048,5
2000,1057,5
2000,1165,5
2000,1217,5
2000,1417,5
2000,1454,5
2000,1587,5
2000,1722,5
2000,1872,5
2000,1998,5
2000,1999,5
