1,189,1
1,837,1
2,569,1
2,840,1
3,258,1
3,454,1
4,50,1
4,985,1
5,318,1
5,396,1
6,8,1
6,927,1
7,553,1
7,817,1
8,6,1
8,866,1
9,100,1
9,653,1
10,151,1
10,366,1
11,19,1
11,955,1
12,510,1
12,881,1
13,267,1
13,853,1
14,856,1
14,962,1
15,57,1
15,916,1
16,371,1
16,906,1
17,177,1
17,179,1
18,190,1
18,967,1
19,11,1
19,629,1
20,409,1
20,439,1
21,41,1
21,959,1
22,342,1
22,876,1
23,769,1
23,869,1
24,221,1
24,817,1
25,95,1
25,540,1
26,779,1
26,995,1
27,28,1
27,942,1
28,27,1
28,748,1
29,981,1
29,999,1
30,511,1
30,781,1
31,416,1
31,901,1
32,254,1
32,960,1
33,783,1
33,902,1
34,483,1
34,870,1
35,836,1
35,962,1
36,425,1
36,881,1
37,138,1
37,552,1
38,78,1
38,448,1
39,669,1
39,970,1
40,127,1
40,625,1
41,21,1
41,423,1
42,440,1
42,867,1
43,61,1
43,672,1
44,259,1
44,722,1
45,46,1
45,987,1
46,45,1
46,947,1
47,63,1
47,970,1
48,131,1
48,843,1
49,182,1
49,815,1
50,4,1
50,160,1
51,393,1
51,542,1
52,506,1
52,777,1
53,708,1
53,905,1
54,56,1
54,835,1
55,514,1
55,753,1
56,54,1
56,119,1
57,15,1
57,525,1
58,215,1
58,993,1
59,462,1
59,546,1
60,110,1
60,678,1
61,43,1
61,956,1
62,283,1
62,947,1
63,47,1
63,961,1
64,796,1
64,991,1
65,370,1
65,719,1
66,147,1
66,999,1
67,214,1
67,616,1
68,659,1
68,744,1
69,620,1
69,959,1
70,332,1
70,498,1
71,490,1
71,944,1
72,671,1
72,996,1
73,190,1
73,356,1
74,143,1
74,514,1
75,770,1
75,875,1
76,741,1
76,797,1
77,738,1
77,795,1
78,38,1
78,595,1
79,724,1
79,884,1
80,176,1
80,520,1
81,170,1
81,761,1
82,167,1
82,329,1
83,85,1
83,447,1
84,618,1
84,960,1
85,83,1
85,977,1
86,467,1
86,841,1
87,708,1
87,819,1
88,431,1
88,947,1
89,324,1
89,964,1
90,762,1
90,847,1
91,92,1
91,949,1
92,91,1
92,716,1
93,97,1
93,266,1
94,117,1
94,714,1
95,25,1
95,727,1
96,665,1
96,872,1
97,93,1
97,376,1
98,926,1
98,948,1
99,121,1
99,616,1
100,9,1
100,756,1
101,211,1
101,998,1
102,264,1
102,832,1
103,125,1
103,720,1
104,921,1
104,954,1
105,740,1
105,897,1
106,372,1
106,608,1
107,212,1
107,866,1
108,532,1
108,869,1
109,478,1
109,955,1
110,60,1
110,678,1
111,459,1
111,980,1
112,517,1
112,1000,1
113,643,1
113,911,1
114,880,1
114,998,1
115,472,1
115,555,1
116,822,1
116,875,1
117,94,1
117,969,1
118,950,1
118,989,1
119,56,1
119,988,1
120,265,1
120,398,1
121,99,1
121,697,1
122,185,1
122,592,1
123,747,1
123,980,1
124,886,1
124,945,1
125,103,1
125,997,1
126,873,1
126,973,1
127,40,1
127,954,1
128,737,1
128,940,1
129,400,1
129,928,1
130,731,1
130,937,1
131,48,1
131,735,1
132,245,1
132,640,1
133,222,1
133,226,1
134,246,1
134,716,1
135,140,1
135,928,1
136,387,1
136,656,1
137,303,1
137,989,1
138,37,1
138,182,1
139,433,1
139,940,1
140,135,1
140,810,1
141,551,1
141,957,1
142,314,1
142,829,1
143,74,1
143,668,1
144,230,1
144,570,1
145,729,1
145,812,1
146,192,1
146,297,1
147,66,1
147,631,1
148,254,1
148,878,1
149,152,1
149,984,1
150,770,1
150,940,1
151,10,1
151,737,1
152,149,1
152,989,1
153,911,1
153,936,1
154,378,1
154,775,1
155,364,1
155,959,1
156,950,1
156,989,1
157,159,1
157,877,1
158,213,1
158,216,1
159,157,1
159,365,1
160,50,1
160,969,1
161,415,1
161,698,1
162,210,1
162,534,1
163,621,1
163,758,1
164,168,1
164,609,1
165,317,1
165,803,1
166,495,1
166,994,1
167,82,1
167,915,1
168,164,1
168,331,1
169,292,1
169,297,1
170,81,1
170,793,1
171,231,1
171,521,1
172,398,1
172,751,1
173,426,1
173,976,1
174,344,1
174,457,1
175,402,1
175,919,1
176,80,1
176,917,1
177,17,1
177,944,1
178,571,1
178,796,1
179,17,1
179,440,1
180,723,1
180,866,1
181,186,1
181,993,1
182,49,1
182,138,1
183,923,1
183,931,1
184,822,1
184,997,1
185,122,1
185,315,1
186,181,1
186,561,1
187,479,1
187,926,1
188,474,1
188,924,1
189,1,1
189,760,1
190,18,1
190,73,1
191,905,1
191,965,1
192,146,1
192,287,1
193,209,1
193,982,1
194,874,1
194,898,1
195,909,1
195,929,1
196,289,1
196,980,1
197,275,1
197,419,1
198,421,1
198,489,1
199,847,1
199,960,1
200,293,1
200,990,1
201,743,1
201,970,1
202,518,1
202,751,1
203,888,1
203,979,1
204,207,1
204,550,1
205,824,1
205,984,1
206,383,1
206,607,1
207,204,1
207,999,1
208,211,1
208,714,1
209,193,1
209,651,1
210,162,1
210,977,1
211,101,1
211,208,1
212,107,1
212,217,1
213,158,1
213,550,1
214,67,1
214,548,1
215,58,1
215,838,1
216,158,1
216,960,1
217,212,1
217,384,1
218,841,1
218,915,1
219,870,1
219,972,1
220,367,1
220,919,1
221,24,1
221,296,1
222,133,1
222,337,1
223,519,1
223,790,1
224,522,1
224,523,1
225,566,1
225,993,1
226,133,1
226,995,1
227,575,1
227,938,1
228,548,1
228,919,1
229,888,1
229,986,1
230,144,1
230,890,1
231,171,1
231,603,1
232,235,1
232,894,1
233,663,1
233,971,1
234,358,1
234,936,1
235,232,1
235,680,1
236,289,1
236,362,1
237,681,1
237,912,1
238,635,1
238,831,1
239,529,1
239,872,1
240,280,1
240,799,1
241,250,1
241,565,1
242,747,1
242,971,1
243,658,1
243,961,1
244,248,1
244,984,1
245,132,1
245,691,1
246,134,1
246,880,1
247,699,1
247,717,1
248,244,1
248,586,1
249,699,1
249,701,1
250,241,1
250,820,1
251,594,1
251,828,1
252,253,1
252,662,1
253,252,1
253,308,1
254,32,1
254,148,1
255,299,1
255,993,1
256,395,1
256,482,1
257,394,1
257,739,1
258,3,1
258,821,1
259,44,1
259,647,1
260,499,1
260,562,1
261,958,1
261,1000,1
262,582,1
262,781,1
263,350,1
263,793,1
264,102,1
264,907,1
265,120,1
265,757,1
266,93,1
266,780,1
267,13,1
267,922,1
268,643,1
268,979,1
269,630,1
269,999,1
270,411,1
270,942,1
271,669,1
271,781,1
272,599,1
272,964,1
273,339,1
273,649,1
274,765,1
274,901,1
275,197,1
275,547,1
276,277,1
276,598,1
277,276,1
277,761,1
278,392,1
278,605,1
279,478,1
279,854,1
280,240,1
280,281,1
281,280,1
281,898,1
282,794,1
282,968,1
283,62,1
283,794,1
284,991,1
284,993,1
285,664,1
285,844,1
286,309,1
286,990,1
287,192,1
287,884,1
288,319,1
288,823,1
289,196,1
289,236,1
290,402,1
290,683,1
291,764,1
291,813,1
292,169,1
292,492,1
293,200,1
293,937,1
294,744,1
294,846,1
295,778,1
295,1000,1
296,221,1
296,357,1
297,146,1
297,169,1
298,687,1
298,723,1
299,255,1
299,991,1
300,583,1
300,975,1
301,306,1
301,416,1
302,336,1
302,408,1
303,137,1
303,806,1
304,817,1
304,977,1
305,798,1
305,962,1
306,301,1
306,414,1
307,309,1
307,465,1
308,253,1
308,965,1
309,286,1
309,307,1
310,373,1
310,751,1
311,786,1
311,946,1
312,945,1
312,977,1
313,702,1
313,913,1
314,142,1
314,753,1
315,185,1
315,932,1
316,360,1
316,835,1
317,165,1
317,341,1
318,5,1
318,757,1
319,288,1
319,334,1
320,380,1
320,555,1
321,414,1
321,982,1
322,624,1
322,929,1
323,464,1
323,868,1
324,89,1
324,614,1
325,369,1
325,902,1
326,954,1
326,982,1
327,329,1
327,930,1
328,524,1
328,935,1
329,82,1
329,327,1
330,331,1
330,406,1
331,168,1
331,330,1
332,70,1
332,484,1
333,438,1
333,776,1
334,319,1
334,956,1
335,343,1
335,966,1
336,302,1
336,789,1
337,222,1
337,600,1
338,365,1
338,803,1
339,273,1
339,660,1
340,894,1
340,967,1
341,317,1
341,972,1
342,22,1
342,373,1
343,335,1
343,969,1
344,174,1
344,709,1
345,915,1
345,968,1
346,790,1
346,914,1
347,349,1
347,771,1
348,983,1
348,1000,1
349,347,1
349,823,1
350,263,1
350,535,1
351,481,1
351,892,1
352,772,1
352,865,1
353,858,1
353,993,1
354,759,1
354,848,1
355,666,1
355,689,1
356,73,1
356,944,1
357,296,1
357,853,1
358,234,1
358,930,1
359,412,1
359,945,1
360,316,1
360,464,1
361,490,1
361,974,1
362,236,1
362,629,1
363,583,1
363,830,1
364,155,1
364,367,1
365,159,1
365,338,1
366,10,1
366,749,1
367,220,1
367,364,1
368,471,1
368,639,1
369,325,1
369,890,1
370,65,1
370,461,1
371,16,1
371,502,1
372,106,1
372,975,1
373,310,1
373,342,1
374,656,1
374,989,1
375,732,1
375,980,1
376,97,1
376,584,1
377,424,1
377,789,1
378,154,1
378,736,1
379,811,1
379,922,1
380,320,1
380,889,1
381,893,1
381,933,1
382,862,1
382,1000,1
383,206,1
383,748,1
384,217,1
384,868,1
385,956,1
385,995,1
386,784,1
386,924,1
387,136,1
387,950,1
388,390,1
388,965,1
389,474,1
389,637,1
390,388,1
390,759,1
391,505,1
391,994,1
392,278,1
392,927,1
393,51,1
393,785,1
394,257,1
394,728,1
395,256,1
395,761,1
396,5,1
396,738,1
397,936,1
397,979,1
398,120,1
398,172,1
399,401,1
399,893,1
400,129,1
400,403,1
401,399,1
401,638,1
402,175,1
402,290,1
403,400,1
403,967,1
404,771,1
404,881,1
405,652,1
405,913,1
406,330,1
406,710,1
407,909,1
407,935,1
408,302,1
408,799,1
409,20,1
409,411,1
410,755,1
410,995,1
411,270,1
411,409,1
412,359,1
412,832,1
413,417,1
413,704,1
414,306,1
414,321,1
415,161,1
415,777,1
416,31,1
416,301,1
417,413,1
417,957,1
418,715,1
418,983,1
419,197,1
419,987,1
420,443,1
420,892,1
421,198,1
421,946,1
422,589,1
422,590,1
423,41,1
423,988,1
424,377,1
424,957,1
425,36,1
425,963,1
426,173,1
426,938,1
427,430,1
427,882,1
428,434,1
428,818,1
429,785,1
429,981,1
430,427,1
430,578,1
431,88,1
431,998,1
432,717,1
432,904,1
433,139,1
433,965,1
434,428,1
434,753,1
435,725,1
435,996,1
436,437,1
436,990,1
437,436,1
437,867,1
438,333,1
438,671,1
439,20,1
439,556,1
440,42,1
440,179,1
441,675,1
441,1000,1
442,564,1
442,820,1
443,420,1
443,660,1
444,980,1
444,982,1
445,887,1
445,928,1
446,900,1
446,953,1
447,83,1
447,633,1
448,38,1
448,924,1
449,499,1
449,558,1
450,452,1
450,939,1
451,720,1
451,927,1
452,450,1
452,742,1
453,762,1
453,923,1
454,3,1
454,606,1
455,800,1
455,923,1
456,644,1
456,852,1
457,174,1
457,826,1
458,900,1
458,962,1
459,111,1
459,540,1
460,835,1
460,995,1
461,370,1
461,872,1
462,59,1
462,463,1
463,462,1
463,954,1
464,323,1
464,360,1
465,307,1
465,489,1
466,912,1
466,981,1
467,86,1
467,952,1
468,524,1
468,958,1
469,887,1
469,909,1
470,471,1
470,863,1
471,368,1
471,470,1
472,115,1
472,857,1
473,825,1
473,839,1
474,188,1
474,389,1
475,745,1
475,911,1
476,480,1
476,971,1
477,542,1
477,746,1
478,109,1
478,279,1
479,187,1
479,755,1
480,476,1
480,917,1
481,351,1
481,980,1
482,256,1
482,485,1
483,34,1
483,985,1
484,332,1
484,953,1
485,482,1
485,974,1
486,774,1
486,996,1
487,488,1
487,503,1
488,487,1
488,814,1
489,198,1
489,465,1
490,71,1
490,361,1
491,493,1
491,801,1
492,292,1
492,954,1
493,491,1
493,999,1
494,690,1
494,974,1
495,166,1
495,695,1
496,497,1
496,834,1
497,496,1
497,904,1
498,70,1
498,531,1
499,260,1
499,449,1
500,694,1
500,978,1
501,766,1
501,889,1
502,371,1
502,585,1
503,487,1
503,898,1
504,926,1
504,985,1
505,391,1
505,808,1
506,52,1
506,838,1
507,773,1
507,987,1
508,895,1
508,929,1
509,549,1
509,646,1
510,12,1
510,884,1
511,30,1
511,998,1
512,527,1
512,991,1
513,782,1
513,838,1
514,55,1
514,74,1
515,588,1
515,974,1
516,908,1
516,997,1
517,112,1
517,988,1
518,202,1
518,951,1
519,223,1
519,949,1
520,80,1
520,665,1
521,171,1
521,602,1
522,224,1
522,935,1
523,224,1
523,684,1
524,328,1
524,468,1
525,57,1
525,858,1
526,557,1
526,749,1
527,512,1
527,945,1
528,637,1
528,668,1
529,239,1
529,601,1
530,531,1
530,875,1
531,498,1
531,530,1
532,108,1
532,883,1
533,718,1
533,809,1
534,162,1
534,971,1
535,350,1
535,871,1
536,860,1
536,878,1
537,538,1
537,748,1
538,537,1
538,772,1
539,978,1
539,984,1
540,25,1
540,459,1
541,628,1
541,916,1
542,51,1
542,477,1
543,810,1
543,952,1
544,851,1
544,911,1
545,967,1
545,990,1
546,59,1
546,553,1
547,275,1
547,567,1
548,214,1
548,228,1
549,509,1
549,557,1
550,204,1
550,213,1
551,141,1
551,888,1
552,37,1
552,597,1
553,7,1
553,546,1
554,721,1
554,992,1
555,115,1
555,320,1
556,439,1
556,674,1
557,526,1
557,549,1
558,449,1
558,635,1
559,560,1
559,861,1
560,559,1
560,985,1
561,186,1
561,742,1
562,260,1
562,567,1
563,606,1
563,982,1
564,442,1
564,807,1
565,241,1
565,768,1
566,225,1
566,931,1
567,547,1
567,562,1
568,655,1
568,874,1
569,2,1
569,570,1
570,144,1
570,569,1
571,178,1
571,969,1
572,937,1
572,992,1
573,574,1
573,983,1
574,573,1
574,620,1
575,227,1
575,910,1
576,596,1
576,678,1
577,685,1
577,971,1
578,430,1
578,973,1
579,684,1
579,707,1
580,705,1
580,988,1
581,705,1
581,803,1
582,262,1
582,874,1
583,300,1
583,363,1
584,376,1
584,858,1
585,502,1
585,586,1
586,248,1
586,585,1
587,657,1
587,719,1
588,515,1
588,922,1
589,422,1
589,679,1
590,422,1
590,910,1
591,707,1
591,908,1
592,122,1
592,907,1
593,774,1
593,812,1
594,251,1
594,814,1
595,78,1
595,623,1
596,576,1
596,702,1
597,552,1
597,943,1
598,276,1
598,647,1
599,272,1
599,964,1
600,337,1
600,997,1
601,529,1
601,752,1
602,521,1
602,985,1
603,231,1
603,892,1
604,625,1
604,886,1
605,278,1
605,760,1
606,454,1
606,563,1
607,206,1
607,795,1
608,106,1
608,941,1
609,164,1
609,808,1
610,631,1
610,763,1
611,716,1
611,743,1
612,770,1
612,997,1
613,773,1
613,877,1
614,324,1
614,734,1
615,935,1
615,955,1
616,67,1
616,99,1
617,885,1
617,899,1
618,84,1
618,978,1
619,746,1
619,808,1
620,69,1
620,574,1
621,163,1
621,866,1
622,626,1
622,984,1
623,595,1
623,750,1
624,322,1
624,666,1
625,40,1
625,604,1
626,622,1
626,971,1
627,876,1
627,934,1
628,541,1
628,701,1
629,19,1
629,362,1
630,269,1
630,895,1
631,147,1
631,610,1
632,636,1
632,941,1
633,447,1
633,722,1
634,848,1
634,949,1
635,238,1
635,558,1
636,632,1
636,782,1
637,389,1
637,528,1
638,401,1
638,965,1
639,368,1
639,894,1
640,132,1
640,992,1
641,682,1
641,777,1
642,715,1
642,981,1
643,113,1
643,268,1
644,456,1
644,756,1
645,711,1
645,834,1
646,509,1
646,816,1
647,259,1
647,598,1
648,728,1
648,891,1
649,273,1
649,856,1
650,809,1
650,919,1
651,209,1
651,719,1
652,405,1
652,682,1
653,9,1
653,733,1
654,917,1
654,951,1
655,568,1
655,937,1
656,136,1
656,374,1
657,587,1
657,949,1
658,243,1
658,826,1
659,68,1
659,730,1
660,339,1
660,443,1
661,977,1
661,987,1
662,252,1
662,712,1
663,233,1
663,780,1
664,285,1
664,927,1
665,96,1
665,520,1
666,355,1
666,624,1
667,668,1
667,745,1
667,771,1
668,143,1
668,528,1
668,667,1
669,39,1
669,271,1
669,670,1
670,669,1
670,942,1
670,986,1
671,72,1
671,438,1
671,991,1
672,43,1
672,921,1
672,948,1
673,876,1
673,982,1
673,990,1
674,556,1
674,730,1
674,974,1
675,441,1
675,703,1
675,1000,1
676,745,1
676,788,1
676,818,1
677,679,1
677,968,1
677,986,1
678,60,1
678,110,1
678,576,1
679,589,1
679,677,1
679,844,1
680,235,1
680,853,1
680,873,1
681,237,1
681,696,1
681,815,1
682,641,1
682,652,1
682,683,1
683,290,1
683,682,1
683,697,1
684,523,1
684,579,1
684,816,1
685,577,1
685,805,1
685,996,1
686,742,1
686,841,1
686,985,1
687,298,1
687,786,1
687,934,1
688,692,1
688,896,1
688,986,1
689,355,1
689,912,1
689,915,1
690,494,1
690,764,1
690,974,1
691,245,1
691,879,1
691,992,1
692,688,1
692,791,1
692,893,1
693,756,1
693,764,1
693,833,1
694,500,1
694,860,1
694,984,1
695,495,1
695,791,1
695,883,1
696,681,1
696,861,1
696,865,1
697,121,1
697,683,1
697,698,1
698,161,1
698,697,1
698,996,1
699,247,1
699,249,1
699,818,1
700,727,1
700,927,1
700,992,1
701,249,1
701,628,1
701,934,1
702,313,1
702,596,1
702,910,1
703,675,1
703,983,1
703,1000,1
704,413,1
704,778,1
704,873,1
705,580,1
705,581,1
705,794,1
706,825,1
706,906,1
706,984,1
707,579,1
707,591,1
707,763,1
708,53,1
708,87,1
708,966,1
709,344,1
709,726,1
709,903,1
710,406,1
710,712,1
710,863,1
711,645,1
711,903,1
711,985,1
712,662,1
712,710,1
712,785,1
713,729,1
713,833,1
713,993,1
714,94,1
714,208,1
714,969,1
715,418,1
715,642,1
715,999,1
716,92,1
716,134,1
716,611,1
717,247,1
717,432,1
717,787,1
718,533,1
718,819,1
718,1000,1
719,65,1
719,587,1
719,651,1
720,103,1
720,451,1
720,997,1
721,554,1
721,891,1
721,900,1
722,44,1
722,633,1
722,961,1
723,180,1
723,298,1
723,740,1
724,79,1
724,780,1
724,850,1
725,435,1
725,799,1
725,957,1
726,709,1
726,903,1
726,966,1
727,95,1
727,700,1
727,992,1
728,394,1
728,648,1
728,849,1
729,145,1
729,713,1
729,735,1
730,659,1
730,674,1
730,957,1
731,130,1
731,857,1
731,926,1
732,375,1
732,735,1
732,889,1
733,653,1
733,739,1
733,766,1
734,614,1
734,906,1
734,984,1
735,131,1
735,729,1
735,732,1
736,378,1
736,793,1
736,956,1
737,128,1
737,151,1
737,940,1
738,77,1
738,396,1
738,843,1
739,257,1
739,733,1
739,792,1
740,105,1
740,723,1
740,897,1
741,76,1
741,797,1
741,983,1
742,452,1
742,561,1
742,686,1
743,201,1
743,611,1
743,772,1
744,68,1
744,294,1
744,789,1
745,475,1
745,667,1
745,676,1
746,477,1
746,619,1
746,935,1
747,123,1
747,242,1
747,814,1
748,28,1
748,383,1
748,537,1
749,366,1
749,526,1
749,829,1
750,623,1
750,784,1
750,976,1
751,172,1
751,202,1
751,310,1
752,601,1
752,762,1
752,775,1
753,55,1
753,314,1
753,434,1
754,880,1
754,992,1
754,997,1
755,410,1
755,479,1
755,921,1
756,100,1
756,644,1
756,693,1
757,265,1
757,318,1
757,804,1
758,163,1
758,946,1
758,960,1
759,354,1
759,390,1
759,931,1
760,189,1
760,605,1
760,788,1
761,81,1
761,277,1
761,395,1
762,90,1
762,453,1
762,752,1
763,610,1
763,707,1
763,924,1
764,291,1
764,690,1
764,693,1
765,274,1
765,792,1
765,890,1
766,501,1
766,733,1
766,767,1
767,766,1
767,863,1
767,994,1
768,565,1
768,769,1
768,842,1
769,23,1
769,768,1
769,870,1
770,75,1
770,150,1
770,612,1
771,347,1
771,404,1
771,667,1
772,352,1
772,538,1
772,743,1
773,507,1
773,613,1
773,976,1
774,486,1
774,593,1
774,918,1
775,154,1
775,752,1
775,871,1
776,333,1
776,886,1
776,943,1
777,52,1
777,415,1
777,641,1
778,295,1
778,704,1
778,983,1
779,26,1
779,920,1
779,995,1
780,266,1
780,663,1
780,724,1
781,30,1
781,262,1
781,271,1
782,513,1
782,636,1
782,933,1
783,33,1
783,804,1
783,941,1
784,386,1
784,750,1
784,787,1
785,393,1
785,429,1
785,712,1
786,311,1
786,687,1
786,963,1
787,717,1
787,784,1
787,865,1
788,676,1
788,760,1
788,956,1
789,336,1
789,377,1
789,744,1
790,223,1
790,346,1
790,820,1
791,692,1
791,695,1
791,912,1
792,739,1
792,765,1
792,852,1
793,170,1
793,263,1
793,736,1
794,282,1
794,283,1
794,705,1
795,77,1
795,607,1
795,975,1
796,64,1
796,178,1
796,797,1
797,76,1
797,741,1
797,796,1
798,305,1
798,845,1
798,934,1
799,240,1
799,408,1
799,725,1
800,455,1
800,913,1
800,999,1
801,491,1
801,829,1
801,933,1
802,891,1
802,900,1
802,963,1
803,165,1
803,338,1
803,581,1
804,757,1
804,783,1
804,805,1
805,685,1
805,804,1
805,996,1
806,303,1
806,809,1
806,989,1
807,564,1
807,842,1
807,867,1
808,505,1
808,609,1
808,619,1
809,533,1
809,650,1
809,806,1
810,140,1
810,543,1
810,815,1
811,379,1
811,812,1
811,973,1
812,145,1
812,593,1
812,811,1
813,291,1
813,821,1
813,909,1
814,488,1
814,594,1
814,747,1
815,49,1
815,681,1
815,810,1
816,646,1
816,684,1
816,899,1
817,7,1
817,24,1
817,304,1
818,428,1
818,676,1
818,699,1
819,87,1
819,718,1
819,966,1
820,250,1
820,442,1
820,790,1
821,258,1
821,813,1
821,852,1
822,116,1
822,184,1
822,885,1
823,288,1
823,349,1
823,990,1
824,205,1
824,830,1
824,989,1
825,473,1
825,706,1
825,831,1
826,457,1
826,658,1
826,828,1
827,905,1
827,907,1
827,925,1
828,251,1
828,826,1
828,896,1
829,142,1
829,749,1
829,801,1
830,363,1
830,824,1
830,846,1
831,238,1
831,825,1
831,966,1
832,102,1
832,412,1
832,996,1
833,693,1
833,713,1
833,993,1
834,496,1
834,645,1
834,914,1
835,54,1
835,316,1
835,460,1
836,35,1
836,908,1
836,972,1
837,1,1
837,939,1
837,994,1
838,215,1
838,506,1
838,513,1
839,473,1
839,941,1
839,950,1
840,2,1
840,862,1
840,864,1
841,86,1
841,218,1
841,686,1
842,768,1
842,807,1
842,967,1
843,48,1
843,738,1
843,889,1
844,285,1
844,679,1
844,975,1
845,798,1
845,846,1
845,884,1
846,294,1
846,830,1
846,845,1
847,90,1
847,199,1
847,854,1
848,354,1
848,634,1
848,849,1
849,728,1
849,848,1
849,868,1
850,724,1
850,851,1
850,873,1
851,544,1
851,850,1
851,979,1
852,456,1
852,792,1
852,821,1
853,13,1
853,357,1
853,680,1
854,279,1
854,847,1
854,855,1
855,854,1
855,904,1
855,952,1
856,14,1
856,649,1
856,963,1
857,472,1
857,731,1
857,995,1
858,353,1
858,525,1
858,584,1
859,930,1
859,973,1
859,979,1
860,536,1
860,694,1
860,872,1
861,559,1
861,696,1
861,943,1
862,382,1
862,840,1
862,864,1
862,899,1
863,470,1
863,710,1
863,767,1
863,864,1
864,840,1
864,862,1
864,863,1
864,1000,1
865,352,1
865,696,1
865,787,1
865,947,1
866,8,1
866,107,1
866,180,1
866,621,1
867,42,1
867,437,1
867,807,1
867,988,1
868,323,1
868,384,1
868,849,1
868,917,1
869,23,1
869,108,1
869,944,1
869,994,1
870,34,1
870,219,1
870,769,1
870,979,1
871,535,1
871,775,1
871,970,1
871,987,1
872,96,1
872,239,1
872,461,1
872,860,1
873,126,1
873,680,1
873,704,1
873,850,1
874,194,1
874,568,1
874,582,1
874,898,1
875,75,1
875,116,1
875,530,1
875,997,1
876,22,1
876,627,1
876,673,1
876,990,1
877,157,1
877,613,1
877,931,1
877,976,1
878,148,1
878,536,1
878,879,1
878,910,1
879,691,1
879,878,1
879,997,1
879,998,1
880,114,1
880,246,1
880,754,1
880,998,1
881,12,1
881,36,1
881,404,1
881,934,1
882,427,1
882,883,1
882,928,1
882,986,1
883,532,1
883,695,1
883,882,1
883,999,1
884,79,1
884,287,1
884,510,1
884,845,1
885,617,1
885,822,1
885,887,1
885,907,1
886,124,1
886,604,1
886,776,1
886,991,1
887,445,1
887,469,1
887,885,1
887,953,1
888,203,1
888,229,1
888,551,1
888,901,1
889,380,1
889,501,1
889,732,1
889,843,1
890,230,1
890,369,1
890,765,1
890,891,1
891,648,1
891,721,1
891,802,1
891,890,1
892,351,1
892,420,1
892,603,1
892,902,1
893,381,1
893,399,1
893,692,1
893,999,1
894,232,1
894,340,1
894,639,1
894,951,1
895,508,1
895,630,1
895,964,1
895,965,1
896,688,1
896,828,1
896,897,1
896,968,1
897,105,1
897,740,1
897,896,1
897,916,1
898,194,1
898,281,1
898,503,1
898,874,1
899,617,1
899,816,1
899,862,1
899,905,1
900,446,1
900,458,1
900,721,1
900,802,1
901,31,1
901,274,1
901,888,1
901,996,1
902,33,1
902,325,1
902,892,1
902,904,1
903,709,1
903,711,1
903,726,1
903,973,1
904,432,1
904,497,1
904,855,1
904,902,1
905,53,1
905,191,1
905,827,1
905,899,1
906,16,1
906,706,1
906,734,1
906,997,1
907,264,1
907,592,1
907,827,1
907,885,1
908,516,1
908,591,1
908,836,1
908,998,1
909,195,1
909,407,1
909,469,1
909,813,1
910,575,1
910,590,1
910,702,1
910,878,1
911,113,1
911,153,1
911,475,1
911,544,1
912,237,1
912,466,1
912,689,1
912,791,1
913,313,1
913,405,1
913,800,1
913,999,1
914,346,1
914,834,1
914,958,1
914,1000,1
915,167,1
915,218,1
915,345,1
915,689,1
916,15,1
916,541,1
916,897,1
916,996,1
917,176,1
917,480,1
917,654,1
917,868,1
918,774,1
918,925,1
918,953,1
918,964,1
919,175,1
919,220,1
919,228,1
919,650,1
920,779,1
920,937,1
920,948,1
920,995,1
921,104,1
921,672,1
921,755,1
921,942,1
922,267,1
922,379,1
922,588,1
922,975,1
923,183,1
923,453,1
923,455,1
923,978,1
924,188,1
924,386,1
924,448,1
924,763,1
924,925,1
925,827,1
925,918,1
925,924,1
925,933,1
925,966,1
926,98,1
926,187,1
926,504,1
926,731,1
926,948,1
927,6,1
927,392,1
927,451,1
927,664,1
927,700,1
928,129,1
928,135,1
928,445,1
928,882,1
928,986,1
929,195,1
929,322,1
929,508,1
929,994,1
929,999,1
930,327,1
930,358,1
930,859,1
930,936,1
930,1000,1
931,183,1
931,566,1
931,759,1
931,877,1
931,976,1
932,315,1
932,933,1
932,991,1
932,993,1
932,996,1
933,381,1
933,782,1
933,801,1
933,925,1
933,932,1
934,627,1
934,687,1
934,701,1
934,798,1
934,881,1
935,328,1
935,407,1
935,522,1
935,615,1
935,746,1
936,153,1
936,234,1
936,397,1
936,930,1
936,981,1
937,130,1
937,293,1
937,572,1
937,655,1
937,920,1
938,227,1
938,426,1
938,939,1
938,955,1
938,978,1
939,450,1
939,837,1
939,938,1
939,994,1
939,999,1
940,128,1
940,139,1
940,150,1
940,737,1
940,961,1
941,608,1
941,632,1
941,783,1
941,839,1
941,946,1
942,27,1
942,270,1
942,670,1
942,921,1
942,968,1
943,597,1
943,776,1
943,861,1
943,970,1
943,988,1
944,71,1
944,177,1
944,356,1
944,869,1
944,994,1
945,124,1
945,312,1
945,359,1
945,527,1
945,991,1
946,311,1
946,421,1
946,758,1
946,941,1
946,989,1
947,46,1
947,62,1
947,88,1
947,865,1
947,998,1
948,98,1
948,672,1
948,920,1
948,926,1
948,949,1
949,91,1
949,519,1
949,634,1
949,657,1
949,948,1
950,118,1
950,156,1
950,387,1
950,839,1
950,998,1
951,518,1
951,654,1
951,894,1
951,973,1
951,977,1
952,467,1
952,543,1
952,855,1
952,953,1
952,988,1
953,446,1
953,484,1
953,887,1
953,918,1
953,952,1
954,104,1
954,127,1
954,326,1
954,463,1
954,492,1
955,11,1
955,109,1
955,615,1
955,938,1
955,994,1
956,61,1
956,334,1
956,385,1
956,736,1
956,788,1
957,141,1
957,417,1
957,424,1
957,725,1
957,730,1
958,261,1
958,468,1
958,914,1
958,959,1
958,1000,1
959,21,1
959,69,1
959,155,1
959,958,1
959,961,1
960,32,1
960,84,1
960,199,1
960,216,1
960,758,1
961,63,1
961,243,1
961,722,1
961,940,1
961,959,1
962,14,1
962,35,1
962,305,1
962,458,1
962,963,1
963,425,1
963,786,1
963,802,1
963,856,1
963,962,1
964,89,1
964,272,1
964,599,1
964,895,1
964,918,1
964,979,1
965,191,1
965,308,1
965,388,1
965,433,1
965,638,1
965,895,1
966,335,1
966,708,1
966,726,1
966,819,1
966,831,1
966,925,1
967,18,1
967,340,1
967,403,1
967,545,1
967,842,1
967,980,1
968,282,1
968,345,1
968,677,1
968,896,1
968,942,1
968,986,1
969,117,1
969,160,1
969,343,1
969,571,1
969,714,1
969,985,1
970,39,1
970,47,1
970,201,1
970,871,1
970,943,1
970,988,1
971,233,1
971,242,1
971,476,1
971,534,1
971,577,1
971,626,1
972,219,1
972,341,1
972,836,1
972,992,1
972,997,1
972,998,1
973,126,1
973,578,1
973,811,1
973,859,1
973,903,1
973,951,1
974,361,1
974,485,1
974,494,1
974,515,1
974,674,1
974,690,1
975,300,1
975,372,1
975,795,1
975,844,1
975,922,1
975,977,1
976,173,1
976,750,1
976,773,1
976,877,1
976,931,1
976,978,1
976,987,1
977,85,1
977,210,1
977,304,1
977,312,1
977,661,1
977,951,1
977,975,1
978,500,1
978,539,1
978,618,1
978,923,1
978,938,1
978,976,1
978,997,1
979,203,1
979,268,1
979,397,1
979,851,1
979,859,1
979,870,1
979,964,1
980,111,1
980,123,1
980,196,1
980,375,1
980,444,1
980,481,1
980,967,1
981,29,1
981,429,1
981,466,1
981,642,1
981,936,1
981,982,1
981,999,1
982,193,1
982,321,1
982,326,1
982,444,1
982,563,1
982,673,1
982,981,1
983,348,1
983,418,1
983,573,1
983,703,1
983,741,1
983,778,1
983,986,1
983,1000,1
984,149,1
984,205,1
984,244,1
984,539,1
984,622,1
984,694,1
984,706,1
984,734,1
985,4,1
985,483,1
985,504,1
985,560,1
985,602,1
985,686,1
985,711,1
985,969,1
986,229,1
986,670,1
986,677,1
986,688,1
986,882,1
986,928,1
986,968,1
986,983,1
987,45,1
987,419,1
987,507,1
987,661,1
987,871,1
987,976,1
987,990,1
987,992,1
988,119,1
988,423,1
988,517,1
988,580,1
988,867,1
988,943,1
988,952,1
988,970,1
989,118,1
989,137,1
989,152,1
989,156,1
989,374,1
989,806,1
989,824,1
989,946,1
990,200,1
990,286,1
990,436,1
990,545,1
990,673,1
990,823,1
990,876,1
990,987,1
990,992,1
991,64,1
991,284,1
991,299,1
991,512,1
991,671,1
991,886,1
991,932,1
991,945,1
991,996,1
992,554,1
992,572,1
992,640,1
992,691,1
992,700,1
992,727,1
992,754,1
992,972,1
992,987,1
992,990,1
993,58,1
993,181,1
993,225,1
993,255,1
993,284,1
993,353,1
993,713,1
993,833,1
993,932,1
993,995,1
994,166,1
994,391,1
994,767,1
994,837,1
994,869,1
994,929,1
994,939,1
994,944,1
994,955,1
994,995,1
995,26,1
995,226,1
995,385,1
995,410,1
995,460,1
995,779,1
995,857,1
995,920,1
995,993,1
995,994,1
996,72,1
996,435,1
996,486,1
996,685,1
996,698,1
996,805,1
996,832,1
996,901,1
996,916,1
996,932,1
996,991,1
996,999,1
997,125,1
997,184,1
997,516,1
997,600,1
997,612,1
997,720,1
997,754,1
997,875,1
997,879,1
997,906,1
997,972,1
997,978,1
997,998,1
998,101,1
998,114,1
998,431,1
998,511,1
998,879,1
998,880,1
998,908,1
998,947,1
998,950,1
998,972,1
998,997,1
998,999,1
998,1000,1
999,29,1
999,66,1
999,207,1
999,269,1
999,493,1
999,715,1
999,800,1
999,883,1
999,893,1
999,913,1
999,929,1
999,939,1
999,981,1
999,996,1
999,998,1
1000,112,1
1000,261,1
1000,295,1
1000,348,1
1000,382,1
1000,441,1
1000,675,1
1000,703,1
1000,718,1
1000,864,1
1000,914,1
1000,930,1
1000,958,1
1000,983,1
1000,998,1
1,6,2
1,996,2
2,6,2
2,19,2
3,190,2
3,258,2
4,34,2
4,94,2
5,12,2
5,36,2
6,1,2
6,2,2
7,817,2
7,891,2
8,11,2
8,866,2
9,77,2
9,653,2
10,366,2
10,1000,2
11,8,2
11,955,2
12,5,2
12,14,2
13,232,2
13,233,2
14,12,2
14,856,2
15,57,2
15,105,2
16,118,2
16,906,2
17,51,2
17,108,2
18,629,2
18,967,2
19,2,2
19,20,2
20,19,2
20,35,2
21,41,2
21,151,2
22,23,2
22,89,2
23,22,2
23,33,2
24,802,2
24,817,2
25,88,2
25,540,2
26,43,2
26,98,2
27,28,2
27,135,2
28,27,2
28,93,2
29,429,2
29,981,2
30,33,2
30,223,2
31,59,2
31,72,2
32,96,2
32,148,2
33,23,2
33,30,2
34,4,2
34,50,2
35,20,2
35,970,2
36,5,2
36,57,2
37,119,2
37,138,2
38,336,2
38,386,2
39,79,2
39,970,2
40,47,2
40,49,2
41,21,2
41,56,2
42,45,2
42,867,2
43,26,2
43,61,2
44,658,2
44,722,2
45,42,2
45,65,2
46,54,2
46,62,2
47,40,2
47,63,2
48,77,2
48,131,2
49,40,2
49,138,2
50,34,2
50,117,2
51,17,2
51,108,2
52,59,2
52,122,2
53,55,2
53,70,2
54,46,2
55,53,2
55,70,2
56,41,2
56,62,2
57,15,2
57,36,2
58,215,2
58,993,2
59,31,2
59,52,2
60,262,2
60,442,2
61,43,2
61,104,2
62,46,2
62,56,2
63,47,2
63,65,2
64,796,2
64,991,2
65,45,2
65,63,2
66,67,2
66,147,2
67,66,2
67,92,2
68,188,2
68,408,2
69,71,2
69,256,2
70,53,2
70,55,2
71,69,2
71,195,2
72,31,2
72,124,2
73,79,2
73,82,2
74,514,2
74,526,2
75,770,2
75,875,2
76,118,2
76,136,2
77,9,2
77,48,2
78,188,2
78,302,2
79,39,2
79,73,2
80,109,2
80,158,2
81,170,2
81,228,2
82,73,2
82,83,2
83,82,2
83,447,2
84,847,2
84,960,2
85,86,2
85,977,2
86,85,2
86,186,2
87,99,2
87,121,2
88,25,2
88,101,2
89,22,2
89,91,2
90,575,2
90,762,2
91,89,2
91,949,2
92,67,2
92,93,2
93,28,2
93,92,2
94,4,2
94,117,2
95,101,2
95,727,2
96,32,2
96,109,2
97,106,2
97,120,2
98,26,2
98,104,2
99,87,2
99,616,2
100,144,2
100,164,2
101,88,2
101,95,2
102,141,2
102,264,2
103,114,2
103,125,2
104,61,2
104,98,2
105,15,2
105,198,2
106,97,2
106,294,2
107,198,2
107,305,2
108,17,2
108,51,2
109,80,2
109,96,2
110,241,2
110,250,2
111,120,2
111,133,2
112,517,2
112,1000,2
113,397,2
113,979,2
114,103,2
114,880,2
115,146,2
115,555,2
116,132,2
116,222,2
117,50,2
117,94,2
118,16,2
118,76,2
119,37,2
119,201,2
120,97,2
120,111,2
121,87,2
121,172,2
122,52,2
122,124,2
123,127,2
123,980,2
124,72,2
124,122,2
125,103,2
125,245,2
126,578,2
126,973,2
127,123,2
127,237,2
128,826,2
128,940,2
129,165,2
129,270,2
130,146,2
130,292,2
131,48,2
131,164,2
132,116,2
132,640,2
133,111,2
133,135,2
134,201,2
134,716,2
135,27,2
135,133,2
136,76,2
136,149,2
137,706,2
137,989,2
138,37,2
138,49,2
139,155,2
139,174,2
140,141,2
140,810,2
141,102,2
141,140,2
142,172,2
142,175,2
143,290,2
143,668,2
144,100,2
144,206,2
145,161,2
145,185,2
146,115,2
146,130,2
147,66,2
147,979,2
148,32,2
148,173,2
149,136,2
149,152,2
150,154,2
150,189,2
151,21,2
151,157,2
152,149,2
152,205,2
153,358,2
153,979,2
154,150,2
154,157,2
155,139,2
155,259,2
156,759,2
156,950,2
157,151,2
157,154,2
158,80,2
158,173,2
159,167,2
159,283,2
160,231,2
160,273,2
161,145,2
161,185,2
162,221,2
162,233,2
163,621,2
163,628,2
164,100,2
164,131,2
165,129,2
165,251,2
166,179,2
166,252,2
167,159,2
167,191,2
168,206,2
168,230,2
169,192,2
169,297,2
170,81,2
170,366,2
171,231,2
171,521,2
172,121,2
172,142,2
173,148,2
173,158,2
174,139,2
174,737,2
175,142,2
175,314,2
176,178,2
176,225,2
177,253,2
177,322,2
178,176,2
178,203,2
179,166,2
179,252,2
180,804,2
180,866,2
181,186,2
181,229,2
182,278,2
182,352,2
183,199,2
183,213,2
184,664,2
184,997,2
185,145,2
185,161,2
186,86,2
186,181,2
187,194,2
187,479,2
188,68,2
188,78,2
189,150,2
189,191,2
190,3,2
190,876,2
191,167,2
191,189,2
192,169,2
192,194,2
193,651,2
193,982,2
194,187,2
194,192,2
195,71,2
195,197,2
196,209,2
196,876,2
197,195,2
197,419,2
198,105,2
198,107,2
199,183,2
199,213,2
200,203,2
200,224,2
201,119,2
201,134,2
202,751,2
202,885,2
203,178,2
203,200,2
204,208,2
204,550,2
205,152,2
205,824,2
206,144,2
206,168,2
207,217,2
207,999,2
208,204,2
208,218,2
209,196,2
209,673,2
210,577,2
210,977,2
211,218,2
211,341,2
212,219,2
212,271,2
213,183,2
213,199,2
214,278,2
214,423,2
215,58,2
215,255,2
216,752,2
216,960,2
217,207,2
217,219,2
218,208,2
218,211,2
219,212,2
219,217,2
220,919,2
220,953,2
221,162,2
221,232,2
222,116,2
222,245,2
223,30,2
223,224,2
224,200,2
224,223,2
225,176,2
225,226,2
226,225,2
226,995,2
227,239,2
227,254,2
228,81,2
228,548,2
229,181,2
229,237,2
230,168,2
230,380,2
231,160,2
231,171,2
232,13,2
232,221,2
233,13,2
233,162,2
234,911,2
234,930,2
235,267,2
235,304,2
236,289,2
236,673,2
237,127,2
237,229,2
238,809,2
238,831,2
239,227,2
239,254,2
240,242,2
240,280,2
241,110,2
241,565,2
242,240,2
242,301,2
243,457,2
243,959,2
244,248,2
244,984,2
245,125,2
245,222,2
246,247,2
246,249,2
247,246,2
247,699,2
248,244,2
248,371,2
249,246,2
249,264,2
250,110,2
250,565,2
251,165,2
251,338,2
252,166,2
252,179,2
253,177,2
253,308,2
254,227,2
254,239,2
255,215,2
255,299,2
256,69,2
256,395,2
257,266,2
257,394,2
258,3,2
258,263,2
259,155,2
259,737,2
260,499,2
260,562,2
261,1000,2
262,60,2
262,768,2
263,258,2
263,350,2
264,102,2
264,249,2
265,298,2
265,757,2
266,257,2
266,271,2
267,235,2
267,304,2
268,911,2
268,930,2
269,869,2
269,999,2
270,129,2
270,365,2
271,212,2
271,266,2
272,314,2
272,335,2
273,160,2
273,420,2
274,320,2
274,901,2
275,276,2
275,392,2
276,275,2
276,433,2
277,281,2
277,343,2
278,182,2
278,214,2
279,350,2
279,426,2
280,240,2
280,287,2
281,277,2
281,287,2
282,365,2
282,581,2
283,159,2
283,288,2
284,747,2
284,991,2
285,293,2
285,844,2
286,545,2
286,967,2
287,280,2
287,281,2
288,283,2
288,293,2
289,236,2
289,967,2
290,143,2
290,683,2
291,380,2
291,383,2
292,130,2
292,297,2
293,285,2
293,288,2
294,106,2
294,301,2
295,862,2
295,1000,2
296,300,2
296,323,2
297,169,2
297,292,2
298,265,2
298,723,2
299,255,2
299,333,2
300,296,2
300,323,2
301,242,2
301,294,2
302,78,2
302,377,2
303,371,2
303,374,2
304,235,2
304,267,2
305,107,2
305,421,2
306,307,2
306,414,2
307,306,2
307,396,2
308,253,2
308,401,2
309,312,2
309,329,2
310,751,2
310,801,2
311,786,2
311,881,2
312,309,2
312,394,2
313,316,2
313,367,2
314,175,2
314,272,2
315,333,2
315,359,2
316,313,2
316,345,2
317,320,2
317,330,2
318,465,2
318,489,2
319,334,2
319,410,2
320,274,2
320,317,2
321,362,2
321,673,2
322,177,2
322,401,2
323,296,2
323,300,2
324,325,2
324,390,2
325,324,2
325,902,2
326,327,2
326,655,2
327,326,2
327,475,2
328,501,2
328,935,2
329,309,2
329,330,2
330,317,2
330,329,2
331,340,2
331,369,2
332,484,2
332,498,2
333,299,2
333,315,2
334,319,2
334,410,2
335,272,2
335,428,2
336,38,2
336,377,2
337,691,2
337,927,2
338,251,2
338,803,2
339,420,2
339,483,2
340,331,2
340,349,2
341,211,2
341,343,2
342,402,2
342,434,2
343,277,2
343,341,2
344,345,2
344,364,2
345,316,2
345,344,2
346,347,2
346,1000,2
347,346,2
347,771,2
348,862,2
348,1000,2
349,340,2
349,353,2
350,263,2
350,279,2
351,403,2
351,892,2
352,182,2
352,547,2
353,349,2
353,435,2
354,502,2
354,848,2
355,405,2
355,689,2
356,364,2
356,944,2
357,379,2
357,480,2
358,153,2
358,979,2
359,315,2
359,416,2
360,440,2
360,464,2
361,620,2
361,974,2
362,321,2
362,980,2
363,830,2
363,834,2
364,344,2
364,356,2
365,270,2
365,282,2
366,10,2
366,170,2
366,964,2
367,313,2
367,369,2
368,476,2
368,639,2
369,331,2
369,367,2
370,419,2
370,461,2
371,248,2
371,303,2
372,480,2
372,583,2
373,434,2
373,449,2
374,303,2
374,502,2
375,381,2
375,485,2
376,421,2
376,425,2
377,302,2
377,336,2
378,735,2
378,736,2
378,1000,2
379,357,2
379,476,2
380,230,2
380,291,2
381,375,2
381,398,2
382,703,2
382,1000,2
383,291,2
383,456,2
384,388,2
384,560,2
385,956,2
385,995,2
386,38,2
386,389,2
387,585,2
387,586,2
388,384,2
388,965,2
389,386,2
389,637,2
390,324,2
390,392,2
391,505,2
391,994,2
392,275,2
392,390,2
393,785,2
393,791,2
394,257,2
394,312,2
395,256,2
395,761,2
396,307,2
396,398,2
397,113,2
397,936,2
398,381,2
398,396,2
399,405,2
399,466,2
400,403,2
400,406,2
401,308,2
401,322,2
402,342,2
402,428,2
403,351,2
403,400,2
404,406,2
404,771,2
405,355,2
405,399,2
406,400,2
406,404,2
407,456,2
407,490,2
408,68,2
408,556,2
409,411,2
409,608,2
410,319,2
410,334,2
411,409,2
411,427,2
412,416,2
412,486,2
413,417,2
413,704,2
414,306,2
414,980,2
415,438,2
415,527,2
416,359,2
416,412,2
417,413,2
417,957,2
418,422,2
418,1000,2
419,197,2
419,370,2
420,273,2
420,339,2
421,305,2
421,376,2
422,418,2
422,590,2
423,214,2
423,547,2
424,474,2
424,595,2
425,376,2
425,465,2
426,279,2
426,478,2
427,411,2
427,430,2
428,335,2
428,402,2
429,29,2
429,981,2
430,427,2
430,458,2
431,822,2
431,998,2
432,788,2
432,904,2
433,276,2
433,436,2
434,342,2
434,373,2
435,353,2
435,725,2
436,433,2
436,487,2
437,439,2
437,576,2
438,415,2
438,671,2
439,437,2
439,556,2
440,360,2
440,445,2
441,862,2
441,1000,2
442,60,2
442,768,2
443,521,2
443,561,2
444,719,2
444,990,2
445,440,2
445,887,2
446,450,2
446,469,2
447,83,2
447,959,2
448,789,2
448,924,2
449,373,2
449,484,2
450,446,2
450,455,2
451,700,2
451,992,2
452,455,2
452,742,2
453,478,2
453,923,2
454,606,2
454,990,2
455,450,2
455,452,2
456,383,2
456,407,2
457,243,2
457,722,2
458,430,2
458,962,2
459,612,2
459,992,2
460,568,2
460,995,2
461,370,2
461,872,2
462,463,2
462,513,2
463,462,2
463,954,2
464,360,2
464,471,2
465,318,2
465,425,2
466,399,2
466,542,2
467,468,2
467,538,2
468,467,2
468,1000,2
469,446,2
469,909,2
470,471,2
470,477,2
471,464,2
471,470,2
472,492,2
472,793,2
473,585,2
473,825,2
474,424,2
474,595,2
475,327,2
475,477,2
476,368,2
476,379,2
477,470,2
477,475,2
478,426,2
478,453,2
479,187,2
479,492,2
480,357,2
480,372,2
481,523,2
481,990,2
482,485,2
482,647,2
483,339,2
483,602,2
484,332,2
484,449,2
485,375,2
485,482,2
486,412,2
486,506,2
487,436,2
487,488,2
488,487,2
488,814,2
489,318,2
489,584,2
490,407,2
490,515,2
491,493,2
491,499,2
492,472,2
492,479,2
493,491,2
493,641,2
494,515,2
494,690,2
495,542,2
495,624,2
496,497,2
496,553,2
497,496,2
497,904,2
498,332,2
498,514,2
499,260,2
499,491,2
500,507,2
500,520,2
501,328,2
501,889,2
502,354,2
502,374,2
503,504,2
503,579,2
504,503,2
504,571,2
505,391,2
505,524,2
506,486,2
506,838,2
507,500,2
507,520,2
508,662,2
508,929,2
509,646,2
509,650,2
510,525,2
510,584,2
511,513,2
511,530,2
512,698,2
512,991,2
513,462,2
513,511,2
514,74,2
514,498,2
515,490,2
515,494,2
516,908,2
516,997,2
517,112,2
517,988,2
518,522,2
518,528,2
519,524,2
519,622,2
520,500,2
520,507,2
521,171,2
521,443,2
522,518,2
522,935,2
523,481,2
523,990,2
524,505,2
524,519,2
525,510,2
525,621,2
526,74,2
526,549,2
527,415,2
527,713,2
528,518,2
528,530,2
529,535,2
529,536,2
530,511,2
530,528,2
531,537,2
531,596,2
532,767,2
532,883,2
533,549,2
533,635,2
534,849,2
534,971,2
535,529,2
535,871,2
536,529,2
536,550,2
537,531,2
537,574,2
538,467,2
538,539,2
539,538,2
539,618,2
540,25,2
540,998,2
541,884,2
541,916,2
542,466,2
542,495,2
543,552,2
543,605,2
544,796,2
544,930,2
545,286,2
545,980,2
546,553,2
546,592,2
547,352,2
547,423,2
548,228,2
548,559,2
549,526,2
549,533,2
550,204,2
550,536,2
551,901,2
551,991,2
552,543,2
552,597,2
553,496,2
553,546,2
554,572,2
554,721,2
555,115,2
555,559,2
556,408,2
556,439,2
557,558,2
557,599,2
558,557,2
558,599,2
559,548,2
559,555,2
560,384,2
560,562,2
561,443,2
561,602,2
562,260,2
562,560,2
563,684,2
563,990,2
564,807,2
564,820,2
565,241,2
565,250,2
566,590,2
566,665,2
567,569,2
567,604,2
568,460,2
568,995,2
569,567,2
569,587,2
570,571,2
570,588,2
571,504,2
571,570,2
572,554,2
572,573,2
573,572,2
573,1000,2
574,537,2
574,577,2
575,90,2
575,910,2
576,437,2
576,596,2
577,210,2
577,574,2
578,126,2
578,973,2
579,503,2
579,582,2
580,705,2
580,988,2
581,282,2
581,928,2
582,579,2
582,842,2
583,372,2
583,645,2
584,489,2
584,510,2
585,387,2
585,473,2
586,387,2
586,634,2
587,569,2
587,588,2
588,570,2
588,587,2
589,591,2
589,679,2
590,422,2
590,566,2
591,589,2
591,707,2
592,546,2
592,594,2
593,812,2
593,991,2
594,592,2
594,688,2
595,424,2
595,474,2
596,531,2
596,576,2
597,552,2
597,943,2
598,633,2
598,961,2
599,557,2
599,558,2
600,720,2
600,998,2
601,613,2
601,694,2
602,483,2
602,561,2
603,742,2
603,841,2
604,567,2
604,608,2
605,543,2
605,625,2
606,454,2
606,967,2
607,609,2
607,619,2
608,409,2
608,604,2
609,607,2
609,619,2
610,631,2
610,784,2
611,625,2
611,667,2
612,459,2
612,992,2
613,601,2
613,773,2
614,634,2
614,656,2
615,616,2
615,955,2
616,99,2
616,615,2
617,899,2
617,907,2
618,539,2
618,978,2
619,607,2
619,609,2
620,361,2
620,622,2
621,163,2
621,525,2
622,519,2
622,620,2
623,674,2
623,725,2
624,495,2
624,638,2
625,605,2
625,611,2
626,627,2
626,971,2
627,626,2
627,823,2
628,163,2
628,758,2
629,18,2
629,967,2
630,638,2
630,642,2
631,610,2
631,979,2
632,636,2
632,740,2
633,598,2
633,961,2
634,586,2
634,614,2
635,533,2
635,646,2
636,632,2
636,925,2
637,389,2
637,641,2
638,624,2
638,630,2
639,368,2
639,645,2
640,132,2
640,691,2
641,493,2
641,637,2
642,630,2
642,692,2
643,911,2
643,930,2
644,693,2
644,738,2
645,583,2
645,639,2
646,509,2
646,635,2
647,482,2
647,961,2
648,728,2
648,873,2
649,657,2
649,769,2
650,509,2
650,668,2
651,193,2
651,982,2
652,682,2
652,692,2
653,9,2
653,693,2
654,679,2
654,917,2
655,326,2
655,995,2
656,614,2
656,741,2
657,649,2
657,839,2
658,44,2
658,722,2
659,674,2
659,799,2
660,870,2
660,985,2
661,664,2
661,987,2
662,508,2
662,712,2
663,704,2
663,780,2
664,184,2
664,661,2
665,566,2
665,854,2
666,710,2
666,715,2
667,611,2
667,668,2
667,676,2
668,143,2
668,650,2
668,667,2
669,670,2
669,758,2
669,783,2
670,669,2
670,677,2
670,986,2
671,438,2
671,888,2
671,996,2
672,920,2
672,926,2
672,937,2
673,209,2
673,236,2
673,321,2
674,623,2
674,659,2
674,676,2
675,914,2
675,983,2
675,1000,2
676,667,2
676,674,2
676,745,2
677,670,2
677,679,2
677,968,2
678,781,2
678,790,2
678,807,2
679,589,2
679,654,2
679,677,2
680,728,2
680,844,2
680,873,2
681,696,2
681,815,2
681,865,2
682,652,2
682,683,2
682,710,2
683,290,2
683,682,2
683,697,2
684,563,2
684,685,2
684,990,2
685,684,2
685,805,2
685,991,2
686,841,2
686,892,2
686,969,2
687,723,2
687,740,2
687,757,2
688,594,2
688,692,2
688,986,2
689,355,2
689,929,2
689,965,2
690,494,2
690,808,2
690,974,2
691,337,2
691,640,2
691,997,2
692,642,2
692,652,2
692,688,2
693,644,2
693,653,2
693,694,2
694,601,2
694,693,2
694,854,2
695,883,2
695,929,2
695,965,2
696,681,2
696,716,2
696,861,2
697,683,2
697,698,2
697,702,2
698,512,2
698,697,2
698,991,2
699,247,2
699,702,2
699,818,2
700,451,2
700,972,2
700,992,2
701,702,2
701,858,2
701,934,2
702,697,2
702,699,2
702,701,2
703,382,2
703,914,2
703,983,2
704,413,2
704,663,2
704,778,2
705,580,2
705,828,2
705,928,2
706,137,2
706,984,2
706,989,2
707,591,2
707,709,2
707,744,2
708,933,2
708,964,2
708,966,2
709,707,2
709,721,2
709,724,2
710,666,2
710,682,2
710,711,2
711,710,2
711,721,2
711,726,2
712,662,2
712,791,2
712,965,2
713,527,2
713,729,2
713,996,2
714,892,2
714,902,2
714,985,2
715,666,2
715,718,2
715,837,2
716,134,2
716,696,2
716,943,2
717,865,2
717,952,2
717,970,2
718,715,2
718,749,2
718,782,2
719,444,2
719,724,2
719,982,2
720,600,2
720,992,2
720,997,2
721,554,2
721,709,2
721,711,2
722,44,2
722,457,2
722,658,2
723,298,2
723,687,2
723,941,2
724,709,2
724,719,2
724,811,2
725,435,2
725,623,2
725,744,2
726,711,2
726,729,2
726,811,2
727,95,2
727,992,2
727,998,2
728,648,2
728,680,2
728,849,2
729,713,2
729,726,2
729,991,2
730,763,2
730,799,2
730,924,2
731,926,2
731,948,2
731,995,2
732,735,2
732,748,2
732,764,2
733,756,2
733,765,2
733,766,2
734,806,2
734,984,2
734,989,2
735,378,2
735,732,2
735,852,2
736,378,2
736,921,2
736,956,2
737,174,2
737,259,2
737,940,2
738,644,2
738,741,2
738,795,2
739,756,2
739,843,2
739,909,2
740,632,2
740,687,2
740,941,2
741,656,2
741,738,2
741,797,2
742,452,2
742,603,2
742,985,2
743,772,2
743,952,2
743,988,2
744,707,2
744,725,2
744,745,2
745,676,2
745,744,2
745,787,2
746,747,2
746,795,2
746,821,2
747,284,2
747,746,2
747,993,2
748,732,2
748,756,2
748,764,2
749,718,2
749,750,2
749,829,2
750,749,2
750,763,2
750,924,2
751,202,2
751,310,2
751,753,2
752,216,2
752,976,2
752,978,2
753,751,2
753,761,2
753,801,2
754,879,2
754,947,2
754,972,2
755,779,2
755,920,2
755,948,2
756,733,2
756,739,2
756,748,2
757,265,2
757,687,2
757,941,2
758,628,2
758,669,2
758,759,2
759,156,2
759,758,2
759,950,2
760,766,2
760,787,2
760,855,2
761,395,2
761,753,2
761,827,2
762,90,2
762,878,2
762,978,2
763,730,2
763,750,2
763,957,2
764,732,2
764,748,2
764,792,2
765,733,2
765,792,2
765,843,2
766,733,2
766,760,2
766,890,2
767,532,2
767,774,2
767,837,2
768,262,2
768,442,2
768,776,2
769,649,2
769,777,2
769,985,2
770,75,2
770,927,2
770,972,2
771,347,2
771,404,2
771,988,2
772,743,2
772,855,2
772,988,2
773,613,2
773,976,2
773,978,2
774,767,2
774,886,2
774,993,2
775,877,2
775,931,2
775,976,2
776,768,2
776,777,2
776,996,2
777,769,2
777,776,2
777,996,2
778,704,2
778,958,2
778,983,2
779,755,2
779,926,2
779,948,2
780,663,2
780,781,2
780,830,2
781,678,2
781,780,2
781,790,2
782,718,2
782,783,2
782,816,2
783,669,2
783,782,2
783,845,2
784,610,2
784,787,2
784,957,2
785,393,2
785,939,2
785,981,2
786,311,2
786,881,2
786,946,2
787,745,2
787,760,2
787,784,2
788,432,2
788,790,2
788,810,2
789,448,2
789,924,2
789,957,2
790,678,2
790,781,2
790,788,2
791,393,2
791,712,2
791,981,2
792,764,2
792,765,2
792,852,2
793,472,2
793,795,2
793,857,2
794,803,2
794,828,2
794,942,2
795,738,2
795,746,2
795,793,2
796,64,2
796,544,2
796,797,2
797,741,2
797,796,2
797,949,2
798,884,2
798,897,2
798,946,2
799,659,2
799,730,2
799,802,2
800,863,2
800,893,2
800,994,2
801,310,2
801,753,2
801,827,2
802,24,2
802,799,2
802,900,2
803,338,2
803,794,2
803,942,2
804,180,2
804,805,2
804,845,2
805,685,2
805,804,2
805,993,2
806,734,2
806,809,2
806,989,2
807,564,2
807,678,2
807,820,2
808,690,2
808,821,2
808,974,2
809,238,2
809,806,2
809,816,2
810,140,2
810,788,2
810,988,2
811,724,2
811,726,2
811,812,2
812,593,2
812,811,2
812,996,2
813,889,2
813,890,2
813,909,2
814,488,2
814,816,2
814,996,2
815,681,2
815,861,2
815,970,2
816,782,2
816,809,2
816,814,2
817,7,2
817,24,2
817,975,2
818,699,2
818,821,2
818,831,2
819,827,2
819,829,2
819,885,2
820,564,2
820,807,2
820,867,2
821,746,2
821,808,2
821,818,2
822,431,2
822,823,2
822,998,2
823,627,2
823,822,2
823,990,2
824,205,2
824,826,2
824,984,2
825,473,2
825,831,2
825,989,2
826,128,2
826,824,2
826,940,2
827,761,2
827,801,2
827,819,2
828,705,2
828,794,2
828,830,2
829,749,2
829,819,2
829,905,2
830,363,2
830,780,2
830,828,2
831,238,2
831,818,2
831,825,2
832,932,2
832,945,2
832,991,2
833,834,2
833,993,2
833,996,2
834,363,2
834,833,2
834,850,2
835,836,2
835,857,2
835,898,2
836,835,2
836,972,2
836,998,2
837,715,2
837,767,2
837,839,2
838,506,2
838,993,2
838,996,2
839,657,2
839,837,2
839,989,2
840,842,2
840,958,2
840,983,2
841,603,2
841,686,2
841,985,2
842,582,2
842,840,2
842,867,2
843,739,2
843,765,2
843,935,2
844,285,2
844,680,2
844,922,2
845,783,2
845,804,2
845,846,2
846,845,2
846,850,2
846,868,2
847,84,2
847,938,2
847,976,2
848,354,2
848,849,2
848,989,2
849,534,2
849,728,2
849,848,2
850,834,2
850,846,2
850,851,2
851,850,2
851,859,2
851,936,2
852,735,2
852,792,2
852,935,2
853,891,2
853,894,2
853,975,2
854,665,2
854,694,2
854,856,2
855,760,2
855,772,2
855,858,2
856,14,2
856,854,2
856,963,2
857,793,2
857,835,2
857,995,2
858,701,2
858,855,2
858,934,2
859,851,2
859,862,2
859,936,2
860,872,2
860,976,2
860,987,2
861,696,2
861,815,2
861,970,2
862,295,2
862,348,2
862,441,2
862,859,2
863,800,2
863,864,2
863,939,2
863,994,2
864,863,2
864,914,2
864,958,2
864,983,2
865,681,2
865,717,2
865,867,2
865,943,2
866,8,2
866,180,2
866,962,2
866,963,2
867,42,2
867,820,2
867,842,2
867,865,2
868,846,2
868,869,2
868,951,2
868,977,2
869,269,2
869,868,2
869,994,2
869,999,2
870,660,2
870,871,2
870,969,2
870,985,2
871,535,2
871,870,2
871,976,2
871,978,2
872,461,2
872,860,2
872,877,2
872,987,2
873,648,2
873,680,2
873,973,2
873,977,2
874,876,2
874,898,2
874,920,2
874,937,2
875,75,2
875,879,2
875,947,2
875,992,2
876,190,2
876,196,2
876,874,2
876,982,2
877,775,2
877,872,2
877,938,2
877,955,2
878,762,2
878,879,2
878,910,2
878,987,2
879,754,2
879,875,2
879,878,2
879,947,2
880,114,2
880,881,2
880,997,2
880,998,2
881,311,2
881,786,2
881,880,2
881,946,2
882,883,2
882,896,2
882,942,2
882,968,2
883,532,2
883,695,2
883,882,2
883,999,2
884,541,2
884,798,2
884,886,2
884,946,2
885,202,2
885,819,2
885,888,2
885,905,2
886,774,2
886,884,2
886,993,2
886,996,2
887,445,2
887,919,2
887,925,2
887,964,2
888,671,2
888,885,2
888,932,2
888,945,2
889,501,2
889,813,2
889,909,2
889,974,2
890,766,2
890,813,2
890,891,2
890,974,2
891,7,2
891,853,2
891,890,2
891,975,2
892,351,2
892,686,2
892,714,2
892,969,2
893,800,2
893,894,2
893,895,2
893,994,2
894,853,2
894,893,2
894,903,2
894,975,2
895,893,2
895,896,2
895,944,2
895,999,2
896,882,2
896,895,2
896,968,2
896,986,2
897,798,2
897,898,2
897,916,2
897,962,2
898,835,2
898,874,2
898,897,2
898,995,2
899,617,2
899,900,2
899,905,2
899,907,2
900,802,2
900,899,2
900,917,2
900,922,2
901,274,2
901,551,2
901,945,2
901,996,2
902,325,2
902,714,2
902,904,2
902,969,2
903,894,2
903,951,2
903,971,2
903,973,2
904,432,2
904,497,2
904,902,2
904,970,2
905,829,2
905,885,2
905,899,2
905,997,2
906,16,2
906,949,2
906,984,2
906,997,2
907,617,2
907,899,2
907,908,2
907,918,2
908,516,2
908,907,2
908,997,2
908,998,2
909,469,2
909,739,2
909,813,2
909,889,2
910,575,2
910,878,2
910,912,2
910,987,2
911,234,2
911,268,2
911,643,2
911,936,2
912,910,2
912,913,2
912,915,2
912,999,2
913,912,2
913,914,2
913,915,2
913,999,2
914,675,2
914,703,2
914,864,2
914,913,2
915,912,2
915,913,2
915,916,2
915,999,2
916,541,2
916,897,2
916,915,2
916,962,2
917,654,2
917,900,2
917,918,2
917,922,2
918,907,2
918,917,2
918,925,2
918,953,2
919,220,2
919,887,2
919,933,2
919,953,2
920,672,2
920,755,2
920,874,2
920,921,2
921,736,2
921,920,2
921,922,2
921,954,2
922,844,2
922,900,2
922,917,2
922,921,2
923,453,2
923,924,2
923,978,2
923,987,2
924,448,2
924,730,2
924,750,2
924,789,2
924,923,2
925,636,2
925,887,2
925,918,2
925,926,2
925,966,2
926,672,2
926,731,2
926,779,2
926,925,2
926,956,2
927,337,2
927,770,2
927,928,2
927,997,2
927,998,2
928,581,2
928,705,2
928,927,2
928,968,2
928,986,2
929,508,2
929,689,2
929,695,2
929,930,2
929,999,2
930,234,2
930,268,2
930,544,2
930,643,2
930,929,2
931,775,2
931,932,2
931,938,2
931,955,2
931,960,2
932,832,2
932,888,2
932,931,2
932,945,2
932,993,2
933,708,2
933,919,2
933,934,2
933,964,2
933,966,2
934,701,2
934,858,2
934,933,2
934,962,2
934,963,2
935,328,2
935,522,2
935,843,2
935,852,2
935,936,2
936,397,2
936,851,2
936,859,2
936,911,2
936,935,2
937,672,2
937,874,2
937,938,2
937,954,2
937,956,2
938,847,2
938,877,2
938,931,2
938,937,2
938,960,2
939,785,2
939,863,2
939,940,2
939,981,2
939,994,2
940,128,2
940,737,2
940,826,2
940,939,2
940,959,2
941,723,2
941,740,2
941,757,2
941,942,2
941,963,2
942,794,2
942,803,2
942,882,2
942,941,2
942,986,2
943,597,2
943,716,2
943,865,2
943,944,2
943,952,2
944,356,2
944,895,2
944,943,2
944,994,2
944,999,2
945,832,2
945,888,2
945,901,2
945,932,2
945,946,2
946,786,2
946,798,2
946,881,2
946,884,2
946,945,2
947,754,2
947,875,2
947,879,2
947,949,2
947,997,2
948,731,2
948,755,2
948,779,2
948,950,2
948,954,2
949,91,2
949,797,2
949,906,2
949,947,2
949,950,2
950,156,2
950,759,2
950,948,2
950,949,2
950,984,2
951,868,2
951,903,2
951,952,2
951,971,2
951,973,2
952,717,2
952,743,2
952,943,2
952,951,2
952,988,2
953,220,2
953,918,2
953,919,2
953,954,2
953,966,2
954,463,2
954,921,2
954,937,2
954,948,2
954,953,2
955,11,2
955,615,2
955,877,2
955,931,2
955,956,2
956,385,2
956,736,2
956,926,2
956,937,2
956,955,2
957,417,2
957,763,2
957,784,2
957,789,2
957,958,2
958,778,2
958,840,2
958,864,2
958,957,2
958,983,2
959,243,2
959,447,2
959,940,2
959,960,2
959,961,2
960,84,2
960,216,2
960,931,2
960,938,2
960,959,2
961,598,2
961,633,2
961,647,2
961,959,2
961,963,2
962,458,2
962,866,2
962,897,2
962,916,2
962,934,2
963,856,2
963,866,2
963,934,2
963,941,2
963,961,2
964,366,2
964,708,2
964,887,2
964,933,2
964,966,2
964,979,2
965,388,2
965,689,2
965,695,2
965,712,2
965,966,2
965,999,2
966,708,2
966,925,2
966,933,2
966,953,2
966,964,2
966,965,2
967,18,2
967,286,2
967,289,2
967,606,2
967,629,2
967,968,2
968,677,2
968,882,2
968,896,2
968,928,2
968,967,2
968,986,2
969,686,2
969,870,2
969,892,2
969,902,2
969,971,2
969,985,2
970,35,2
970,39,2
970,717,2
970,815,2
970,861,2
970,904,2
971,534,2
971,626,2
971,903,2
971,951,2
971,969,2
971,977,2
972,700,2
972,754,2
972,770,2
972,836,2
972,973,2
972,997,2
973,126,2
973,578,2
973,873,2
973,903,2
973,951,2
973,972,2
974,361,2
974,690,2
974,808,2
974,889,2
974,890,2
974,975,2
975,817,2
975,853,2
975,891,2
975,894,2
975,974,2
975,977,2
976,752,2
976,773,2
976,775,2
976,847,2
976,860,2
976,871,2
976,977,2
977,85,2
977,210,2
977,868,2
977,873,2
977,971,2
977,975,2
977,976,2
978,618,2
978,752,2
978,762,2
978,773,2
978,871,2
978,923,2
978,985,2
979,113,2
979,147,2
979,153,2
979,358,2
979,631,2
979,964,2
979,980,2
980,123,2
980,362,2
980,414,2
980,545,2
980,979,2
980,981,2
980,982,2
981,29,2
981,429,2
981,785,2
981,791,2
981,939,2
981,980,2
981,982,2
982,193,2
982,651,2
982,719,2
982,876,2
982,980,2
982,981,2
982,984,2
983,675,2
983,703,2
983,778,2
983,840,2
983,864,2
983,958,2
983,984,2
983,986,2
984,244,2
984,706,2
984,734,2
984,824,2
984,906,2
984,950,2
984,982,2
984,983,2
985,660,2
985,714,2
985,742,2
985,769,2
985,841,2
985,870,2
985,969,2
985,978,2
986,670,2
986,688,2
986,896,2
986,928,2
986,942,2
986,968,2
986,983,2
986,990,2
987,661,2
987,860,2
987,872,2
987,878,2
987,910,2
987,923,2
987,990,2
987,992,2
988,517,2
988,580,2
988,743,2
988,771,2
988,772,2
988,810,2
988,952,2
988,989,2
989,137,2
989,706,2
989,734,2
989,806,2
989,825,2
989,839,2
989,848,2
989,988,2
990,444,2
990,454,2
990,481,2
990,523,2
990,563,2
990,684,2
990,823,2
990,986,2
990,987,2
991,64,2
991,284,2
991,512,2
991,551,2
991,593,2
991,685,2
991,698,2
991,729,2
991,832,2
992,451,2
992,459,2
992,612,2
992,700,2
992,720,2
992,727,2
992,875,2
992,987,2
992,994,2
992,997,2
993,58,2
993,747,2
993,774,2
993,805,2
993,833,2
993,838,2
993,886,2
993,932,2
993,994,2
993,995,2
994,391,2
994,800,2
994,863,2
994,869,2
994,893,2
994,939,2
994,944,2
994,992,2
994,993,2
994,999,2
995,226,2
995,385,2
995,460,2
995,568,2
995,655,2
995,731,2
995,857,2
995,898,2
995,993,2
995,996,2
996,1,2
996,671,2
996,713,2
996,776,2
996,777,2
996,812,2
996,814,2
996,833,2
996,838,2
996,886,2
996,901,2
996,995,2
997,184,2
997,516,2
997,691,2
997,720,2
997,880,2
997,905,2
997,906,2
997,908,2
997,927,2
997,947,2
997,972,2
997,992,2
997,998,2
998,431,2
998,540,2
998,600,2
998,727,2
998,822,2
998,836,2
998,880,2
998,908,2
998,927,2
998,997,2
998,999,2
998,1000,2
999,207,2
999,269,2
999,869,2
999,883,2
999,895,2
999,912,2
999,913,2
999,915,2
999,929,2
999,944,2
999,965,2
999,994,2
999,998,2
999,1000,2
1000,10,2
1000,112,2
1000,261,2
1000,295,2
1000,346,2
1000,348,2
1000,378,2
1000,382,2
1000,418,2
1000,441,2
1000,468,2
1000,573,2
1000,675,2
1000,998,2
1000,999,2
1,46,3
1,999,3
2,82,3
2,840,3
3,18,3
3,236,3
4,602,3
4,985,3
5,12,3
5,15,3
6,62,3
6,999,3
7,24,3
7,553,3
8,11,3
8,866,3
9,653,3
9,693,3
10,964,3
10,1000,3
11,8,3
11,65,3
12,5,3
12,57,3
13,126,3
13,267,3
14,57,3
14,856,3
15,5,3
15,36,3
16,371,3
16,387,3
17,29,3
17,51,3
18,3,3
18,196,3
19,20,3
19,224,3
20,19,3
20,409,3
21,22,3
21,83,3
22,21,3
22,81,3
23,27,3
23,86,3
24,7,3
24,126,3
25,114,3
25,116,3
26,115,3
26,187,3
27,23,3
27,159,3
28,30,3
28,71,3
29,17,3
29,166,3
30,28,3
30,42,3
31,52,3
31,416,3
32,109,3
32,960,3
33,35,3
33,902,3
34,339,3
34,870,3
35,33,3
35,97,3
36,15,3
36,265,3
37,49,3
37,182,3
38,302,3
38,377,3
39,41,3
39,120,3
40,127,3
40,625,3
41,39,3
41,423,3
42,30,3
42,45,3
43,104,3
43,192,3
44,259,3
44,737,3
45,42,3
45,987,3
46,1,3
46,54,3
47,63,3
47,970,3
48,144,3
48,230,3
49,37,3
49,134,3
50,94,3
50,231,3
51,17,3
51,108,3
52,31,3
52,506,3
53,74,3
53,99,3
54,46,3
55,70,3
55,87,3
56,62,3
56,67,3
57,12,3
57,14,3
58,59,3
58,72,3
59,58,3
59,546,3
60,110,3
60,250,3
61,130,3
61,146,3
62,6,3
62,56,3
63,47,3
63,64,3
64,63,3
64,66,3
65,11,3
65,66,3
66,64,3
66,65,3
67,56,3
67,616,3
68,78,3
68,302,3
69,71,3
69,151,3
70,55,3
70,498,3
71,28,3
71,69,3
72,58,3
72,122,3
73,79,3
73,190,3
74,53,3
74,121,3
75,95,3
75,103,3
76,136,3
76,137,3
77,795,3
77,821,3
78,68,3
78,336,3
79,73,3
79,212,3
80,96,3
80,109,3
81,22,3
81,82,3
82,2,3
82,81,3
83,21,3
83,85,3
84,90,3
84,173,3
85,83,3
85,106,3
86,23,3
86,89,3
87,55,3
87,142,3
88,95,3
88,101,3
89,86,3
89,228,3
90,84,3
90,173,3
91,92,3
91,324,3
92,91,3
92,237,3
93,97,3
93,195,3
94,50,3
94,171,3
95,75,3
95,88,3
96,80,3
96,872,3
97,35,3
97,93,3
98,104,3
98,194,3
99,53,3
99,121,3
100,168,3
100,230,3
101,88,3
101,103,3
102,106,3
102,141,3
103,75,3
103,101,3
104,43,3
104,98,3
105,687,3
105,740,3
106,85,3
106,102,3
107,163,3
107,265,3
108,51,3
108,177,3
109,32,3
109,80,3
110,60,3
110,842,3
111,112,3
111,459,3
112,111,3
112,1000,3
113,911,3
113,930,3
114,25,3
114,132,3
115,26,3
115,292,3
116,25,3
116,132,3
117,742,3
117,969,3
118,136,3
118,248,3
119,604,3
119,988,3
120,39,3
120,123,3
121,74,3
121,99,3
122,72,3
122,592,3
123,120,3
123,980,3
124,185,3
124,215,3
125,184,3
125,245,3
126,13,3
126,24,3
127,40,3
127,133,3
128,155,3
128,243,3
129,365,3
129,942,3
130,61,3
130,169,3
131,735,3
131,738,3
132,114,3
132,116,3
133,127,3
133,189,3
134,49,3
134,246,3
135,140,3
135,928,3
136,76,3
136,118,3
137,76,3
137,303,3
138,201,3
138,214,3
139,722,3
139,940,3
140,135,3
140,247,3
141,102,3
141,150,3
142,87,3
142,829,3
143,172,3
143,220,3
144,48,3
144,570,3
145,729,3
145,747,3
146,61,3
146,169,3
147,234,3
147,358,3
148,536,3
148,878,3
149,152,3
149,156,3
150,141,3
150,211,3
151,69,3
151,378,3
152,149,3
152,244,3
153,911,3
153,936,3
154,197,3
154,378,3
155,128,3
155,737,3
156,149,3
156,244,3
157,159,3
157,877,3
158,199,3
158,216,3
159,27,3
159,157,3
160,892,3
160,969,3
161,415,3
161,527,3
162,210,3
162,232,3
163,107,3
163,298,3
164,609,3
164,644,3
165,317,3
165,882,3
166,29,3
166,177,3
167,170,3
167,207,3
168,100,3
168,291,3
169,130,3
169,146,3
170,167,3
170,366,3
171,94,3
171,521,3
172,143,3
172,220,3
173,84,3
173,90,3
174,344,3
174,737,3
175,238,3
175,290,3
176,204,3
176,917,3
177,108,3
177,166,3
178,181,3
178,240,3
179,252,3
179,253,3
180,298,3
180,305,3
181,178,3
181,242,3
182,37,3
182,201,3
183,216,3
183,239,3
184,125,3
184,245,3
185,124,3
185,315,3
186,191,3
186,217,3
187,26,3
187,292,3
188,386,3
188,474,3
189,133,3
189,760,3
190,73,3
190,196,3
191,186,3
191,965,3
192,43,3
192,297,3
193,823,3
193,982,3
194,98,3
194,297,3
195,93,3
195,197,3
196,18,3
196,190,3
197,154,3
197,195,3
198,318,3
198,421,3
199,158,3
199,227,3
200,203,3
200,990,3
201,138,3
201,182,3
202,518,3
202,751,3
203,200,3
203,280,3
204,176,3
204,208,3
205,848,3
205,984,3
206,291,3
206,328,3
207,167,3
207,217,3
208,204,3
208,714,3
209,286,3
209,651,3
210,162,3
210,233,3
211,150,3
211,218,3
212,79,3
212,219,3
213,529,3
213,550,3
214,138,3
214,352,3
215,124,3
215,359,3
216,158,3
216,183,3
217,186,3
217,207,3
218,211,3
218,219,3
219,212,3
219,218,3
220,143,3
220,172,3
221,233,3
221,300,3
222,337,3
222,431,3
223,224,3
223,576,3
224,19,3
224,223,3
225,226,3
225,566,3
226,225,3
226,281,3
227,199,3
227,938,3
228,89,3
228,986,3
229,888,3
229,986,3
230,48,3
230,100,3
231,50,3
231,273,3
232,162,3
232,235,3
233,210,3
233,221,3
234,147,3
234,643,3
235,232,3
235,680,3
236,3,3
236,286,3
237,92,3
237,912,3
238,175,3
238,310,3
239,183,3
239,370,3
240,178,3
240,799,3
241,250,3
241,262,3
242,181,3
242,246,3
243,128,3
243,940,3
244,152,3
244,156,3
245,125,3
245,184,3
246,134,3
246,242,3
247,140,3
247,249,3
248,118,3
248,354,3
249,247,3
249,277,3
250,60,3
250,241,3
251,427,3
251,986,3
252,179,3
252,253,3
253,179,3
253,252,3
254,350,3
254,370,3
255,901,3
255,993,3
256,257,3
256,276,3
257,256,3
257,274,3
258,260,3
258,306,3
259,44,3
259,959,3
260,258,3
260,562,3
261,382,3
261,675,3
262,241,3
262,442,3
263,422,3
263,793,3
264,266,3
264,907,3
265,36,3
265,107,3
266,264,3
266,320,3
267,13,3
267,922,3
268,475,3
268,979,3
269,322,3
269,399,3
270,677,3
270,882,3
271,274,3
271,307,3
272,310,3
272,332,3
273,231,3
273,649,3
274,257,3
274,271,3
275,276,3
275,347,3
276,256,3
276,275,3
277,249,3
277,281,3
278,352,3
278,547,3
279,419,3
279,453,3
280,203,3
280,287,3
281,226,3
281,277,3
282,794,3
282,986,3
283,288,3
283,330,3
284,886,3
284,991,3
285,293,3
285,294,3
286,209,3
286,236,3
287,280,3
287,293,3
288,283,3
288,319,3
289,673,3
289,876,3
290,175,3
290,402,3
291,168,3
291,206,3
292,115,3
292,187,3
293,285,3
293,287,3
294,285,3
294,301,3
295,840,3
295,1000,3
296,304,3
296,368,3
297,192,3
297,194,3
298,163,3
298,180,3
299,512,3
299,991,3
300,221,3
300,304,3
301,294,3
301,435,3
302,38,3
302,68,3
303,137,3
303,806,3
304,296,3
304,300,3
305,180,3
305,376,3
306,258,3
306,307,3
307,271,3
307,306,3
308,944,3
308,965,3
309,312,3
309,340,3
310,238,3
310,272,3
311,421,3
311,425,3
312,309,3
312,413,3
313,316,3
313,702,3
314,335,3
314,428,3
315,185,3
315,932,3
316,313,3
316,345,3
317,165,3
317,320,3
318,198,3
318,376,3
319,288,3
319,334,3
320,266,3
320,317,3
321,362,3
321,967,3
322,269,3
322,399,3
323,357,3
323,363,3
324,91,3
324,325,3
325,324,3
325,384,3
326,327,3
326,463,3
327,326,3
327,631,3
328,206,3
328,456,3
329,330,3
329,349,3
330,283,3
330,329,3
331,340,3
331,369,3
332,272,3
332,373,3
333,359,3
333,412,3
334,319,3
334,460,3
335,314,3
335,343,3
336,78,3
336,474,3
337,222,3
337,600,3
338,670,3
338,986,3
339,34,3
339,443,3
340,309,3
340,331,3
341,344,3
341,972,3
342,373,3
342,449,3
343,335,3
343,969,3
344,174,3
344,341,3
345,316,3
345,349,3
346,790,3
346,1000,3
347,275,3
347,351,3
348,983,3
348,1000,3
349,329,3
349,345,3
350,254,3
350,419,3
351,347,3
351,436,3
352,214,3
352,278,3
353,356,3
353,993,3
354,248,3
354,759,3
355,393,3
355,401,3
356,353,3
356,360,3
357,323,3
357,363,3
358,147,3
358,544,3
359,215,3
359,333,3
360,356,3
360,364,3
361,407,3
361,456,3
362,321,3
362,967,3
363,323,3
363,357,3
364,360,3
364,433,3
365,129,3
365,896,3
366,170,3
366,747,3
366,749,3
367,369,3
367,381,3
368,296,3
368,480,3
369,331,3
369,367,3
370,239,3
370,254,3
371,16,3
371,502,3
372,379,3
372,534,3
373,332,3
373,342,3
374,622,3
374,989,3
375,384,3
375,732,3
376,305,3
376,318,3
377,38,3
377,556,3
378,151,3
378,154,3
379,372,3
379,480,3
380,733,3
380,889,3
381,367,3
381,893,3
382,261,3
382,675,3
383,490,3
383,494,3
384,325,3
384,375,3
385,472,3
385,479,3
386,188,3
386,556,3
387,16,3
387,473,3
388,390,3
388,965,3
389,408,3
389,595,3
390,388,3
390,519,3
391,392,3
391,450,3
392,391,3
392,404,3
393,355,3
393,401,3
394,395,3
394,430,3
395,394,3
395,445,3
396,632,3
396,738,3
397,796,3
397,936,3
398,400,3
398,446,3
399,269,3
399,322,3
400,398,3
400,411,3
401,355,3
401,393,3
402,290,3
402,509,3
403,404,3
403,487,3
404,392,3
404,403,3
405,429,3
405,466,3
406,409,3
406,594,3
407,361,3
407,494,3
408,389,3
408,595,3
409,20,3
409,406,3
410,555,3
410,995,3
411,400,3
411,413,3
412,333,3
412,415,3
413,312,3
413,411,3
414,444,3
414,967,3
415,161,3
415,412,3
416,31,3
416,438,3
417,427,3
417,439,3
418,715,3
418,1000,3
419,279,3
419,350,3
420,443,3
420,483,3
421,198,3
421,311,3
422,263,3
422,589,3
423,41,3
423,432,3
424,637,3
424,957,3
425,311,3
425,584,3
426,461,3
426,500,3
427,251,3
427,417,3
428,314,3
428,509,3
429,405,3
429,466,3
430,394,3
430,435,3
431,222,3
431,459,3
432,423,3
432,717,3
433,364,3
433,965,3
434,484,3
434,526,3
435,301,3
435,430,3
436,351,3
436,437,3
437,436,3
437,867,3
438,416,3
438,671,3
439,417,3
439,445,3
440,446,3
440,455,3
441,862,3
441,1000,3
442,262,3
442,564,3
443,339,3
443,420,3
444,414,3
444,967,3
445,395,3
445,439,3
446,398,3
446,440,3
447,633,3
447,959,3
448,799,3
448,924,3
449,342,3
449,526,3
450,391,3
450,452,3
451,540,3
451,927,3
452,450,3
452,571,3
453,279,3
453,461,3
454,523,3
454,980,3
455,440,3
455,458,3
456,328,3
456,361,3
457,658,3
457,961,3
458,455,3
458,471,3
459,111,3
459,431,3
460,334,3
460,835,3
461,426,3
461,453,3
462,463,3
462,488,3
463,326,3
463,462,3
464,467,3
464,496,3
465,489,3
465,584,3
466,405,3
466,429,3
467,464,3
467,517,3
468,524,3
468,1000,3
469,470,3
469,887,3
470,469,3
470,641,3
471,458,3
471,475,3
472,385,3
472,857,3
473,387,3
473,839,3
474,188,3
474,336,3
475,268,3
475,471,3
476,534,3
476,578,3
477,482,3
477,542,3
478,507,3
478,520,3
479,385,3
479,779,3
480,368,3
480,379,3
481,684,3
481,980,3
482,477,3
482,598,3
483,420,3
483,561,3
484,434,3
484,549,3
485,487,3
485,524,3
486,513,3
486,996,3
487,403,3
487,485,3
488,462,3
488,491,3
489,465,3
489,621,3
490,383,3
490,515,3
491,488,3
491,528,3
492,568,3
492,779,3
493,496,3
493,999,3
494,383,3
494,407,3
495,508,3
495,532,3
496,464,3
496,493,3
497,499,3
497,548,3
498,70,3
498,549,3
499,497,3
499,531,3
500,426,3
500,507,3
501,515,3
501,607,3
502,371,3
502,586,3
503,587,3
503,898,3
504,505,3
504,985,3
505,504,3
505,522,3
506,52,3
506,551,3
507,478,3
507,500,3
508,495,3
508,532,3
509,402,3
509,428,3
510,525,3
510,621,3
511,513,3
511,998,3
512,299,3
512,991,3
513,486,3
513,511,3
514,533,3
514,557,3
515,490,3
515,501,3
516,540,3
516,612,3
517,467,3
517,518,3
518,202,3
518,517,3
519,390,3
519,522,3
520,478,3
520,550,3
521,171,3
521,561,3
522,505,3
522,519,3
523,454,3
523,980,3
524,468,3
524,485,3
525,510,3
525,628,3
526,434,3
526,449,3
527,161,3
527,551,3
528,491,3
528,530,3
529,213,3
529,566,3
530,528,3
530,572,3
531,499,3
531,537,3
532,495,3
532,508,3
533,514,3
533,557,3
534,372,3
534,476,3
535,854,3
535,871,3
536,148,3
536,860,3
537,531,3
537,588,3
538,539,3
538,559,3
539,538,3
539,615,3
540,451,3
540,516,3
541,628,3
541,669,3
542,477,3
542,624,3
543,861,3
543,952,3
544,358,3
544,851,3
545,627,3
545,990,3
546,59,3
546,548,3
547,278,3
547,605,3
548,497,3
548,546,3
549,484,3
549,498,3
550,213,3
550,520,3
551,506,3
551,527,3
552,611,3
552,745,3
553,7,3
553,554,3
554,553,3
554,664,3
555,410,3
555,559,3
556,377,3
556,386,3
557,514,3
557,533,3
558,617,3
558,635,3
559,538,3
559,555,3
560,562,3
560,985,3
561,483,3
561,521,3
562,260,3
562,560,3
563,606,3
563,982,3
564,442,3
564,565,3
565,564,3
565,768,3
566,225,3
566,529,3
567,569,3
567,580,3
568,492,3
568,926,3
569,567,3
569,579,3
570,144,3
570,571,3
571,452,3
571,570,3
572,530,3
572,573,3
573,572,3
573,1000,3
574,576,3
574,620,3
575,590,3
575,618,3
576,223,3
576,574,3
577,579,3
577,589,3
578,476,3
578,639,3
579,569,3
579,577,3
580,567,3
580,582,3
581,803,3
581,968,3
582,580,3
582,790,3
583,639,3
583,663,3
584,425,3
584,465,3
585,586,3
585,614,3
586,502,3
586,585,3
587,503,3
587,588,3
588,537,3
588,587,3
589,422,3
589,577,3
590,575,3
590,618,3
591,592,3
591,610,3
592,122,3
592,591,3
593,685,3
593,698,3
594,406,3
594,596,3
595,389,3
595,408,3
596,594,3
596,616,3
597,605,3
597,667,3
598,482,3
598,961,3
599,617,3
599,668,3
600,337,3
600,640,3
601,613,3
601,665,3
602,4,3
602,985,3
603,660,3
603,769,3
604,119,3
604,608,3
605,547,3
605,597,3
606,563,3
606,990,3
607,501,3
607,609,3
608,604,3
608,941,3
609,164,3
609,607,3
610,591,3
610,615,3
611,552,3
611,743,3
612,516,3
612,640,3
613,601,3
613,665,3
614,585,3
614,906,3
615,539,3
615,610,3
616,67,3
616,596,3
617,558,3
617,599,3
618,575,3
618,590,3
619,746,3
619,766,3
620,574,3
620,622,3
621,489,3
621,510,3
622,374,3
622,620,3
623,707,3
623,725,3
624,542,3
624,666,3
625,40,3
625,760,3
626,631,3
626,844,3
627,545,3
627,934,3
628,525,3
628,541,3
629,719,3
629,990,3
630,895,3
630,981,3
631,327,3
631,626,3
632,396,3
632,636,3
633,447,3
633,940,3
634,656,3
634,706,3
635,558,3
635,683,3
636,632,3
636,708,3
637,424,3
637,649,3
638,642,3
638,652,3
639,578,3
639,583,3
640,600,3
640,612,3
641,470,3
641,777,3
642,638,3
642,652,3
643,234,3
643,859,3
644,164,3
644,653,3
645,648,3
645,679,3
646,697,3
646,816,3
647,826,3
647,959,3
648,645,3
648,891,3
649,273,3
649,637,3
650,697,3
650,809,3
651,209,3
651,980,3
652,638,3
652,642,3
653,9,3
653,644,3
654,728,3
654,951,3
655,736,3
655,926,3
656,634,3
656,706,3
657,661,3
657,949,3
658,457,3
658,961,3
659,707,3
659,730,3
660,603,3
660,769,3
661,657,3
661,923,3
662,682,3
662,692,3
663,583,3
663,704,3
664,554,3
664,667,3
665,601,3
665,613,3
666,624,3
666,682,3
667,597,3
667,664,3
667,760,3
668,599,3
668,669,3
668,683,3
669,541,3
669,668,3
669,804,3
670,338,3
670,674,3
670,986,3
671,438,3
671,991,3
671,993,3
672,857,3
672,898,3
672,921,3
673,289,3
673,876,3
673,982,3
674,670,3
674,750,3
674,763,3
675,261,3
675,382,3
675,983,3
676,677,3
676,787,3
676,788,3
677,270,3
677,676,3
677,928,3
678,820,3
678,842,3
678,867,3
679,645,3
679,682,3
679,704,3
680,235,3
680,891,3
680,973,3
681,743,3
681,815,3
681,952,3
682,662,3
682,666,3
682,679,3
683,635,3
683,668,3
683,684,3
684,481,3
684,683,3
684,982,3
685,593,3
685,688,3
685,698,3
686,714,3
686,742,3
686,870,3
687,105,3
687,866,3
687,941,3
688,685,3
688,705,3
688,968,3
689,712,3
689,912,3
689,999,3
690,764,3
690,890,3
690,974,3
691,700,3
691,997,3
691,998,3
692,662,3
692,693,3
692,710,3
693,9,3
693,692,3
693,735,3
694,697,3
694,847,3
694,860,3
695,915,3
695,929,3
695,999,3
696,772,3
696,810,3
696,988,3
697,646,3
697,650,3
697,694,3
698,593,3
698,685,3
698,699,3
699,698,3
699,718,3
699,749,3
700,691,3
700,997,3
700,998,3
701,702,3
701,804,3
701,845,3
702,313,3
702,701,3
702,718,3
703,864,3
703,914,3
703,958,3
704,663,3
704,679,3
704,705,3
705,688,3
705,704,3
705,968,3
706,634,3
706,656,3
706,949,3
707,623,3
707,659,3
707,709,3
708,636,3
708,753,3
708,801,3
709,707,3
709,711,3
709,721,3
710,692,3
710,711,3
710,863,3
711,709,3
711,710,3
711,903,3
712,689,3
712,791,3
712,999,3
713,729,3
713,945,3
713,996,3
714,208,3
714,686,3
714,969,3
715,418,3
715,767,3
715,883,3
716,772,3
716,855,3
716,988,3
717,432,3
717,943,3
717,952,3
718,699,3
718,702,3
718,721,3
719,629,3
719,724,3
719,990,3
720,822,3
720,836,3
720,998,3
721,709,3
721,718,3
721,724,3
722,139,3
722,940,3
722,961,3
723,740,3
723,866,3
723,941,3
724,719,3
724,721,3
724,850,3
725,623,3
725,729,3
725,763,3
726,802,3
726,830,3
726,966,3
727,754,3
727,997,3
727,998,3
728,654,3
728,951,3
728,973,3
729,145,3
729,713,3
729,725,3
730,659,3
730,924,3
730,957,3
731,921,3
731,948,3
731,995,3
732,375,3
732,733,3
732,739,3
733,380,3
733,732,3
733,739,3
734,906,3
734,949,3
734,989,3
735,131,3
735,693,3
735,736,3
736,655,3
736,735,3
736,954,3
737,44,3
737,155,3
737,174,3
738,131,3
738,396,3
738,746,3
739,732,3
739,733,3
739,748,3
740,105,3
740,723,3
740,946,3
741,744,3
741,825,3
741,950,3
742,117,3
742,686,3
742,969,3
743,611,3
743,681,3
743,943,3
744,741,3
744,784,3
744,789,3
745,552,3
745,746,3
745,787,3
746,619,3
746,738,3
746,745,3
747,145,3
747,366,3
747,805,3
748,739,3
748,792,3
748,889,3
749,366,3
749,699,3
749,818,3
750,674,3
750,789,3
750,976,3
751,202,3
751,801,3
751,953,3
752,762,3
752,877,3
752,910,3
753,708,3
753,761,3
753,819,3
754,727,3
754,992,3
754,998,3
755,793,3
755,948,3
755,995,3
756,764,3
756,792,3
756,889,3
757,786,3
757,934,3
757,946,3
758,783,3
758,946,3
758,960,3
759,354,3
759,931,3
759,989,3
760,189,3
760,625,3
760,667,3
761,753,3
761,801,3
761,819,3
762,752,3
762,775,3
762,976,3
763,674,3
763,725,3
763,957,3
764,690,3
764,756,3
764,889,3
765,808,3
765,909,3
765,935,3
766,619,3
766,767,3
766,795,3
767,715,3
767,766,3
767,883,3
768,565,3
768,769,3
768,807,3
769,603,3
769,660,3
769,768,3
770,875,3
770,992,3
770,997,3
771,810,3
771,865,3
771,943,3
772,696,3
772,716,3
772,970,3
773,872,3
773,923,3
773,960,3
774,777,3
774,918,3
774,996,3
775,762,3
775,931,3
775,978,3
776,805,3
776,838,3
776,943,3
777,641,3
777,774,3
777,996,3
778,780,3
778,914,3
778,1000,3
779,479,3
779,492,3
779,995,3
780,778,3
780,802,3
780,811,3
781,782,3
781,807,3
781,820,3
782,781,3
782,818,3
782,918,3
783,758,3
783,787,3
783,941,3
784,744,3
784,788,3
784,924,3
785,791,3
785,863,3
785,999,3
786,757,3
786,897,3
786,962,3
787,676,3
787,745,3
787,783,3
788,676,3
788,784,3
788,904,3
789,744,3
789,750,3
789,924,3
790,346,3
790,582,3
790,807,3
791,712,3
791,785,3
791,999,3
792,748,3
792,756,3
792,935,3
793,263,3
793,755,3
793,920,3
794,282,3
794,896,3
794,942,3
795,77,3
795,766,3
795,975,3
796,397,3
796,797,3
796,859,3
797,796,3
797,824,3
797,989,3
798,881,3
798,934,3
798,962,3
799,240,3
799,448,3
799,957,3
800,869,3
800,913,3
800,981,3
801,708,3
801,751,3
801,761,3
802,726,3
802,780,3
802,963,3
803,581,3
803,928,3
803,986,3
804,669,3
804,701,3
804,805,3
805,747,3
805,776,3
805,804,3
806,303,3
806,809,3
806,950,3
807,768,3
807,781,3
807,790,3
808,765,3
808,909,3
808,935,3
809,650,3
809,806,3
809,831,3
810,696,3
810,771,3
810,970,3
811,780,3
811,812,3
811,834,3
812,811,3
812,832,3
812,993,3
813,843,3
813,852,3
813,974,3
814,816,3
814,833,3
814,996,3
815,681,3
815,865,3
815,988,3
816,646,3
816,814,3
816,831,3
817,849,3
817,922,3
817,977,3
818,749,3
818,782,3
818,821,3
819,753,3
819,761,3
819,925,3
820,678,3
820,781,3
820,867,3
821,77,3
821,818,3
821,890,3
822,720,3
822,824,3
822,836,3
823,193,3
823,825,3
823,982,3
824,797,3
824,822,3
824,989,3
825,741,3
825,823,3
825,950,3
826,647,3
826,828,3
826,959,3
827,829,3
827,905,3
827,925,3
828,826,3
828,896,3
828,968,3
829,142,3
829,827,3
829,887,3
830,726,3
830,831,3
830,834,3
831,809,3
831,816,3
831,830,3
832,812,3
832,932,3
832,993,3
833,814,3
833,834,3
833,996,3
834,811,3
834,830,3
834,833,3
835,460,3
835,836,3
835,920,3
836,720,3
836,822,3
836,835,3
837,839,3
837,939,3
837,994,3
838,776,3
838,945,3
838,996,3
839,473,3
839,837,3
839,984,3
840,2,3
840,295,3
840,1000,3
841,892,3
841,902,3
841,969,3
842,110,3
842,678,3
842,846,3
843,813,3
843,852,3
843,974,3
844,626,3
844,975,3
844,977,3
845,701,3
845,849,3
845,858,3
846,842,3
846,868,3
846,900,3
847,694,3
847,931,3
847,978,3
848,205,3
848,850,3
848,984,3
849,817,3
849,845,3
849,900,3
850,724,3
850,848,3
850,853,3
851,544,3
851,854,3
851,979,3
852,813,3
852,843,3
852,974,3
853,850,3
853,868,3
853,977,3
854,535,3
854,851,3
854,871,3
855,716,3
855,856,3
855,904,3
856,14,3
856,855,3
856,858,3
857,472,3
857,672,3
857,937,3
858,845,3
858,856,3
858,859,3
859,643,3
859,796,3
859,858,3
860,536,3
860,694,3
860,978,3
861,543,3
861,943,3
861,988,3
862,441,3
862,863,3
862,983,3
862,1000,3
863,710,3
863,785,3
863,862,3
863,999,3
864,703,3
864,865,3
864,958,3
864,983,3
865,771,3
865,815,3
865,864,3
865,970,3
866,8,3
866,687,3
866,723,3
866,963,3
867,437,3
867,678,3
867,820,3
867,868,3
868,846,3
868,853,3
868,867,3
868,977,3
869,800,3
869,893,3
869,944,3
869,979,3
870,34,3
870,686,3
870,979,3
870,985,3
871,535,3
871,854,3
871,874,3
871,987,3
872,96,3
872,773,3
872,955,3
872,976,3
873,917,3
873,951,3
873,971,3
873,973,3
874,871,3
874,898,3
874,954,3
874,995,3
875,770,3
875,992,3
875,997,3
875,998,3
876,289,3
876,673,3
876,879,3
876,990,3
877,157,3
877,752,3
877,976,3
877,987,3
878,148,3
878,880,3
878,910,3
878,978,3
879,876,3
879,908,3
879,972,3
879,997,3
880,878,3
880,947,3
880,992,3
880,997,3
881,798,3
881,882,3
881,916,3
881,962,3
882,165,3
882,270,3
882,881,3
882,986,3
883,715,3
883,767,3
883,884,3
883,999,3
884,883,3
884,897,3
884,916,3
884,963,3
885,886,3
885,887,3
885,899,3
885,933,3
886,284,3
886,885,3
886,991,3
886,996,3
887,469,3
887,829,3
887,885,3
887,933,3
888,229,3
888,890,3
888,993,3
888,996,3
889,380,3
889,748,3
889,756,3
889,764,3
890,690,3
890,821,3
890,888,3
890,974,3
891,648,3
891,680,3
891,892,3
891,951,3
892,160,3
892,841,3
892,891,3
892,985,3
893,381,3
893,869,3
893,913,3
893,939,3
894,895,3
894,903,3
894,917,3
894,971,3
895,630,3
895,894,3
895,912,3
895,965,3
896,365,3
896,794,3
896,828,3
896,897,3
897,786,3
897,884,3
897,896,3
897,963,3
898,503,3
898,672,3
898,874,3
898,937,3
899,885,3
899,900,3
899,933,3
899,966,3
900,846,3
900,849,3
900,899,3
900,977,3
901,255,3
901,902,3
901,991,3
901,993,3
902,33,3
902,841,3
902,901,3
902,985,3
903,711,3
903,894,3
903,971,3
903,977,3
904,788,3
904,855,3
904,905,3
904,988,3
905,827,3
905,904,3
905,953,3
905,966,3
906,614,3
906,734,3
906,907,3
906,989,3
907,264,3
907,906,3
907,919,3
907,966,3
908,879,3
908,909,3
908,972,3
908,997,3
909,765,3
909,808,3
909,908,3
909,935,3
910,752,3
910,878,3
910,913,3
910,976,3
911,113,3
911,153,3
911,930,3
911,979,3
912,237,3
912,689,3
912,895,3
912,994,3
913,800,3
913,893,3
913,910,3
913,999,3
914,703,3
914,778,3
914,915,3
914,983,3
915,695,3
915,914,3
915,929,3
915,994,3
916,881,3
916,884,3
916,963,3
916,996,3
917,176,3
917,873,3
917,894,3
917,975,3
918,774,3
918,782,3
918,919,3
918,966,3
919,907,3
919,918,3
919,964,3
919,966,3
920,793,3
920,835,3
920,937,3
920,995,3
921,672,3
921,731,3
921,922,3
921,956,3
922,267,3
922,817,3
922,921,3
922,975,3
923,661,3
923,773,3
923,924,3
923,955,3
924,448,3
924,730,3
924,784,3
924,789,3
924,923,3
925,819,3
925,827,3
925,926,3
925,953,3
925,964,3
926,568,3
926,655,3
926,925,3
926,956,3
926,995,3
927,451,3
927,928,3
927,992,3
927,997,3
927,998,3
928,135,3
928,677,3
928,803,3
928,927,3
928,942,3
929,695,3
929,915,3
929,930,3
929,994,3
929,999,3
930,113,3
930,911,3
930,929,3
930,936,3
930,979,3
931,759,3
931,775,3
931,847,3
931,976,3
931,978,3
932,315,3
932,832,3
932,933,3
932,945,3
932,991,3
933,885,3
933,887,3
933,899,3
933,932,3
933,964,3
934,627,3
934,757,3
934,798,3
934,946,3
934,962,3
935,765,3
935,792,3
935,808,3
935,909,3
935,936,3
936,153,3
936,397,3
936,930,3
936,935,3
936,979,3
937,857,3
937,898,3
937,920,3
937,938,3
937,948,3
938,227,3
938,937,3
938,955,3
938,978,3
938,987,3
939,837,3
939,893,3
939,940,3
939,944,3
939,981,3
940,139,3
940,243,3
940,633,3
940,722,3
940,939,3
941,608,3
941,687,3
941,723,3
941,783,3
941,942,3
942,129,3
942,794,3
942,928,3
942,941,3
942,968,3
943,717,3
943,743,3
943,771,3
943,776,3
943,861,3
944,308,3
944,869,3
944,939,3
944,945,3
944,994,3
945,713,3
945,838,3
945,932,3
945,944,3
945,991,3
946,740,3
946,757,3
946,758,3
946,934,3
946,947,3
947,880,3
947,946,3
947,972,3
947,997,3
947,998,3
948,731,3
948,755,3
948,937,3
948,949,3
948,956,3
949,657,3
949,706,3
949,734,3
949,948,3
949,984,3
950,741,3
950,806,3
950,825,3
950,951,3
950,984,3
951,654,3
951,728,3
951,873,3
951,891,3
951,950,3
952,543,3
952,681,3
952,717,3
952,953,3
952,988,3
953,751,3
953,905,3
953,925,3
953,952,3
953,964,3
954,736,3
954,874,3
954,956,3
954,994,3
954,995,3
955,872,3
955,923,3
955,938,3
955,960,3
955,994,3
956,921,3
956,926,3
956,948,3
956,954,3
956,957,3
957,424,3
957,730,3
957,763,3
957,799,3
957,956,3
958,703,3
958,864,3
958,959,3
958,983,3
958,1000,3
959,259,3
959,447,3
959,647,3
959,826,3
959,958,3
960,32,3
960,758,3
960,773,3
960,955,3
960,987,3
961,457,3
961,598,3
961,658,3
961,722,3
961,962,3
962,786,3
962,798,3
962,881,3
962,934,3
962,961,3
963,802,3
963,866,3
963,884,3
963,897,3
963,916,3
964,10,3
964,919,3
964,925,3
964,933,3
964,953,3
964,1000,3
965,191,3
965,308,3
965,388,3
965,433,3
965,895,3
965,994,3
966,726,3
966,899,3
966,905,3
966,907,3
966,918,3
966,919,3
967,321,3
967,362,3
967,414,3
967,444,3
967,968,3
967,990,3
968,581,3
968,688,3
968,705,3
968,828,3
968,942,3
968,967,3
969,117,3
969,160,3
969,343,3
969,714,3
969,742,3
969,841,3
970,47,3
970,772,3
970,810,3
970,865,3
970,980,3
970,981,3
971,873,3
971,894,3
971,903,3
971,972,3
971,973,3
971,975,3
972,341,3
972,879,3
972,908,3
972,947,3
972,971,3
972,992,3
973,680,3
973,728,3
973,873,3
973,971,3
973,974,3
973,975,3
974,690,3
974,813,3
974,843,3
974,852,3
974,890,3
974,973,3
975,795,3
975,844,3
975,917,3
975,922,3
975,971,3
975,973,3
976,750,3
976,762,3
976,872,3
976,877,3
976,910,3
976,931,3
976,987,3
977,817,3
977,844,3
977,853,3
977,868,3
977,900,3
977,903,3
977,978,3
978,775,3
978,847,3
978,860,3
978,878,3
978,931,3
978,938,3
978,977,3
979,268,3
979,851,3
979,869,3
979,870,3
979,911,3
979,930,3
979,936,3
980,123,3
980,454,3
980,481,3
980,523,3
980,651,3
980,970,3
980,981,3
981,630,3
981,800,3
981,939,3
981,970,3
981,980,3
981,994,3
981,999,3
982,193,3
982,563,3
982,673,3
982,684,3
982,823,3
982,983,3
982,984,3
983,348,3
983,675,3
983,862,3
983,864,3
983,914,3
983,958,3
983,982,3
983,984,3
984,205,3
984,839,3
984,848,3
984,949,3
984,950,3
984,982,3
984,983,3
984,989,3
985,4,3
985,504,3
985,560,3
985,602,3
985,870,3
985,892,3
985,902,3
985,988,3
986,228,3
986,229,3
986,251,3
986,282,3
986,338,3
986,670,3
986,803,3
986,882,3
987,45,3
987,871,3
987,877,3
987,938,3
987,960,3
987,976,3
987,990,3
987,992,3
988,119,3
988,696,3
988,716,3
988,815,3
988,861,3
988,904,3
988,952,3
988,985,3
989,374,3
989,734,3
989,759,3
989,797,3
989,824,3
989,906,3
989,984,3
989,991,3
990,200,3
990,545,3
990,606,3
990,629,3
990,719,3
990,876,3
990,967,3
990,987,3
990,992,3
991,284,3
991,299,3
991,512,3
991,671,3
991,886,3
991,901,3
991,932,3
991,945,3
991,989,3
992,754,3
992,770,3
992,875,3
992,880,3
992,927,3
992,972,3
992,987,3
992,990,3
992,997,3
992,998,3
993,255,3
993,353,3
993,671,3
993,812,3
993,832,3
993,888,3
993,901,3
993,995,3
993,996,3
993,997,3
994,837,3
994,912,3
994,915,3
994,929,3
994,944,3
994,954,3
994,955,3
994,965,3
994,981,3
994,999,3
995,410,3
995,731,3
995,755,3
995,779,3
995,874,3
995,920,3
995,926,3
995,954,3
995,993,3
995,997,3
996,486,3
996,713,3
996,774,3
996,777,3
996,814,3
996,833,3
996,838,3
996,886,3
996,888,3
996,916,3
996,993,3
996,999,3
997,691,3
997,700,3
997,727,3
997,770,3
997,875,3
997,879,3
997,880,3
997,908,3
997,927,3
997,947,3
997,992,3
997,993,3
997,995,3
998,511,3
998,691,3
998,700,3
998,720,3
998,727,3
998,754,3
998,875,3
998,927,3
998,947,3
998,992,3
998,1000,3
999,1,3
999,6,3
999,493,3
999,689,3
999,695,3
999,712,3
999,785,3
999,791,3
999,863,3
999,883,3
999,913,3
999,929,3
999,981,3
999,994,3
999,996,3
1000,10,3
1000,112,3
1000,295,3
1000,346,3
1000,348,3
1000,418,3
1000,441,3
1000,468,3
1000,573,3
1000,778,3
1000,840,3
1000,862,3
1000,958,3
1000,964,3
1000,998,3
1,46,4
1,995,4
2,6,4
2,19,4
3,196,4
3,289,4
4,34,4
4,171,4
5,14,4
5,57,4
6,2,4
6,927,4
7,162,4
7,221,4
8,11,4
8,20,4
9,48,4
9,100,4
10,366,4
10,999,4
11,8,4
11,157,4
12,36,4
12,105,4
13,24,4
13,162,4
14,5,4
14,15,4
15,14,4
15,36,4
16,848,4
16,906,4
17,177,4
17,179,4
18,190,4
18,209,4
19,2,4
19,20,4
20,8,4
20,19,4
21,22,4
21,959,4
22,21,4
22,81,4
23,86,4
23,869,4
24,13,4
24,210,4
25,88,4
25,184,4
26,61,4
26,104,4
27,28,4
27,135,4
28,27,4
28,71,4
29,51,4
29,108,4
30,223,4
30,511,4
31,58,4
31,59,4
32,90,4
32,199,4
33,39,4
33,902,4
34,4,4
34,231,4
35,39,4
35,836,4
36,12,4
36,15,4
37,552,4
37,597,4
38,68,4
38,188,4
39,33,4
39,35,4
40,49,4
40,119,4
41,42,4
41,56,4
42,41,4
42,437,4
43,98,4
43,115,4
44,174,4
44,243,4
45,46,4
45,987,4
46,1,4
46,45,4
47,788,4
47,970,4
48,9,4
48,77,4
49,40,4
49,119,4
50,94,4
50,273,4
51,29,4
51,166,4
52,58,4
52,72,4
53,905,4
53,953,4
54,56,4
54,835,4
55,74,4
55,87,4
56,41,4
56,54,4
57,5,4
57,265,4
58,31,4
58,52,4
59,31,4
59,122,4
60,582,4
60,678,4
61,26,4
61,98,4
62,63,4
62,111,4
63,62,4
63,67,4
64,65,4
64,66,4
65,64,4
65,154,4
66,64,4
66,67,4
67,63,4
67,66,4
68,38,4
68,78,4
69,71,4
69,83,4
70,332,4
70,498,4
71,28,4
71,69,4
72,52,4
72,122,4
73,79,4
73,190,4
74,55,4
74,87,4
75,103,4
75,875,4
76,136,4
76,149,4
77,48,4
77,144,4
78,68,4
78,302,4
79,73,4
79,884,4
80,148,4
80,520,4
81,22,4
81,82,4
82,81,4
82,224,4
83,69,4
83,85,4
84,148,4
84,158,4
85,83,4
85,106,4
86,23,4
86,89,4
87,55,4
87,74,4
88,25,4
88,947,4
89,86,4
89,249,4
90,32,4
90,158,4
91,92,4
91,390,4
92,91,4
92,127,4
93,97,4
93,195,4
94,50,4
94,117,4
95,114,4
95,516,4
96,173,4
96,872,4
97,93,4
97,376,4
98,43,4
98,61,4
99,142,4
99,172,4
100,9,4
100,756,4
101,114,4
101,880,4
102,106,4
102,141,4
103,75,4
103,720,4
104,26,4
104,146,4
105,12,4
105,265,4
106,85,4
106,102,4
107,180,4
107,866,4
108,29,4
108,166,4
109,173,4
109,227,4
110,262,4
110,565,4
111,62,4
111,112,4
112,111,4
112,1000,4
113,147,4
113,153,4
114,95,4
114,101,4
115,43,4
115,146,4
116,691,4
116,875,4
117,94,4
117,171,4
118,149,4
118,156,4
119,40,4
119,49,4
120,133,4
120,212,4
121,142,4
121,220,4
122,59,4
122,72,4
123,258,4
123,747,4
124,886,4
124,945,4
125,132,4
125,997,4
126,210,4
126,233,4
127,92,4
127,954,4
128,139,4
128,447,4
129,251,4
129,282,4
130,187,4
130,192,4
131,144,4
131,735,4
132,125,4
132,997,4
133,120,4
133,150,4
134,138,4
134,246,4
135,27,4
135,140,4
136,76,4
136,656,4
137,152,4
137,989,4
138,134,4
138,182,4
139,128,4
139,155,4
140,135,4
140,275,4
141,102,4
141,150,4
142,99,4
142,121,4
143,668,4
143,683,4
144,77,4
144,131,4
145,185,4
145,812,4
146,104,4
146,115,4
147,113,4
147,911,4
148,80,4
148,84,4
149,76,4
149,118,4
150,133,4
150,141,4
151,256,4
151,378,4
152,137,4
152,989,4
153,113,4
153,936,4
154,65,4
154,378,4
155,139,4
155,364,4
156,118,4
156,244,4
157,11,4
157,159,4
158,84,4
158,90,4
159,157,4
159,365,4
160,483,4
160,969,4
161,185,4
161,698,4
162,7,4
162,13,4
163,198,4
163,298,4
164,168,4
164,206,4
165,270,4
165,928,4
166,51,4
166,108,4
167,170,4
167,191,4
168,164,4
168,206,4
169,194,4
169,297,4
170,167,4
170,226,4
171,4,4
171,117,4
172,99,4
172,202,4
173,96,4
173,109,4
174,44,4
174,259,4
175,749,4
175,919,4
176,178,4
176,197,4
177,17,4
177,179,4
178,176,4
178,203,4
179,17,4
179,177,4
180,107,4
180,866,4
181,186,4
181,993,4
182,138,4
182,214,4
183,923,4
183,938,4
184,25,4
184,600,4
185,145,4
185,161,4
186,181,4
186,208,4
187,130,4
187,192,4
188,38,4
188,302,4
189,211,4
189,760,4
190,18,4
190,73,4
191,167,4
191,195,4
192,130,4
192,187,4
193,606,4
193,982,4
194,169,4
194,898,4
195,93,4
195,191,4
196,3,4
196,236,4
197,176,4
197,200,4
198,163,4
198,298,4
199,32,4
199,239,4
200,197,4
200,990,4
201,214,4
201,278,4
202,172,4
202,518,4
203,178,4
203,204,4
204,203,4
204,225,4
205,244,4
205,354,4
206,164,4
206,168,4
207,208,4
207,316,4
208,186,4
208,207,4
209,18,4
209,236,4
210,24,4
210,126,4
211,189,4
211,217,4
212,120,4
212,218,4
213,254,4
213,279,4
214,182,4
214,201,4
215,284,4
215,838,4
216,254,4
216,350,4
217,211,4
217,325,4
218,212,4
218,841,4
219,223,4
219,384,4
220,121,4
220,272,4
221,7,4
221,235,4
222,459,4
222,997,4
223,30,4
223,219,4
224,82,4
224,522,4
225,204,4
225,226,4
226,170,4
226,225,4
227,109,4
227,239,4
228,229,4
228,919,4
229,228,4
229,242,4
230,291,4
230,328,4
231,34,4
231,603,4
232,267,4
232,894,4
233,126,4
233,235,4
234,936,4
234,979,4
235,221,4
235,233,4
236,196,4
236,209,4
237,240,4
237,681,4
238,272,4
238,290,4
239,199,4
239,227,4
240,237,4
240,327,4
241,250,4
241,564,4
242,229,4
242,246,4
243,44,4
243,259,4
244,156,4
244,205,4
245,337,4
245,997,4
246,134,4
246,242,4
247,699,4
247,717,4
248,303,4
248,586,4
249,89,4
249,256,4
250,241,4
250,820,4
251,129,4
251,270,4
252,269,4
252,662,4
253,269,4
253,322,4
254,213,4
254,216,4
255,284,4
255,315,4
256,151,4
256,249,4
257,258,4
257,739,4
258,123,4
258,257,4
259,174,4
259,243,4
260,263,4
260,394,4
261,983,4
261,1000,4
262,110,4
262,564,4
263,260,4
263,422,4
264,266,4
264,907,4
265,57,4
265,105,4
266,264,4
266,331,4
267,232,4
267,922,4
268,631,4
268,979,4
269,252,4
269,253,4
270,165,4
270,251,4
271,275,4
271,396,4
272,220,4
272,238,4
273,50,4
273,339,4
274,765,4
274,901,4
275,140,4
275,271,4
276,281,4
276,598,4
277,287,4
277,313,4
278,201,4
278,432,4
279,213,4
279,370,4
280,288,4
280,475,4
281,276,4
281,287,4
282,129,4
282,882,4
283,293,4
283,317,4
284,215,4
284,255,4
285,664,4
285,844,4
286,587,4
286,990,4
287,277,4
287,281,4
288,280,4
288,326,4
289,3,4
289,454,4
290,238,4
290,310,4
291,230,4
291,328,4
292,319,4
292,334,4
293,283,4
293,937,4
294,312,4
294,744,4
295,1000,4
296,357,4
296,480,4
297,169,4
297,319,4
298,163,4
298,198,4
299,412,4
299,416,4
300,476,4
300,975,4
301,306,4
301,353,4
302,78,4
302,188,4
303,248,4
303,502,4
304,817,4
304,977,4
305,311,4
305,962,4
306,301,4
306,309,4
307,309,4
307,465,4
308,466,4
308,965,4
309,306,4
309,307,4
310,290,4
310,373,4
311,305,4
311,786,4
312,294,4
312,313,4
313,277,4
313,312,4
314,753,4
314,899,4
315,255,4
315,415,4
316,207,4
316,317,4
317,283,4
317,316,4
318,421,4
318,425,4
319,292,4
319,297,4
320,324,4
320,380,4
321,454,4
321,523,4
322,253,4
322,355,4
323,372,4
323,480,4
324,320,4
324,519,4
325,217,4
325,369,4
326,288,4
326,327,4
327,240,4
327,326,4
328,230,4
328,291,4
329,330,4
329,340,4
330,329,4
330,400,4
331,266,4
331,340,4
332,70,4
332,434,4
333,438,4
333,486,4
334,292,4
334,479,4
335,827,4
335,966,4
336,386,4
336,389,4
337,245,4
337,997,4
338,803,4
338,942,4
339,273,4
339,660,4
340,329,4
340,331,4
341,344,4
341,511,4
342,402,4
342,428,4
343,381,4
343,969,4
344,341,4
344,433,4
345,346,4
345,356,4
346,345,4
346,1000,4
347,349,4
347,392,4
348,864,4
348,1000,4
349,347,4
349,351,4
350,216,4
350,370,4
351,349,4
351,356,4
352,432,4
352,547,4
353,301,4
353,360,4
354,205,4
354,473,4
355,322,4
355,666,4
356,345,4
356,351,4
357,296,4
357,379,4
358,851,4
358,979,4
359,412,4
359,415,4
360,353,4
360,391,4
361,380,4
361,456,4
362,481,4
362,629,4
363,534,4
363,583,4
364,155,4
364,367,4
365,159,4
365,942,4
366,10,4
366,964,4
367,364,4
367,395,4
368,471,4
368,534,4
369,325,4
369,890,4
370,279,4
370,350,4
371,374,4
371,473,4
372,323,4
372,379,4
373,310,4
373,428,4
374,371,4
374,502,4
375,381,4
375,505,4
376,97,4
376,421,4
377,408,4
377,424,4
378,151,4
378,154,4
378,1000,4
379,357,4
379,372,4
380,320,4
380,361,4
381,343,4
381,375,4
382,983,4
382,1000,4
383,407,4
383,748,4
384,219,4
384,388,4
385,655,4
385,995,4
386,336,4
386,389,4
387,734,4
387,950,4
388,384,4
388,965,4
389,336,4
389,386,4
390,91,4
390,391,4
391,360,4
391,390,4
392,347,4
392,927,4
393,405,4
393,429,4
394,260,4
394,395,4
395,367,4
395,394,4
396,271,4
396,398,4
397,859,4
397,979,4
398,396,4
398,445,4
399,624,4
399,893,4
400,330,4
400,403,4
401,405,4
401,508,4
402,342,4
402,434,4
403,400,4
403,436,4
404,406,4
404,467,4
405,393,4
405,401,4
406,404,4
406,411,4
407,383,4
407,935,4
408,377,4
408,424,4
409,411,4
409,632,4
410,460,4
410,479,4
411,406,4
411,409,4
412,299,4
412,359,4
413,417,4
413,464,4
414,481,4
414,545,4
415,315,4
415,359,4
416,299,4
416,438,4
417,413,4
417,591,4
418,422,4
418,1000,4
419,426,4
419,453,4
420,686,4
420,969,4
421,318,4
421,376,4
422,263,4
422,418,4
423,543,4
423,988,4
424,377,4
424,408,4
425,318,4
425,465,4
426,419,4
426,453,4
427,430,4
427,594,4
428,342,4
428,373,4
429,393,4
429,532,4
430,427,4
430,578,4
431,997,4
431,998,4
432,278,4
432,352,4
433,344,4
433,435,4
434,332,4
434,402,4
435,433,4
435,462,4
436,403,4
436,437,4
437,42,4
437,436,4
438,333,4
438,416,4
439,440,4
439,556,4
440,439,4
440,450,4
441,914,4
441,983,4
442,790,4
442,820,4
443,602,4
443,985,4
444,673,4
444,982,4
445,398,4
445,450,4
446,491,4
446,900,4
447,128,4
447,598,4
448,725,4
448,924,4
449,558,4
449,617,4
450,440,4
450,445,4
451,720,4
451,997,4
452,455,4
452,504,4
453,419,4
453,426,4
454,289,4
454,321,4
455,452,4
455,470,4
456,361,4
456,494,4
457,633,4
457,647,4
458,462,4
458,496,4
459,222,4
459,997,4
460,410,4
460,492,4
461,478,4
461,500,4
462,435,4
462,458,4
463,464,4
463,555,4
464,413,4
464,463,4
465,307,4
465,425,4
466,308,4
466,981,4
467,404,4
467,468,4
468,467,4
468,1000,4
469,499,4
469,909,4
470,455,4
470,471,4
471,368,4
471,470,4
472,492,4
472,568,4
473,354,4
473,371,4
474,556,4
474,659,4
475,280,4
475,477,4
476,300,4
476,971,4
477,475,4
477,493,4
478,461,4
478,500,4
479,334,4
479,410,4
480,296,4
480,323,4
481,362,4
481,414,4
482,485,4
482,826,4
483,160,4
483,969,4
484,498,4
484,514,4
485,482,4
485,974,4
486,333,4
486,685,4
487,488,4
487,503,4
488,487,4
488,513,4
489,525,4
489,541,4
490,494,4
490,609,4
491,446,4
491,493,4
492,460,4
492,472,4
493,477,4
493,491,4
494,456,4
494,490,4
495,695,4
495,712,4
496,458,4
496,497,4
497,496,4
497,517,4
498,70,4
498,484,4
499,469,4
499,503,4
500,461,4
500,478,4
501,766,4
501,821,4
502,303,4
502,374,4
503,487,4
503,499,4
504,452,4
504,505,4
505,375,4
505,504,4
506,685,4
506,713,4
507,931,4
507,987,4
508,401,4
508,532,4
509,533,4
509,549,4
510,845,4
510,884,4
511,30,4
511,341,4
512,527,4
512,996,4
513,488,4
513,517,4
514,484,4
514,533,4
515,607,4
515,619,4
516,95,4
516,600,4
517,497,4
517,513,4
518,202,4
518,951,4
519,324,4
519,524,4
520,80,4
520,535,4
521,769,4
521,985,4
522,224,4
522,524,4
523,321,4
523,563,4
524,519,4
524,522,4
525,489,4
525,541,4
526,557,4
526,558,4
527,512,4
527,996,4
528,530,4
528,531,4
529,535,4
529,550,4
530,528,4
530,554,4
531,528,4
531,537,4
532,429,4
532,508,4
533,509,4
533,514,4
534,363,4
534,368,4
535,520,4
535,529,4
536,566,4
536,590,4
537,531,4
537,570,4
538,539,4
538,548,4
539,538,4
539,978,4
540,836,4
540,997,4
541,489,4
541,525,4
542,630,4
542,638,4
543,423,4
543,952,4
544,643,4
544,911,4
545,414,4
545,563,4
546,548,4
546,592,4
547,352,4
547,552,4
548,538,4
548,546,4
549,509,4
549,599,4
550,529,4
550,566,4
551,888,4
551,996,4
552,37,4
552,547,4
553,554,4
553,589,4
554,530,4
554,553,4
555,463,4
555,559,4
556,439,4
556,474,4
557,526,4
557,599,4
558,449,4
558,526,4
559,555,4
559,567,4
560,562,4
560,985,4
561,742,4
561,985,4
562,560,4
562,626,4
563,523,4
563,545,4
564,241,4
564,262,4
565,110,4
565,842,4
566,536,4
566,550,4
567,559,4
567,569,4
568,472,4
568,736,4
569,567,4
569,579,4
570,537,4
570,571,4
571,570,4
571,649,4
572,573,4
572,664,4
573,572,4
573,1000,4
574,576,4
574,588,4
575,601,4
575,613,4
576,574,4
576,678,4
577,579,4
577,971,4
578,430,4
578,645,4
579,569,4
579,577,4
580,587,4
580,604,4
581,705,4
581,986,4
582,60,4
582,874,4
583,363,4
583,645,4
584,628,4
584,669,4
585,586,4
585,614,4
586,248,4
586,585,4
587,286,4
587,580,4
588,574,4
588,589,4
589,553,4
589,588,4
590,536,4
590,601,4
591,417,4
591,592,4
592,546,4
592,591,4
593,747,4
593,996,4
594,427,4
594,596,4
595,623,4
595,674,4
596,594,4
596,616,4
597,37,4
597,611,4
598,276,4
598,447,4
599,549,4
599,557,4
600,184,4
600,516,4
601,575,4
601,590,4
602,443,4
602,969,4
603,231,4
603,985,4
604,580,4
604,608,4
605,611,4
605,676,4
606,193,4
606,982,4
607,515,4
607,795,4
608,604,4
608,941,4
609,490,4
609,653,4
610,631,4
610,637,4
611,597,4
611,605,4
612,727,4
612,998,4
613,575,4
613,665,4
614,585,4
614,741,4
615,616,4
615,661,4
616,596,4
616,615,4
617,449,4
617,650,4
618,665,4
618,694,4
619,515,4
619,653,4
620,622,4
620,644,4
621,628,4
621,701,4
622,620,4
622,984,4
623,595,4
623,750,4
624,399,4
624,630,4
625,745,4
625,760,4
626,562,4
626,627,4
627,626,4
627,876,4
628,584,4
628,621,4
629,362,4
629,980,4
630,542,4
630,624,4
631,268,4
631,610,4
632,409,4
632,636,4
633,457,4
633,647,4
634,741,4
634,759,4
635,646,4
635,650,4
636,632,4
636,801,4
637,610,4
637,641,4
638,542,4
638,893,4
639,894,4
639,903,4
640,992,4
640,998,4
641,637,4
641,837,4
642,689,4
642,981,4
643,544,4
643,911,4
644,620,4
644,756,4
645,578,4
645,583,4
646,635,4
646,668,4
647,457,4
647,633,4
648,654,4
648,663,4
649,571,4
649,856,4
650,617,4
650,635,4
651,719,4
651,967,4
652,791,4
652,800,4
653,609,4
653,619,4
654,648,4
654,663,4
655,385,4
655,937,4
656,136,4
656,797,4
657,661,4
657,949,4
658,737,4
658,961,4
659,474,4
659,744,4
660,339,4
660,969,4
661,615,4
661,657,4
662,252,4
662,800,4
663,648,4
663,654,4
664,285,4
664,572,4
665,613,4
665,618,4
666,355,4
666,999,4
667,668,4
667,771,4
667,772,4
668,143,4
668,646,4
668,667,4
669,584,4
669,670,4
669,758,4
670,669,4
670,794,4
670,968,4
671,805,4
671,945,4
671,996,4
672,731,4
672,755,4
672,948,4
673,444,4
673,980,4
673,990,4
674,595,4
674,676,4
674,744,4
675,703,4
675,840,4
675,958,4
676,605,4
676,674,4
676,745,4
677,679,4
677,828,4
677,986,4
678,60,4
678,576,4
678,867,4
679,677,4
679,704,4
679,721,4
680,811,4
680,853,4
680,951,4
681,237,4
681,696,4
681,716,4
682,683,4
682,715,4
682,999,4
683,143,4
683,682,4
683,699,4
684,685,4
684,823,4
684,967,4
685,486,4
685,506,4
685,684,4
686,420,4
686,841,4
686,985,4
687,757,4
687,786,4
687,934,4
688,692,4
688,896,4
688,968,4
689,642,4
689,869,4
689,994,4
690,733,4
690,739,4
690,792,4
691,116,4
691,879,4
691,992,4
692,688,4
692,710,4
692,999,4
693,694,4
693,738,4
693,746,4
694,618,4
694,693,4
694,955,4
695,495,4
695,712,4
695,994,4
696,681,4
696,743,4
696,865,4
697,698,4
697,699,4
697,782,4
698,161,4
698,697,4
698,996,4
699,247,4
699,683,4
699,697,4
700,879,4
700,908,4
700,992,4
701,621,4
701,702,4
701,758,4
702,701,4
702,718,4
702,809,4
703,675,4
703,958,4
703,1000,4
704,679,4
704,705,4
704,873,4
705,581,4
705,704,4
705,986,4
706,839,4
706,949,4
706,984,4
707,709,4
707,763,4
707,784,4
708,761,4
708,885,4
708,899,4
709,707,4
709,780,4
709,802,4
710,692,4
710,711,4
710,999,4
711,710,4
711,724,4
711,780,4
712,495,4
712,695,4
712,994,4
713,506,4
713,932,4
713,991,4
714,742,4
714,870,4
714,892,4
715,682,4
715,999,4
715,1000,4
716,681,4
716,717,4
716,865,4
717,247,4
717,716,4
717,787,4
718,702,4
718,816,4
718,1000,4
719,651,4
719,721,4
719,967,4
720,103,4
720,451,4
720,972,4
721,679,4
721,719,4
721,726,4
722,737,4
722,940,4
722,959,4
723,757,4
723,881,4
723,897,4
724,711,4
724,725,4
724,726,4
725,448,4
725,724,4
725,957,4
726,721,4
726,724,4
726,729,4
727,612,4
727,972,4
727,992,4
728,844,4
728,853,4
728,868,4
729,726,4
729,776,4
729,996,4
730,750,4
730,784,4
730,957,4
731,672,4
731,857,4
731,874,4
732,843,4
732,852,4
732,889,4
733,690,4
733,748,4
733,764,4
734,387,4
734,984,4
734,989,4
735,131,4
735,736,4
735,738,4
736,568,4
736,735,4
736,793,4
737,658,4
737,722,4
737,940,4
738,693,4
738,735,4
738,983,4
739,257,4
739,690,4
739,792,4
740,757,4
740,916,4
740,962,4
741,614,4
741,634,4
741,983,4
742,561,4
742,714,4
742,841,4
743,696,4
743,787,4
743,810,4
744,294,4
744,659,4
744,674,4
745,625,4
745,676,4
745,746,4
746,693,4
746,745,4
746,766,4
747,123,4
747,593,4
747,996,4
748,383,4
748,733,4
748,756,4
749,175,4
749,750,4
749,816,4
750,623,4
750,730,4
750,749,4
751,819,4
751,827,4
751,829,4
752,773,4
752,775,4
752,847,4
753,314,4
753,933,4
753,953,4
754,822,4
754,997,4
754,998,4
755,672,4
755,874,4
755,956,4
756,100,4
756,644,4
756,748,4
757,687,4
757,723,4
757,740,4
758,669,4
758,701,4
758,759,4
759,634,4
759,758,4
759,797,4
760,189,4
760,625,4
760,904,4
761,708,4
761,885,4
761,933,4
762,775,4
762,860,4
762,871,4
763,707,4
763,789,4
763,924,4
764,733,4
764,808,4
764,813,4
765,274,4
765,808,4
765,813,4
766,501,4
766,746,4
766,767,4
767,766,4
767,863,4
767,999,4
768,774,4
768,781,4
768,807,4
769,521,4
769,776,4
769,985,4
770,880,4
770,908,4
770,998,4
771,667,4
771,772,4
771,810,4
772,667,4
772,771,4
772,810,4
773,752,4
773,775,4
773,847,4
774,768,4
774,777,4
774,993,4
775,752,4
775,762,4
775,773,4
776,729,4
776,769,4
776,996,4
777,774,4
777,778,4
777,993,4
778,777,4
778,840,4
778,862,4
779,920,4
779,921,4
779,954,4
780,709,4
780,711,4
780,781,4
781,768,4
781,780,4
781,842,4
782,697,4
782,783,4
782,809,4
783,782,4
783,804,4
783,856,4
784,707,4
784,730,4
784,787,4
785,863,4
785,883,4
785,994,4
786,311,4
786,687,4
786,798,4
787,717,4
787,743,4
787,784,4
788,47,4
788,790,4
788,970,4
789,763,4
789,799,4
789,957,4
790,442,4
790,788,4
790,807,4
791,652,4
791,895,4
791,999,4
792,690,4
792,739,4
792,974,4
793,736,4
793,795,4
793,835,4
794,670,4
794,968,4
794,986,4
795,607,4
795,793,4
795,909,4
796,797,4
796,911,4
796,930,4
797,656,4
797,759,4
797,796,4
798,786,4
798,845,4
798,934,4
799,789,4
799,804,4
799,924,4
800,652,4
800,662,4
800,999,4
801,636,4
801,887,4
801,933,4
802,709,4
802,834,4
802,963,4
803,338,4
803,968,4
803,986,4
804,783,4
804,799,4
804,856,4
805,671,4
805,806,4
805,991,4
806,805,4
806,824,4
806,825,4
807,768,4
807,790,4
807,867,4
808,764,4
808,765,4
808,813,4
809,702,4
809,782,4
809,811,4
810,743,4
810,771,4
810,772,4
811,680,4
811,809,4
811,973,4
812,145,4
812,816,4
812,993,4
813,764,4
813,765,4
813,808,4
814,818,4
814,832,4
814,993,4
815,861,4
815,943,4
815,988,4
816,718,4
816,749,4
816,812,4
817,304,4
817,891,4
817,951,4
818,814,4
818,831,4
818,918,4
819,751,4
819,829,4
819,887,4
820,250,4
820,442,4
820,867,4
821,501,4
821,822,4
821,909,4
822,754,4
822,821,4
822,998,4
823,684,4
823,824,4
823,990,4
824,806,4
824,823,4
824,825,4
825,806,4
825,824,4
825,826,4
826,482,4
826,825,4
826,961,4
827,335,4
827,751,4
827,887,4
828,677,4
828,830,4
828,986,4
829,751,4
829,819,4
829,925,4
830,828,4
830,834,4
830,846,4
831,818,4
831,833,4
831,918,4
832,814,4
832,993,4
832,996,4
833,831,4
833,901,4
833,991,4
834,802,4
834,830,4
834,835,4
835,54,4
835,793,4
835,834,4
836,35,4
836,540,4
836,997,4
837,641,4
837,840,4
837,999,4
838,215,4
838,932,4
838,991,4
839,706,4
839,941,4
839,950,4
840,675,4
840,778,4
840,837,4
841,218,4
841,686,4
841,742,4
842,565,4
842,781,4
842,846,4
843,732,4
843,890,4
843,974,4
844,285,4
844,728,4
844,853,4
845,510,4
845,798,4
845,849,4
846,830,4
846,842,4
846,917,4
847,752,4
847,773,4
847,878,4
848,16,4
848,850,4
848,906,4
849,845,4
849,850,4
849,917,4
850,848,4
850,849,4
850,900,4
851,358,4
851,854,4
851,930,4
852,732,4
852,889,4
852,935,4
853,680,4
853,728,4
853,844,4
854,851,4
854,955,4
854,960,4
855,858,4
855,904,4
855,952,4
856,649,4
856,783,4
856,804,4
857,731,4
857,874,4
857,956,4
858,855,4
858,916,4
858,941,4
859,397,4
859,863,4
859,930,4
860,762,4
860,871,4
860,878,4
861,815,4
861,943,4
861,988,4
862,778,4
862,899,4
862,958,4
862,983,4
863,767,4
863,785,4
863,859,4
863,994,4
864,348,4
864,865,4
864,983,4
864,1000,4
865,696,4
865,716,4
865,864,4
865,988,4
866,107,4
866,180,4
866,934,4
866,941,4
867,678,4
867,807,4
867,820,4
867,868,4
868,728,4
868,867,4
868,891,4
868,951,4
869,23,4
869,689,4
869,915,4
869,939,4
870,714,4
870,892,4
870,902,4
870,970,4
871,762,4
871,860,4
871,878,4
871,970,4
872,96,4
872,910,4
872,976,4
872,978,4
873,704,4
873,922,4
873,971,4
873,977,4
874,582,4
874,731,4
874,755,4
874,857,4
875,75,4
875,116,4
875,972,4
875,992,4
876,627,4
876,879,4
876,967,4
876,980,4
877,923,4
877,931,4
877,938,4
877,978,4
878,847,4
878,860,4
878,871,4
878,880,4
879,691,4
879,700,4
879,876,4
879,992,4
880,101,4
880,770,4
880,878,4
880,998,4
881,723,4
881,882,4
881,884,4
881,897,4
882,282,4
882,881,4
882,896,4
882,928,4
883,785,4
883,884,4
883,913,4
883,994,4
884,79,4
884,510,4
884,881,4
884,883,4
885,708,4
885,761,4
885,886,4
885,925,4
886,124,4
886,885,4
886,932,4
886,945,4
887,801,4
887,819,4
887,827,4
887,966,4
888,551,4
888,890,4
888,945,4
888,991,4
889,732,4
889,852,4
889,890,4
889,935,4
890,369,4
890,843,4
890,888,4
890,889,4
891,817,4
891,868,4
891,892,4
891,973,4
892,714,4
892,870,4
892,891,4
892,902,4
893,399,4
893,638,4
893,894,4
893,999,4
894,232,4
894,639,4
894,893,4
894,975,4
895,791,4
895,896,4
895,913,4
895,994,4
896,688,4
896,882,4
896,895,4
896,942,4
897,723,4
897,881,4
897,898,4
897,946,4
898,194,4
898,897,4
898,954,4
898,995,4
899,314,4
899,708,4
899,862,4
899,925,4
900,446,4
900,850,4
900,903,4
900,975,4
901,274,4
901,833,4
901,991,4
901,993,4
902,33,4
902,870,4
902,892,4
902,904,4
903,639,4
903,900,4
903,975,4
903,977,4
904,760,4
904,855,4
904,902,4
904,988,4
905,53,4
905,906,4
905,907,4
905,964,4
906,16,4
906,848,4
906,905,4
906,989,4
907,264,4
907,905,4
907,908,4
907,964,4
908,700,4
908,770,4
908,907,4
908,998,4
909,469,4
909,795,4
909,821,4
909,974,4
910,872,4
910,912,4
910,960,4
910,978,4
911,147,4
911,544,4
911,643,4
911,796,4
912,910,4
912,929,4
912,944,4
912,981,4
913,883,4
913,895,4
913,914,4
913,994,4
914,441,4
914,913,4
914,958,4
914,983,4
915,869,4
915,939,4
915,944,4
915,996,4
916,740,4
916,858,4
916,946,4
916,996,4
917,846,4
917,849,4
917,918,4
917,975,4
918,818,4
918,831,4
918,917,4
918,964,4
919,175,4
919,228,4
919,964,4
919,966,4
920,779,4
920,926,4
920,954,4
920,956,4
921,779,4
921,922,4
921,926,4
921,995,4
922,267,4
922,873,4
922,921,4
922,973,4
923,183,4
923,877,4
923,924,4
923,938,4
924,448,4
924,763,4
924,799,4
924,923,4
924,957,4
925,829,4
925,885,4
925,899,4
925,926,4
925,953,4
926,920,4
926,921,4
926,925,4
926,948,4
926,995,4
927,6,4
927,392,4
927,947,4
927,972,4
927,992,4
928,165,4
928,882,4
928,929,4
928,942,4
928,968,4
929,912,4
929,928,4
929,944,4
929,965,4
929,981,4
930,796,4
930,851,4
930,859,4
930,936,4
930,1000,4
931,507,4
931,877,4
931,932,4
931,976,4
931,978,4
932,713,4
932,838,4
932,886,4
932,931,4
932,991,4
933,753,4
933,761,4
933,801,4
933,934,4
933,966,4
934,687,4
934,798,4
934,866,4
934,933,4
934,963,4
935,407,4
935,852,4
935,889,4
935,936,4
935,974,4
936,153,4
936,234,4
936,930,4
936,935,4
936,979,4
937,293,4
937,655,4
937,938,4
937,948,4
937,995,4
938,183,4
938,877,4
938,923,4
938,937,4
938,976,4
939,869,4
939,915,4
939,940,4
939,965,4
939,999,4
940,722,4
940,737,4
940,939,4
940,959,4
940,961,4
941,608,4
941,839,4
941,858,4
941,866,4
941,963,4
942,338,4
942,365,4
942,896,4
942,928,4
942,943,4
943,815,4
943,861,4
943,942,4
943,952,4
943,988,4
944,912,4
944,915,4
944,929,4
944,945,4
944,965,4
945,124,4
945,671,4
945,886,4
945,888,4
945,944,4
946,897,4
946,916,4
946,947,4
946,962,4
946,963,4
947,88,4
947,927,4
947,946,4
947,992,4
947,998,4
948,672,4
948,926,4
948,937,4
948,949,4
948,995,4
949,657,4
949,706,4
949,948,4
949,984,4
949,989,4
950,387,4
950,839,4
950,984,4
950,989,4
950,998,4
951,518,4
951,680,4
951,817,4
951,868,4
951,977,4
952,543,4
952,855,4
952,943,4
952,953,4
952,970,4
953,53,4
953,753,4
953,925,4
953,952,4
953,966,4
954,127,4
954,779,4
954,898,4
954,920,4
954,995,4
955,694,4
955,854,4
955,956,4
955,976,4
955,987,4
956,755,4
956,857,4
956,920,4
956,955,4
956,995,4
957,725,4
957,730,4
957,789,4
957,924,4
957,958,4
958,675,4
958,703,4
958,862,4
958,914,4
958,957,4
959,21,4
959,722,4
959,940,4
959,960,4
959,961,4
960,854,4
960,910,4
960,959,4
960,976,4
960,987,4
961,658,4
961,826,4
961,940,4
961,959,4
961,962,4
962,305,4
962,740,4
962,946,4
962,961,4
962,963,4
963,802,4
963,934,4
963,941,4
963,946,4
963,962,4
964,366,4
964,905,4
964,907,4
964,918,4
964,919,4
964,979,4
965,308,4
965,388,4
965,929,4
965,939,4
965,944,4
965,966,4
966,335,4
966,887,4
966,919,4
966,933,4
966,953,4
966,965,4
967,651,4
967,684,4
967,719,4
967,876,4
967,968,4
967,990,4
968,670,4
968,688,4
968,794,4
968,803,4
968,928,4
968,967,4
969,160,4
969,343,4
969,420,4
969,483,4
969,602,4
969,660,4
970,47,4
970,788,4
970,870,4
970,871,4
970,952,4
970,988,4
971,476,4
971,577,4
971,873,4
971,972,4
971,973,4
971,977,4
972,720,4
972,727,4
972,875,4
972,927,4
972,971,4
972,998,4
973,811,4
973,891,4
973,922,4
973,971,4
973,974,4
973,977,4
974,485,4
974,792,4
974,843,4
974,909,4
974,935,4
974,973,4
975,300,4
975,894,4
975,900,4
975,903,4
975,917,4
975,976,4
976,872,4
976,931,4
976,938,4
976,955,4
976,960,4
976,975,4
976,987,4
977,304,4
977,873,4
977,903,4
977,951,4
977,971,4
977,973,4
977,997,4
978,539,4
978,872,4
978,877,4
978,910,4
978,931,4
978,987,4
978,997,4
979,234,4
979,268,4
979,358,4
979,397,4
979,936,4
979,964,4
979,980,4
980,629,4
980,673,4
980,876,4
980,979,4
980,981,4
980,982,4
980,990,4
981,466,4
981,642,4
981,912,4
981,929,4
981,980,4
981,982,4
981,999,4
982,193,4
982,444,4
982,606,4
982,980,4
982,981,4
982,984,4
982,990,4
983,261,4
983,382,4
983,441,4
983,738,4
983,741,4
983,862,4
983,864,4
983,914,4
984,622,4
984,706,4
984,734,4
984,949,4
984,950,4
984,982,4
984,986,4
984,989,4
985,443,4
985,521,4
985,560,4
985,561,4
985,603,4
985,686,4
985,769,4
985,988,4
986,581,4
986,677,4
986,705,4
986,794,4
986,803,4
986,828,4
986,984,4
986,987,4
987,45,4
987,507,4
987,955,4
987,960,4
987,976,4
987,978,4
987,986,4
987,990,4
988,423,4
988,815,4
988,861,4
988,865,4
988,904,4
988,943,4
988,970,4
988,985,4
989,137,4
989,152,4
989,734,4
989,906,4
989,949,4
989,950,4
989,984,4
989,991,4
990,200,4
990,286,4
990,673,4
990,823,4
990,967,4
990,980,4
990,982,4
990,987,4
990,992,4
991,713,4
991,805,4
991,833,4
991,838,4
991,888,4
991,901,4
991,932,4
991,989,4
991,993,4
992,640,4
992,691,4
992,700,4
992,727,4
992,875,4
992,879,4
992,927,4
992,947,4
992,990,4
992,993,4
993,181,4
993,774,4
993,777,4
993,812,4
993,814,4
993,832,4
993,901,4
993,991,4
993,992,4
993,994,4
994,689,4
994,695,4
994,712,4
994,785,4
994,863,4
994,883,4
994,895,4
994,913,4
994,993,4
994,998,4
995,1,4
995,385,4
995,898,4
995,921,4
995,926,4
995,937,4
995,948,4
995,954,4
995,956,4
995,998,4
996,512,4
996,527,4
996,551,4
996,593,4
996,671,4
996,698,4
996,729,4
996,747,4
996,776,4
996,832,4
996,915,4
996,916,4
997,125,4
997,132,4
997,222,4
997,245,4
997,337,4
997,431,4
997,451,4
997,459,4
997,540,4
997,754,4
997,836,4
997,977,4
997,978,4
998,431,4
998,612,4
998,640,4
998,754,4
998,770,4
998,822,4
998,880,4
998,908,4
998,947,4
998,950,4
998,972,4
998,994,4
998,995,4
999,10,4
999,666,4
999,682,4
999,692,4
999,710,4
999,715,4
999,767,4
999,791,4
999,800,4
999,837,4
999,893,4
999,939,4
999,981,4
1000,112,4
1000,261,4
1000,295,4
1000,346,4
1000,348,4
1000,378,4
1000,382,4
1000,418,4
1000,468,4
1000,573,4
1000,703,4
1000,715,4
1000,718,4
1000,864,4
1000,930,4
1,62,5
1,996,5
2,6,5
3,18,5
3,209,5
4,50,5
4,117,5
5,311,5
5,318,5
6,2,5
6,46,5
7,13,5
7,126,5
8,11,5
8,20,5
9,144,5
9,291,5
10,19,5
10,366,5
10,1000,5
11,8,5
11,45,5
12,14,5
12,15,5
13,7,5
13,162,5
14,12,5
14,36,5
15,12,5
15,36,5
16,76,5
16,152,5
17,29,5
17,108,5
18,3,5
18,193,5
19,10,5
19,21,5
20,8,5
20,439,5
21,19,5
21,69,5
22,23,5
22,81,5
23,22,5
23,33,5
24,210,5
24,221,5
25,75,5
25,101,5
26,130,5
26,779,5
27,28,5
27,135,5
28,27,5
28,195,5
29,17,5
29,179,5
30,33,5
30,42,5
31,438,5
31,506,5
32,80,5
32,254,5
33,23,5
33,30,5
34,94,5
34,160,5
35,39,5
35,970,5
36,14,5
36,15,5
37,49,5
37,138,5
38,68,5
38,188,5
39,35,5
39,970,5
40,134,5
40,625,5
41,42,5
41,56,5
42,30,5
42,41,5
43,98,5
43,672,5
44,128,5
44,155,5
45,11,5
45,46,5
46,6,5
46,45,5
47,49,5
47,134,5
48,821,5
48,843,5
49,37,5
49,47,5
50,4,5
50,171,5
51,179,5
51,393,5
52,215,5
52,412,5
53,87,5
53,708,5
54,56,5
54,170,5
55,74,5
55,514,5
56,41,5
56,54,5
57,421,5
57,525,5
58,122,5
58,255,5
59,72,5
59,161,5
60,564,5
60,565,5
61,98,5
61,115,5
62,1,5
62,63,5
63,62,5
63,67,5
64,66,5
64,991,5
65,66,5
65,157,5
66,64,5
66,65,5
67,63,5
67,69,5
68,38,5
68,302,5
69,21,5
69,67,5
70,99,5
70,143,5
71,93,5
71,944,5
72,59,5
72,124,5
73,82,5
73,356,5
74,55,5
74,99,5
75,25,5
75,88,5
76,16,5
76,152,5
77,131,5
77,738,5
78,188,5
78,377,5
79,81,5
79,120,5
80,32,5
80,176,5
81,22,5
81,79,5
82,73,5
82,83,5
83,82,5
83,151,5
84,96,5
84,109,5
85,86,5
85,106,5
86,85,5
86,208,5
87,53,5
87,708,5
88,75,5
88,103,5
89,91,5
89,964,5
90,419,5
90,847,5
91,89,5
91,324,5
92,93,5
92,127,5
93,71,5
93,92,5
94,34,5
94,231,5
95,103,5
95,116,5
96,84,5
96,109,5
97,102,5
97,212,5
98,43,5
98,61,5
99,70,5
99,74,5
100,131,5
100,361,5
101,25,5
101,125,5
102,97,5
102,832,5
103,88,5
103,95,5
104,169,5
104,192,5
105,107,5
105,163,5
106,85,5
106,608,5
107,105,5
107,163,5
108,17,5
108,252,5
109,84,5
109,96,5
110,241,5
110,262,5
111,112,5
111,150,5
112,111,5
112,1000,5
113,268,5
113,859,5
114,459,5
114,998,5
115,61,5
115,169,5
116,95,5
116,125,5
117,4,5
117,231,5
118,586,5
118,950,5
119,138,5
119,182,5
120,79,5
120,398,5
121,668,5
121,697,5
122,58,5
122,124,5
123,127,5
123,200,5
124,72,5
124,122,5
125,101,5
125,116,5
126,7,5
126,162,5
127,92,5
127,123,5
128,44,5
128,174,5
129,688,5
129,705,5
130,26,5
130,731,5
131,77,5
131,100,5
132,700,5
132,972,5
133,135,5
133,211,5
134,40,5
134,47,5
135,27,5
135,133,5
136,244,5
136,387,5
137,156,5
137,244,5
138,37,5
138,119,5
139,433,5
139,940,5
140,141,5
140,246,5
141,140,5
141,181,5
142,314,5
142,829,5
143,70,5
143,175,5
144,9,5
144,164,5
145,333,5
145,812,5
146,292,5
146,297,5
147,153,5
147,397,5
148,158,5
148,183,5
149,656,5
149,984,5
150,111,5
150,154,5
151,83,5
151,157,5
152,16,5
152,76,5
153,147,5
153,234,5
154,150,5
154,775,5
155,44,5
155,174,5
156,137,5
156,248,5
157,65,5
157,151,5
158,148,5
158,183,5
159,167,5
159,283,5
160,34,5
160,171,5
161,59,5
161,185,5
162,13,5
162,126,5
163,105,5
163,107,5
164,144,5
164,168,5
165,251,5
165,581,5
166,630,5
166,994,5
167,159,5
167,191,5
168,164,5
168,328,5
169,104,5
169,115,5
170,54,5
170,176,5
171,50,5
171,160,5
172,175,5
172,398,5
173,426,5
173,976,5
174,128,5
174,155,5
175,143,5
175,172,5
176,80,5
176,170,5
177,252,5
177,308,5
178,181,5
178,796,5
179,29,5
179,51,5
180,723,5
180,786,5
181,141,5
181,178,5
182,119,5
182,214,5
183,148,5
183,158,5
184,879,5
184,992,5
185,161,5
185,315,5
186,189,5
186,561,5
187,920,5
187,926,5
188,38,5
188,78,5
189,186,5
189,341,5
190,236,5
190,321,5
191,167,5
191,195,5
192,104,5
192,292,5
193,18,5
193,289,5
194,874,5
194,898,5
195,28,5
195,191,5
196,967,5
196,980,5
197,200,5
197,204,5
198,265,5
198,305,5
199,507,5
199,847,5
200,123,5
200,197,5
201,214,5
201,352,5
202,290,5
202,518,5
203,204,5
203,240,5
204,197,5
204,203,5
205,248,5
205,303,5
206,380,5
206,383,5
207,208,5
207,345,5
208,86,5
208,207,5
209,3,5
209,289,5
210,24,5
210,221,5
211,133,5
211,217,5
212,97,5
212,218,5
213,216,5
213,227,5
214,182,5
214,201,5
215,52,5
215,284,5
216,213,5
216,227,5
217,211,5
217,218,5
218,212,5
218,217,5
219,223,5
219,870,5
220,290,5
220,332,5
221,24,5
221,210,5
222,451,5
222,998,5
223,219,5
223,437,5
224,225,5
224,258,5
225,224,5
225,263,5
226,228,5
226,281,5
227,213,5
227,216,5
228,226,5
228,249,5
229,240,5
229,462,5
230,494,5
230,890,5
231,94,5
231,117,5
232,233,5
232,235,5
233,232,5
233,663,5
234,153,5
234,936,5
235,232,5
235,296,5
236,190,5
236,362,5
237,247,5
237,912,5
238,533,5
238,635,5
239,529,5
239,535,5
240,203,5
240,229,5
241,110,5
241,807,5
242,247,5
242,747,5
243,259,5
243,447,5
244,136,5
244,137,5
245,337,5
245,998,5
246,140,5
246,880,5
247,237,5
247,242,5
248,156,5
248,205,5
249,228,5
249,256,5
250,442,5
250,807,5
251,165,5
251,670,5
252,108,5
252,177,5
253,355,5
253,401,5
254,32,5
254,279,5
255,58,5
255,284,5
256,249,5
256,276,5
257,258,5
257,274,5
258,224,5
258,257,5
259,243,5
259,647,5
260,263,5
260,285,5
261,983,5
261,1000,5
262,110,5
262,678,5
263,225,5
263,260,5
264,266,5
264,313,5
265,198,5
265,305,5
266,264,5
266,320,5
267,296,5
267,357,5
268,113,5
268,936,5
269,401,5
269,405,5
270,942,5
270,986,5
271,275,5
271,307,5
272,636,5
272,964,5
273,483,5
273,521,5
274,257,5
274,901,5
275,271,5
275,404,5
276,256,5
276,277,5
277,276,5
277,761,5
278,392,5
278,423,5
279,254,5
279,478,5
280,281,5
280,631,5
281,226,5
281,280,5
282,968,5
282,986,5
283,159,5
283,287,5
284,215,5
284,255,5
285,260,5
285,288,5
286,309,5
286,990,5
287,283,5
287,288,5
288,285,5
288,287,5
289,193,5
289,209,5
290,202,5
290,220,5
291,9,5
291,328,5
292,146,5
292,192,5
293,294,5
293,463,5
294,293,5
294,394,5
295,441,5
295,983,5
296,235,5
296,267,5
297,146,5
297,385,5
298,687,5
298,723,5
299,805,5
299,991,5
300,379,5
300,583,5
301,306,5
301,416,5
302,68,5
302,336,5
303,205,5
303,354,5
304,323,5
304,368,5
305,198,5
305,265,5
306,301,5
306,329,5
307,271,5
307,309,5
308,177,5
308,322,5
309,286,5
309,307,5
310,335,5
310,373,5
311,5,5
311,318,5
312,316,5
312,977,5
313,264,5
313,913,5
314,142,5
314,342,5
315,185,5
315,359,5
316,312,5
316,356,5
317,341,5
317,400,5
318,5,5
318,311,5
319,385,5
319,410,5
320,266,5
320,324,5
321,190,5
321,414,5
322,308,5
322,624,5
323,304,5
323,868,5
324,91,5
324,320,5
325,384,5
325,981,5
326,954,5
326,982,5
327,329,5
327,930,5
328,168,5
328,291,5
329,306,5
329,327,5
330,331,5
330,406,5
331,330,5
331,375,5
332,220,5
332,342,5
333,145,5
333,776,5
334,655,5
334,956,5
335,310,5
335,373,5
336,302,5
336,789,5
337,245,5
337,998,5
338,794,5
338,986,5
339,841,5
339,985,5
340,403,5
340,894,5
341,189,5
341,317,5
342,314,5
342,332,5
343,344,5
343,367,5
344,343,5
344,364,5
345,207,5
345,346,5
346,345,5
346,1000,5
347,349,5
347,467,5
348,983,5
349,347,5
349,823,5
350,453,5
350,461,5
351,353,5
351,481,5
352,201,5
352,423,5
353,351,5
353,488,5
354,303,5
354,759,5
355,253,5
355,399,5
356,73,5
356,316,5
357,267,5
357,372,5
358,544,5
358,979,5
359,315,5
359,945,5
360,364,5
360,388,5
361,100,5
361,383,5
362,236,5
362,414,5
363,583,5
363,639,5
364,344,5
364,360,5
365,677,5
365,986,5
366,10,5
366,378,5
367,343,5
367,369,5
368,304,5
368,372,5
369,367,5
369,485,5
370,461,5
370,520,5
371,585,5
371,734,5
372,357,5
372,368,5
373,310,5
373,335,5
374,473,5
374,585,5
375,331,5
375,381,5
376,465,5
376,489,5
377,78,5
377,389,5
378,366,5
378,964,5
378,983,5
379,300,5
379,534,5
380,206,5
380,407,5
381,375,5
381,395,5
382,703,5
382,958,5
383,206,5
383,361,5
384,325,5
384,388,5
385,297,5
385,319,5
386,707,5
386,924,5
387,136,5
387,502,5
388,360,5
388,384,5
389,377,5
389,637,5
390,391,5
390,622,5
391,390,5
391,440,5
392,278,5
392,394,5
393,51,5
393,399,5
394,294,5
394,392,5
395,381,5
395,396,5
396,395,5
396,409,5
397,147,5
397,930,5
398,120,5
398,172,5
399,355,5
399,393,5
400,317,5
400,403,5
401,253,5
401,269,5
402,428,5
402,434,5
403,340,5
403,400,5
404,275,5
404,881,5
405,269,5
405,495,5
406,330,5
406,710,5
407,380,5
407,935,5
408,448,5
408,799,5
409,396,5
409,411,5
410,319,5
410,472,5
411,409,5
411,594,5
412,52,5
412,415,5
413,417,5
413,430,5
414,321,5
414,362,5
415,412,5
415,777,5
416,301,5
416,486,5
417,413,5
417,957,5
418,422,5
418,1000,5
419,90,5
419,987,5
420,660,5
420,985,5
421,57,5
421,465,5
422,418,5
422,539,5
423,278,5
423,352,5
424,448,5
424,474,5
425,608,5
425,963,5
426,173,5
426,938,5
427,430,5
427,882,5
428,402,5
428,434,5
429,785,5
429,981,5
430,413,5
430,427,5
431,516,5
431,998,5
432,543,5
432,547,5
433,139,5
433,435,5
434,402,5
434,428,5
435,433,5
435,996,5
436,437,5
436,487,5
437,223,5
437,436,5
438,31,5
438,486,5
439,20,5
439,744,5
440,391,5
440,445,5
441,295,5
441,958,5
442,250,5
442,678,5
443,649,5
443,985,5
444,629,5
444,980,5
445,440,5
445,446,5
446,445,5
446,450,5
447,243,5
447,940,5
448,408,5
448,424,5
449,498,5
449,499,5
450,446,5
450,470,5
451,222,5
451,998,5
452,455,5
452,504,5
453,350,5
453,500,5
454,481,5
454,606,5
455,452,5
455,477,5
456,619,5
456,644,5
457,598,5
457,940,5
458,462,5
458,464,5
459,114,5
459,997,5
460,472,5
460,479,5
461,350,5
461,370,5
462,229,5
462,458,5
463,293,5
463,464,5
464,458,5
464,463,5
465,376,5
465,421,5
466,495,5
466,508,5
467,347,5
467,469,5
468,524,5
468,1000,5
469,467,5
469,491,5
470,450,5
470,471,5
471,470,5
471,496,5
472,410,5
472,460,5
473,374,5
473,502,5
474,424,5
474,595,5
475,477,5
475,911,5
476,480,5
476,971,5
477,455,5
477,475,5
478,279,5
478,500,5
479,460,5
479,857,5
480,476,5
480,534,5
481,351,5
481,454,5
482,485,5
482,826,5
483,273,5
483,521,5
484,498,5
484,509,5
485,369,5
485,482,5
486,416,5
486,438,5
487,436,5
487,488,5
488,353,5
488,487,5
489,376,5
489,525,5
490,607,5
490,653,5
491,469,5
491,493,5
492,755,5
492,857,5
493,491,5
493,999,5
494,230,5
494,974,5
495,405,5
495,466,5
496,471,5
496,497,5
497,496,5
497,538,5
498,449,5
498,484,5
499,449,5
499,503,5
500,453,5
500,478,5
501,735,5
501,766,5
502,387,5
502,473,5
503,499,5
503,569,5
504,452,5
504,505,5
505,504,5
505,808,5
506,31,5
506,527,5
507,199,5
507,773,5
508,466,5
508,542,5
509,484,5
509,526,5
510,884,5
510,916,5
511,513,5
511,554,5
512,527,5
512,551,5
513,511,5
513,546,5
514,55,5
514,526,5
515,620,5
515,974,5
516,431,5
516,998,5
517,518,5
517,548,5
518,202,5
518,517,5
519,522,5
519,949,5
520,370,5
520,529,5
521,273,5
521,483,5
522,519,5
522,537,5
523,545,5
523,876,5
524,468,5
524,588,5
525,57,5
525,489,5
526,509,5
526,514,5
527,506,5
527,512,5
528,531,5
528,637,5
529,239,5
529,520,5
530,531,5
530,572,5
531,528,5
531,530,5
532,542,5
532,883,5
533,238,5
533,558,5
534,379,5
534,480,5
535,239,5
535,575,5
536,550,5
536,575,5
537,522,5
537,538,5
538,497,5
538,537,5
539,422,5
539,546,5
540,600,5
540,997,5
541,584,5
541,621,5
542,508,5
542,532,5
543,432,5
543,810,5
544,358,5
544,979,5
545,523,5
545,673,5
546,513,5
546,539,5
547,432,5
547,676,5
548,517,5
548,553,5
549,557,5
549,558,5
550,536,5
550,601,5
551,512,5
551,698,5
552,597,5
552,676,5
553,548,5
553,562,5
554,511,5
554,555,5
555,554,5
555,835,5
556,595,5
556,674,5
557,549,5
557,635,5
558,533,5
558,549,5
559,560,5
559,604,5
560,559,5
560,571,5
561,186,5
561,714,5
562,553,5
562,567,5
563,651,5
563,982,5
564,60,5
564,678,5
565,60,5
565,820,5
566,601,5
566,618,5
567,562,5
567,580,5
568,874,5
568,937,5
569,503,5
569,570,5
570,569,5
570,574,5
571,560,5
571,572,5
572,530,5
572,571,5
573,574,5
573,1000,5
574,570,5
574,573,5
575,535,5
575,536,5
576,577,5
576,582,5
577,576,5
577,971,5
578,894,5
578,973,5
579,580,5
579,587,5
580,567,5
580,579,5
581,165,5
581,670,5
582,576,5
582,587,5
583,300,5
583,363,5
584,541,5
584,621,5
585,371,5
585,374,5
586,118,5
586,984,5
587,579,5
587,582,5
588,524,5
588,922,5
589,591,5
589,626,5
590,613,5
590,910,5
591,589,5
591,725,5
592,594,5
592,685,5
593,698,5
593,729,5
594,411,5
594,592,5
595,474,5
595,556,5
596,604,5
596,702,5
597,552,5
597,745,5
598,457,5
598,940,5
599,616,5
599,964,5
600,540,5
600,997,5
601,550,5
601,566,5
602,603,5
602,714,5
603,602,5
603,714,5
604,559,5
604,596,5
605,760,5
605,772,5
606,454,5
606,673,5
607,490,5
607,653,5
608,106,5
608,425,5
609,792,5
609,808,5
610,615,5
610,763,5
611,667,5
611,745,5
612,770,5
612,997,5
613,590,5
613,877,5
614,797,5
614,984,5
615,610,5
615,955,5
616,599,5
616,620,5
617,818,5
617,885,5
618,566,5
618,694,5
619,456,5
619,644,5
620,515,5
620,616,5
621,541,5
621,584,5
622,390,5
622,626,5
623,659,5
623,763,5
624,322,5
624,999,5
625,40,5
625,787,5
626,589,5
626,622,5
627,631,5
627,876,5
628,669,5
628,783,5
629,444,5
629,982,5
630,166,5
630,999,5
631,280,5
631,627,5
632,636,5
632,941,5
633,722,5
633,959,5
634,949,5
634,989,5
635,238,5
635,557,5
636,272,5
636,632,5
637,389,5
637,528,5
638,965,5
638,999,5
639,363,5
639,654,5
640,822,5
640,997,5
641,649,5
641,652,5
642,837,5
642,999,5
643,851,5
643,979,5
644,456,5
644,619,5
645,654,5
645,704,5
646,650,5
646,683,5
647,259,5
647,959,5
648,728,5
648,903,5
649,443,5
649,641,5
650,646,5
650,683,5
651,563,5
651,990,5
652,641,5
652,999,5
653,490,5
653,607,5
654,639,5
654,645,5
655,334,5
655,995,5
656,149,5
656,989,5
657,664,5
657,848,5
658,737,5
658,961,5
659,623,5
659,730,5
660,420,5
660,985,5
661,977,5
661,987,5
662,712,5
662,999,5
663,233,5
663,679,5
664,657,5
664,927,5
665,694,5
665,854,5
666,682,5
666,692,5
667,611,5
667,668,5
667,787,5
668,121,5
668,667,5
668,697,5
669,628,5
669,670,5
669,783,5
670,251,5
670,581,5
670,669,5
671,713,5
671,945,5
671,993,5
672,43,5
672,954,5
672,995,5
673,545,5
673,606,5
673,967,5
674,556,5
674,730,5
674,974,5
675,862,5
675,864,5
675,1000,5
676,547,5
676,552,5
676,677,5
677,365,5
677,676,5
677,986,5
678,262,5
678,442,5
678,564,5
679,663,5
679,682,5
679,844,5
680,817,5
680,868,5
680,903,5
681,771,5
681,861,5
681,943,5
682,666,5
682,679,5
682,692,5
683,646,5
683,650,5
683,684,5
684,683,5
684,719,5
684,990,5
685,592,5
685,688,5
685,996,5
686,769,5
686,902,5
686,969,5
687,298,5
687,786,5
687,798,5
688,129,5
688,685,5
688,942,5
689,791,5
689,895,5
689,939,5
690,733,5
690,748,5
690,756,5
691,727,5
691,875,5
691,947,5
692,666,5
692,682,5
692,693,5
693,692,5
693,764,5
693,766,5
694,618,5
694,665,5
694,697,5
695,912,5
695,913,5
695,999,5
696,815,5
696,865,5
696,904,5
697,121,5
697,668,5
697,694,5
698,551,5
698,593,5
698,699,5
699,698,5
699,702,5
699,718,5
700,132,5
700,972,5
700,997,5
701,702,5
701,856,5
701,858,5
702,596,5
702,699,5
702,701,5
703,382,5
703,840,5
703,862,5
704,645,5
704,705,5
704,709,5
705,129,5
705,704,5
705,882,5
706,734,5
706,906,5
706,950,5
707,386,5
707,709,5
707,924,5
708,53,5
708,87,5
708,751,5
709,704,5
709,707,5
709,726,5
710,406,5
710,715,5
710,863,5
711,715,5
711,721,5
711,724,5
712,662,5
712,800,5
712,883,5
713,671,5
713,901,5
713,993,5
714,561,5
714,602,5
714,603,5
715,710,5
715,711,5
715,863,5
716,743,5
716,772,5
716,988,5
717,788,5
717,810,5
717,988,5
718,699,5
718,721,5
718,809,5
719,684,5
719,724,5
719,990,5
720,880,5
720,908,5
720,992,5
721,711,5
721,718,5
721,780,5
722,633,5
722,959,5
722,961,5
723,180,5
723,298,5
723,740,5
724,711,5
724,719,5
724,850,5
725,591,5
725,726,5
725,957,5
726,709,5
726,725,5
726,780,5
727,691,5
727,875,5
727,947,5
728,648,5
728,817,5
728,873,5
729,593,5
729,735,5
729,774,5
730,659,5
730,674,5
730,789,5
731,130,5
731,779,5
731,898,5
732,821,5
732,889,5
732,909,5
733,690,5
733,792,5
733,935,5
734,371,5
734,706,5
734,950,5
735,501,5
735,729,5
735,795,5
736,738,5
736,793,5
736,995,5
737,658,5
737,959,5
737,961,5
738,77,5
738,736,5
738,843,5
739,764,5
739,813,5
739,852,5
740,723,5
740,897,5
740,934,5
741,744,5
741,839,5
741,989,5
742,892,5
742,902,5
742,969,5
743,716,5
743,861,5
743,988,5
744,439,5
744,741,5
744,957,5
745,597,5
745,611,5
745,746,5
746,745,5
746,795,5
746,909,5
747,242,5
747,749,5
747,774,5
748,690,5
748,765,5
748,813,5
749,747,5
749,809,5
749,831,5
750,758,5
750,784,5
750,957,5
751,708,5
751,761,5
751,925,5
752,860,5
752,878,5
752,960,5
753,899,5
753,905,5
753,919,5
754,880,5
754,992,5
754,997,5
755,492,5
755,921,5
755,995,5
756,690,5
756,765,5
756,852,5
757,804,5
757,881,5
757,934,5
758,750,5
758,856,5
758,962,5
759,354,5
759,760,5
759,989,5
760,605,5
760,759,5
760,788,5
761,277,5
761,751,5
761,887,5
762,773,5
762,877,5
762,923,5
763,610,5
763,623,5
763,924,5
764,693,5
764,739,5
764,765,5
765,748,5
765,756,5
765,764,5
766,501,5
766,693,5
766,767,5
767,766,5
767,994,5
767,999,5
768,769,5
768,781,5
768,820,5
769,686,5
769,768,5
769,969,5
770,612,5
770,997,5
770,998,5
771,681,5
771,815,5
771,970,5
772,605,5
772,716,5
772,988,5
773,507,5
773,762,5
773,931,5
774,729,5
774,747,5
774,918,5
775,154,5
775,847,5
775,910,5
776,333,5
776,886,5
776,943,5
777,415,5
777,778,5
777,812,5
778,777,5
778,983,5
778,1000,5
779,26,5
779,731,5
779,920,5
780,721,5
780,726,5
780,781,5
781,768,5
781,780,5
781,867,5
782,783,5
782,925,5
782,933,5
783,628,5
783,669,5
783,782,5
784,750,5
784,787,5
784,789,5
785,429,5
785,912,5
785,999,5
786,180,5
786,687,5
786,963,5
787,625,5
787,667,5
787,784,5
788,717,5
788,760,5
788,790,5
789,336,5
789,730,5
789,784,5
790,788,5
790,842,5
790,867,5
791,689,5
791,800,5
791,893,5
792,609,5
792,733,5
792,808,5
793,736,5
793,795,5
793,995,5
794,338,5
794,928,5
794,968,5
795,735,5
795,746,5
795,793,5
796,178,5
796,797,5
796,979,5
797,614,5
797,796,5
797,984,5
798,687,5
798,804,5
798,934,5
799,408,5
799,802,5
799,924,5
800,712,5
800,791,5
800,893,5
801,819,5
801,829,5
801,919,5
802,799,5
802,830,5
802,891,5
803,828,5
803,896,5
803,968,5
804,757,5
804,798,5
804,805,5
805,299,5
805,804,5
805,996,5
806,809,5
806,825,5
806,984,5
807,241,5
807,250,5
807,867,5
808,505,5
808,609,5
808,792,5
809,718,5
809,749,5
809,806,5
810,543,5
810,717,5
810,988,5
811,812,5
811,830,5
811,834,5
812,145,5
812,777,5
812,811,5
813,739,5
813,748,5
813,890,5
814,816,5
814,838,5
814,991,5
815,696,5
815,771,5
815,952,5
816,814,5
816,899,5
816,907,5
817,680,5
817,728,5
817,844,5
818,617,5
818,821,5
818,907,5
819,801,5
819,887,5
819,905,5
820,565,5
820,768,5
820,842,5
821,48,5
821,732,5
821,818,5
822,640,5
822,824,5
822,997,5
823,349,5
823,825,5
823,990,5
824,822,5
824,906,5
824,949,5
825,806,5
825,823,5
825,984,5
826,482,5
826,828,5
826,961,5
827,918,5
827,953,5
827,966,5
828,803,5
828,826,5
828,896,5
829,142,5
829,801,5
829,966,5
830,802,5
830,811,5
830,831,5
831,749,5
831,830,5
831,885,5
832,102,5
832,991,5
832,993,5
833,834,5
833,888,5
833,932,5
834,811,5
834,833,5
834,922,5
835,555,5
835,836,5
835,995,5
836,835,5
836,908,5
836,997,5
837,642,5
837,840,5
837,999,5
838,814,5
838,991,5
838,993,5
839,741,5
839,941,5
839,989,5
840,703,5
840,837,5
840,914,5
841,339,5
841,969,5
841,985,5
842,790,5
842,820,5
842,846,5
843,48,5
843,738,5
843,889,5
844,679,5
844,817,5
844,951,5
845,849,5
845,881,5
845,884,5
846,842,5
846,849,5
846,922,5
847,90,5
847,199,5
847,775,5
848,657,5
848,850,5
848,989,5
849,845,5
849,846,5
849,917,5
850,724,5
850,848,5
850,917,5
851,643,5
851,854,5
851,930,5
852,739,5
852,756,5
852,890,5
853,891,5
853,900,5
853,951,5
854,665,5
854,851,5
854,938,5
855,856,5
855,865,5
855,952,5
856,701,5
856,758,5
856,855,5
857,479,5
857,492,5
857,995,5
858,701,5
858,859,5
858,946,5
859,113,5
859,858,5
859,911,5
860,752,5
860,872,5
860,931,5
861,681,5
861,743,5
861,970,5
862,675,5
862,703,5
862,863,5
862,914,5
863,710,5
863,715,5
863,862,5
863,999,5
864,675,5
864,865,5
864,958,5
864,1000,5
865,696,5
865,855,5
865,864,5
865,970,5
866,881,5
866,884,5
866,897,5
866,946,5
867,781,5
867,790,5
867,807,5
867,988,5
868,323,5
868,680,5
868,869,5
868,973,5
869,868,5
869,915,5
869,944,5
869,994,5
870,219,5
870,871,5
870,969,5
870,985,5
871,870,5
871,923,5
871,955,5
871,987,5
872,860,5
872,931,5
872,960,5
872,976,5
873,728,5
873,900,5
873,971,5
873,975,5
874,194,5
874,568,5
874,876,5
874,948,5
875,691,5
875,727,5
875,879,5
875,927,5
876,523,5
876,627,5
876,874,5
876,982,5
877,613,5
877,762,5
877,976,5
877,978,5
878,752,5
878,879,5
878,960,5
878,976,5
879,184,5
879,875,5
879,878,5
879,927,5
880,246,5
880,720,5
880,754,5
880,992,5
881,404,5
881,757,5
881,845,5
881,866,5
882,427,5
882,705,5
882,883,5
882,928,5
883,532,5
883,712,5
883,882,5
883,893,5
884,510,5
884,845,5
884,866,5
884,886,5
885,617,5
885,831,5
885,888,5
885,966,5
886,776,5
886,884,5
886,991,5
886,996,5
887,761,5
887,819,5
887,899,5
887,905,5
888,833,5
888,885,5
888,991,5
888,996,5
889,732,5
889,843,5
889,935,5
889,974,5
890,230,5
890,813,5
890,852,5
890,891,5
891,802,5
891,853,5
891,890,5
891,977,5
892,742,5
892,893,5
892,902,5
892,985,5
893,791,5
893,800,5
893,883,5
893,892,5
894,340,5
894,578,5
894,951,5
894,977,5
895,689,5
895,896,5
895,929,5
895,939,5
896,803,5
896,828,5
896,895,5
896,928,5
897,740,5
897,866,5
897,898,5
897,916,5
898,194,5
898,731,5
898,897,5
898,948,5
899,753,5
899,816,5
899,887,5
899,900,5
900,853,5
900,873,5
900,899,5
900,977,5
901,274,5
901,713,5
901,932,5
901,996,5
902,686,5
902,742,5
902,892,5
902,904,5
903,648,5
903,680,5
903,973,5
903,975,5
904,696,5
904,902,5
904,943,5
904,952,5
905,753,5
905,819,5
905,887,5
905,906,5
906,706,5
906,824,5
906,905,5
906,950,5
907,816,5
907,818,5
907,908,5
907,966,5
908,720,5
908,836,5
908,907,5
908,992,5
909,732,5
909,746,5
909,910,5
909,974,5
910,590,5
910,775,5
910,909,5
910,978,5
911,475,5
911,859,5
911,930,5
911,936,5
912,237,5
912,695,5
912,785,5
912,994,5
913,313,5
913,695,5
913,944,5
913,994,5
914,840,5
914,862,5
914,915,5
914,1000,5
915,869,5
915,914,5
915,965,5
915,981,5
916,510,5
916,897,5
916,917,5
916,941,5
917,849,5
917,850,5
917,916,5
917,977,5
918,774,5
918,827,5
918,933,5
918,953,5
919,753,5
919,801,5
919,925,5
919,933,5
920,187,5
920,779,5
920,948,5
920,995,5
921,755,5
921,926,5
921,937,5
921,942,5
922,588,5
922,834,5
922,846,5
922,977,5
923,762,5
923,871,5
923,924,5
923,976,5
924,386,5
924,707,5
924,763,5
924,799,5
924,923,5
925,751,5
925,782,5
925,919,5
925,926,5
925,966,5
926,187,5
926,921,5
926,925,5
926,937,5
926,954,5
927,664,5
927,875,5
927,879,5
927,928,5
927,947,5
928,794,5
928,882,5
928,896,5
928,927,5
928,968,5
929,895,5
929,930,5
929,939,5
929,965,5
929,981,5
930,327,5
930,397,5
930,851,5
930,911,5
930,929,5
931,773,5
931,860,5
931,872,5
931,932,5
931,987,5
932,833,5
932,901,5
932,931,5
932,993,5
932,996,5
933,782,5
933,918,5
933,919,5
933,934,5
933,953,5
934,740,5
934,757,5
934,798,5
934,933,5
934,941,5
935,407,5
935,733,5
935,889,5
935,936,5
935,974,5
936,234,5
936,268,5
936,911,5
936,935,5
936,979,5
937,568,5
937,921,5
937,926,5
937,938,5
937,956,5
938,426,5
938,854,5
938,937,5
938,978,5
938,987,5
939,689,5
939,895,5
939,929,5
939,940,5
939,994,5
940,139,5
940,447,5
940,457,5
940,598,5
940,939,5
941,632,5
941,839,5
941,916,5
941,934,5
941,962,5
942,270,5
942,688,5
942,921,5
942,968,5
942,986,5
943,681,5
943,776,5
943,904,5
943,970,5
943,988,5
944,71,5
944,869,5
944,913,5
944,981,5
944,994,5
945,359,5
945,671,5
945,947,5
945,993,5
945,996,5
946,858,5
946,866,5
946,962,5
946,963,5
946,989,5
947,691,5
947,727,5
947,927,5
947,945,5
947,992,5
948,874,5
948,898,5
948,920,5
948,949,5
948,956,5
949,519,5
949,634,5
949,824,5
949,948,5
949,989,5
950,118,5
950,706,5
950,734,5
950,906,5
950,951,5
951,844,5
951,853,5
951,894,5
951,950,5
951,975,5
952,815,5
952,855,5
952,904,5
952,953,5
952,988,5
953,827,5
953,918,5
953,933,5
953,952,5
953,964,5
954,326,5
954,672,5
954,926,5
954,955,5
954,956,5
955,615,5
955,871,5
955,954,5
955,978,5
955,987,5
956,334,5
956,937,5
956,948,5
956,954,5
956,957,5
957,417,5
957,725,5
957,744,5
957,750,5
957,956,5
958,382,5
958,441,5
958,864,5
958,959,5
958,1000,5
959,633,5
959,647,5
959,722,5
959,737,5
959,958,5
960,752,5
960,872,5
960,878,5
960,962,5
960,978,5
961,658,5
961,722,5
961,737,5
961,826,5
961,963,5
962,758,5
962,941,5
962,946,5
962,960,5
962,963,5
963,425,5
963,786,5
963,946,5
963,961,5
963,962,5
964,89,5
964,272,5
964,378,5
964,599,5
964,953,5
964,979,5
965,638,5
965,915,5
965,929,5
965,966,5
965,981,5
965,994,5
966,827,5
966,829,5
966,885,5
966,907,5
966,925,5
966,965,5
967,196,5
967,673,5
967,968,5
967,980,5
967,982,5
967,990,5
968,282,5
968,794,5
968,803,5
968,928,5
968,942,5
968,967,5
969,686,5
969,742,5
969,769,5
969,841,5
969,870,5
969,971,5
970,35,5
970,39,5
970,771,5
970,861,5
970,865,5
970,943,5
971,476,5
971,577,5
971,873,5
971,969,5
971,973,5
971,975,5
972,132,5
972,700,5
972,973,5
972,992,5
972,997,5
972,998,5
973,578,5
973,868,5
973,903,5
973,971,5
973,972,5
973,975,5
974,494,5
974,515,5
974,674,5
974,889,5
974,909,5
974,935,5
975,873,5
975,903,5
975,951,5
975,971,5
975,973,5
975,976,5
976,173,5
976,872,5
976,877,5
976,878,5
976,923,5
976,975,5
976,978,5
977,312,5
977,661,5
977,891,5
977,894,5
977,900,5
977,917,5
977,922,5
978,877,5
978,910,5
978,938,5
978,955,5
978,960,5
978,976,5
978,985,5
979,358,5
979,544,5
979,643,5
979,796,5
979,936,5
979,964,5
979,980,5
980,196,5
980,444,5
980,967,5
980,979,5
980,982,5
980,983,5
980,990,5
981,325,5
981,429,5
981,915,5
981,929,5
981,944,5
981,965,5
981,982,5
982,326,5
982,563,5
982,629,5
982,876,5
982,967,5
982,980,5
982,981,5
983,261,5
983,295,5
983,348,5
983,378,5
983,778,5
983,980,5
983,984,5
983,1000,5
984,149,5
984,586,5
984,614,5
984,797,5
984,806,5
984,825,5
984,983,5
984,986,5
985,339,5
985,420,5
985,443,5
985,660,5
985,841,5
985,870,5
985,892,5
985,978,5
986,270,5
986,282,5
986,338,5
986,365,5
986,677,5
986,942,5
986,984,5
986,987,5
987,419,5
987,661,5
987,871,5
987,931,5
987,938,5
987,955,5
987,986,5
987,990,5
988,716,5
988,717,5
988,743,5
988,772,5
988,810,5
988,867,5
988,943,5
988,952,5
989,634,5
989,656,5
989,741,5
989,759,5
989,839,5
989,848,5
989,946,5
989,949,5
990,286,5
990,651,5
990,684,5
990,719,5
990,823,5
990,967,5
990,980,5
990,987,5
990,992,5
991,64,5
991,299,5
991,814,5
991,832,5
991,838,5
991,886,5
991,888,5
991,993,5
991,996,5
992,184,5
992,720,5
992,754,5
992,880,5
992,908,5
992,947,5
992,972,5
992,990,5
992,993,5
992,998,5
993,671,5
993,713,5
993,832,5
993,838,5
993,932,5
993,945,5
993,991,5
993,992,5
993,994,5
993,996,5
994,166,5
994,767,5
994,869,5
994,912,5
994,913,5
994,939,5
994,944,5
994,965,5
994,993,5
994,995,5
995,655,5
995,672,5
995,736,5
995,755,5
995,793,5
995,835,5
995,857,5
995,920,5
995,994,5
995,997,5
996,1,5
996,435,5
996,685,5
996,805,5
996,886,5
996,888,5
996,901,5
996,932,5
996,945,5
996,991,5
996,993,5
996,997,5
997,459,5
997,540,5
997,600,5
997,612,5
997,640,5
997,700,5
997,754,5
997,770,5
997,822,5
997,836,5
997,972,5
997,995,5
997,996,5
998,114,5
998,222,5
998,245,5
998,337,5
998,431,5
998,451,5
998,516,5
998,770,5
998,972,5
998,992,5
998,999,5
998,1000,5
999,493,5
999,624,5
999,630,5
999,638,5
999,642,5
999,652,5
999,662,5
999,695,5
999,767,5
999,785,5
999,837,5
999,863,5
999,998,5
999,1000,5
1000,10,5
1000,112,5
1000,261,5
1000,346,5
1000,418,5
1000,468,5
1000,573,5
1000,675,5
1000,778,5
1000,864,5
1000,914,5
1000,958,5
1000,983,5
1000,998,5
1000,999,5
